OrderID,OrderDate,CustomerID,ProductID,StoreID,Quantity,UnitPrice,Discount,PaymentMethod,OrderStatus
ORD11030,2023-08-26,C0415,P007,ST002,1,2999,0,Mada,Completed
ORD16373,2024-03-02,C0440,P048,ST003,2,89,0.05,Mada,Completed
ORD15324,2023-02-25,C0385,P044,ST001,4,1099,0,Apple Pay,Completed
ORD10628,2023-08-15,C0047,P044,ST003,3,1099,0,Mastercard,Completed
ORD11005,2023-04-09,C0021,P049,ST003,1,399,0,Visa,Returned
ORD10304,21/11/2024,C0259,P011,ST003,2,2799,0,Mada,Completed
ORD10004,2024-05-24,C0469,P047,ST003,1,119,0.1,Mada,Completed
ORD11220,2023-01-23,C0362,P004,ST002,2,4599,0,Mastercard,Completed
ORD14697,2023-10-19,C0419,P031,ST003,1,2699,0,Mada,Completed
ORD10111,2023-05-20,C0333,P028,ST003,2,4299,0.15,Cash,Completed
ORD16681,2024-04-17,C0405,P006,ST001,1,3999,0.05,Cash,Completed
ORD11511,2023-04-26,C0070,P042,ST002,1,11499,0.05,Mada,Completed
ORD15527,2023-09-12,C0016,P037,ST002,1,2299,0.05,Cash,Completed
ORD14411,2024-05-17,C0376,P048,ST004,1,89,0,Mastercard,Completed
ORD16066,2024-05-20,C0084,P023,ST003,1,3699,0.2,Apple Pay,Completed
ORD14921,2023-11-14,C0090,P008,ST002,1,8999,0,Mada,Completed
ORD10826,2024-04-12,C0074,P050,ST003,2,599,0,Mastercard,Completed
ORD15605,2024-03-23,C0324,P009,ST003,1,4999,0,Mada,Completed
ORD14002,2024-04-27,C0361,P029,ST002,1,4999,0,Apple Pay,Completed
ORD11360,2024-03-05,C0188,P039,ST003,1,1499,0,Visa,Completed
ORD11067,12/08/2023,C0244,P008,ST001,1,8999,0.05,Mastercard,Completed
ORD14517,2024-07-26,C0466,P023,ST002,2,3699,0,Visa,Completed
ORD15159,2024-03-24,C0243,P030,ST001,1,6499,0.15,Cash,Completed
ORD16533,2024-05-23,C0405,P038,ST001,2,2199,0,Mada,Completed
ORD14466,2024-07-20,C0272,P024,ST002,1,3999,0,Apple Pay,Completed
ORD13867,2023-06-17,C0341,P040,ST001,1,349,0,Cash,Completed
ORD17059,2024-12-03,C0262,P047,ST002,1,119,0,Apple Pay,Completed
ORD15664,2023-04-20,C0098,P027,ST003,1,3499,0,Visa,Completed
ORD13592,2024-08-09,C0411,P038,ST001,1,2199,0,Cash,Completed
ORD16474,2024-03-06,C0027,P050,ST004,1,599,0, Apple Pay  ,Completed
ORD13594,2024-03-04,C0315,P005,ST003,1,1599,0.1,Apple Pay,Completed
ORD13553,2023-11-20,C0446,P045,ST003,1,599,0,Mastercard,Completed
ORD10551,2024-08-22,C0214,P001,ST004,1,5999,0,Mada,Completed
ORD14773,2024-04-04,C0249,P004,ST004,1,4599,0,Bank Transfer,Completed
ORD11407,2023-01-01,C0278,P032,ST002,1,2199,0,Apple Pay,Completed
ORD10597,2024-08-18,C0120,P041,ST003,1,10999,0.1,Mada,Completed
ORD15306,2024-07-29,C0204,P024,ST002,3,3999,0.15,Mastercard,Completed
ORD15269,2024-02-16,C0488,P020,ST002,3,1499,0,Mada,Completed
ORD16749,2023-08-16,C0373,P030,ST001,1,6499,0.05,Mada,Completed
ORD15514,2024-04-10,c0351,P003,ST003,2,3499,0.1,Mada,Completed
ORD11877,2024-06-14,C0295,P047,ST001,1,119,0.05,Apple Pay,Completed
ORD15311,2024-04-20,C0035,P027,ST003,3,3499,0.1,Mastercard,Completed
ORD13731,2024-01-22,C0345,P029,ST004,1,4999,0.05,Visa,Completed
ORD11535,2023-07-02,C0426,P047,ST001,4,119,0,Mastercard,Completed
ORD14385,2024-02-01,C0140,P005,ST001,2,1599,0.1,Visa,Returned
ORD11963,2023-08-18,C0049,P042,ST001,,11499,0.1,Mada,Completed
ORD15142,2023-05-19,C0404,P005,ST002,1,1599,0,Cash,Completed
ORD13603,2024-03-24,C0250,P011,ST001,1,2799,0.05,Mada,Completed
ORD11689,2024-02-29,C0490,P019,ST002,1,2299,0.15,Mada,Completed
ORD16800,2024-04-04,C0069,P010,ST002,1,6999,0.1,Visa,Completed
ORD12325,2024-04-16,C0058,P045,ST002,1,599,0, Apple Pay  ,Completed
ORD13129,2023-07-20,C0061,P045,ST001,1,599,0,Visa,Completed
ORD11366,2023-11-24,C0246,P014,ST003,1,5499,0,Mada,Completed
ORD16068,2024-09-02,C0373,P023,ST002,3,3699,0.1,Visa,Completed
ORD17211,2023-03-08,C0470,P016,ST002,1,3699,0,Mastercard,Completed
ORD15343,2024-03-07,C0260,P012,ST003,1,7299,0,Mada,Completed
ORD14388,2023-06-24,C0145,P036,ST001,1,599,0,Mada,Completed
ORD12434,2024-03-21,C0143,P021,ST001,1,849,0.15,Bank Transfer,Completed
ORD13282,2023-12-18,C0381,P001,ST001,1,5999,0.15,Apple Pay,Completed
ORD15642,2023-05-23,C0427,P011,ST002,1,2799,0,Apple Pay,Completed
ORD13331,2024-08-02,C0347,P044,ST001,1,1099,0,Mada,Returned
ORD11630,2024-10-10,C0269,P019,ST003,1,2299,0.1,Visa,Completed
ORD12687,2024-02-25,C0349,P016,ST003,1,3699,0.05,Apple Pay,Completed
ORD10249,2023-07-25,C0372,P005,ST003,3,1599,0,Apple Pay,Completed
ORD16925,2023-02-24,C0421,P002,ST001,1,4299,0.2,Mada,Completed
ORD16878,2024-03-16,C0221,P027,ST001,1,3499,0.05,Apple Pay,Completed
ORD14093,2024-03-07,C0239,P027,ST004,1,3499,0.1,Visa,Completed
ORD10805,2024-04-24,C0321,P040,ST001,1,349,0.2,Apple Pay,Completed
ORD12121,2023-11-05,C0158,P021,ST001,2,849,0.1,Cash,Completed
ORD15158,2024-04-11,C0245,P040,ST003,1,349,0,Mada,Returned
ORD16467,2024-12-02,C0425,P018,ST001,1,999,0.2,Mada,Completed
ORD13927,2024-06-03,C0126,P027,ST001,3,3499,0,Mada,Completed
ORD16283,2024-01-10,C0167,P014,ST003,1,5499,0.05,Mada,Completed
ORD14069,2023-03-28,C0169,P032,ST003,2,2199,0,Visa,Completed
ORD10324,2023-07-25,C0035,P004,ST002,1,4599,0.15,Mada,Completed
ORD17003,29/03/2024,C0348,P010,ST001,1,6999,0,Visa,Completed
ORD16147,2024-03-01,C0450,P045,ST001,1,599,0,Apple Pay,Completed
ORD12010,2024-03-18,C0071,P001,ST001,1,5999,0, Cash  ,Completed
ORD15835,2023-08-24,C0244,P035,ST001,2,849,0,Mastercard,Completed
ORD12259,2023-09-16,C0335,P047,ST002,1,119,0.15,Mada,Completed
ORD11611,2024-08-09,C0469,P011,ST001,1,2799,0.05,Visa,Completed
ORD10707,2024-03-08,C0247,P049,ST003,1,399,0.15,Visa,Completed
ORD13552,2024-03-07,C0214,P050,ST001,1,599,0,Mada,Completed
ORD14991,2023-08-01,C0023,P046,ST001,1,1199,0.1,Mada,Completed
ORD10582,2024-03-24,C0313,P049,ST004,1,399,0,Apple Pay,Completed
ORD16054,2023-11-09,C0138,P023,ST002,1,3699,0.1,Visa,Completed
ORD14916,2024-10-18,C0397,P033,ST003,1,2699,0, Mastercard  ,Completed
ORD16370,2024-11-18,C0134,P032,ST004,4,2199,0,Apple Pay,Completed
ORD11881,2024-04-14,C0047,P023,ST001,4,3699,0,Mastercard,Completed
ORD10989,2024-03-08,C0276,P037,ST002,1,2299,0.05,Apple Pay,Completed
ORD12457,2023-11-24,C0191,P009,ST004,1,4999,0,Mastercard,Completed
ORD15738,2024-04-01,C0151,P048,ST004,1,89,0.05,Mada,Completed
ORD13652,2024-04-12,C0025,P048,ST001,1,89,0,Cash,Completed
ORD11226,2024-02-18,C0243,P025,ST004,2,2299,0,Mada,Completed
ORD12431,2023-05-09,C0395,P041,ST001,4,10999,0.2,Apple Pay,Completed
ORD12938,2024-08-02,C0359,P034,ST002,1,3299,0.1,Apple Pay,Completed
ORD14460,2023-07-01,C0151,P040,ST001,3,349,0, Mada  ,Completed
ORD12167,2024-04-30,C0438,P006,ST002,3,3999,0,Bank Transfer,Completed
ORD14456,2024-03-19,C0286,P022,ST002,1,1799,0,Visa,Completed
ORD12049,2024-01-23,C0194,P016,ST001,1,3699,0,Mada,Completed
ORD12958,2023-11-08,C0193,P032,ST002,1,2199,0.2,Mada,Completed
ORD10702,2023-01-25,C0465,P022,ST003,1,1799,0,Bank Transfer,Completed
ORD16194,2023-08-21,C0147,P016,ST001,1,3699,0,Apple Pay,Completed
ORD13550,2023-09-29,C0379,P022,ST002,1,1799,0.05,Mada,Completed
ORD17156,2024-04-08,C0310,P029,ST002,1,4999,0,Visa,Returned
ORD16855,2024-08-11,C0446,P032,ST003,1,2199,0.1,Mada,Completed
ORD16459,2023-02-15,C0016,P049,ST001,1,399,0.1,Mada,Completed
ORD10128,2023-06-21,C0350,P009,ST003,1,4999,0,Bank Transfer,Completed
ORD12176,2024-03-15,C0042,P049,ST002,1,399,0,Mada,Completed
ORD16888,2024-04-03,C0199,P049,ST001,1,399,0.1,Bank Transfer,Completed
ORD15072,2024-11-24,c0414,P009,ST004,1,4999,0,Visa,Returned
ORD12551,2024-06-13,C0043,P024,ST002,1,3999,0.15,Apple Pay,Completed
ORD13620,2024-04-03,C0102,P050,ST001,1,599,0.15,Mastercard,Completed
ORD15017,2024-05-19,C0260,P015,ST002,1,2899,0,Visa,Completed
ORD16649,2023-10-21,C0375,P033,ST004,1,2699,0.1,Apple Pay,Completed
ORD13066,2024-10-15,C0392,P002,ST001,1,4299,0,Mastercard,Completed
ORD15918,2023-10-20,C0395,P008,ST002,1,8999,0,Mastercard,Completed
ORD10364,2024-08-14,C0431,P023,ST003,1,3699,0,Bank Transfer,Completed
ORD10928,2023-11-27,C0284,P050,ST001,1,599,0,Mada,Completed
ORD13417,2023-01-19,C0345,P049,ST002,1,399,0,Visa,Returned
ORD15143,2023-11-02,C0085,P041,ST004,1,10999,0,Mada,Completed
ORD11051,2024-07-27,C0383,P013,ST004,1,4299,0,Mada,Cancelled
ORD11010,2023-02-09,C0339,P034,ST004,1,3299,0.1,Mastercard,Completed
ORD10428,2023-08-07,C0388,P022,ST002,1,1799,0,Mastercard,Completed
ORD13612,2023-11-06,C0207,P033,ST002,1,2699,0,Mada,Completed
ORD16280,2024-11-24,C0017,P044,ST001,3,1099,0,Visa,Completed
ORD11716,2023-11-06,C0017,P040,ST001,1,349,0, Mastercard  ,Completed
ORD15693,2024-03-18,C0053,P037,ST001,1,2299,0.05,Mada,Completed
ORD16432,2024-03-15,C0024,P031,ST002,1,2699,0.15,Mada,Completed
ORD12397,2023-06-06,C0231,P010,ST002,1,6999,0,Apple Pay,Completed
ORD10910,2023-04-14,C0403,P045,ST003,1,599,0,Mastercard,Completed
ORD11475,2024-04-02,C0082,P024,ST002,1,3999,0,Mastercard,Completed
ORD16603,2023-10-12,C0093,P025,ST002,1,2299,0,Mada,Completed
ORD10715,2023-04-05,C0042,P026,ST004,1,6799,0.2,Mada,Completed
ORD10916,2023-12-26,C0424,P032,ST001,1,2199,0,Cash,Completed
ORD15698,2024-04-23,C0102,P036,ST004,1,599,0.1,Visa,Completed
ORD10226,2024-01-05,C0053,P003,ST004,1,3499,0.05,Visa,Completed
ORD13554,2024-07-07,C0476,P050,ST001,4,599,0,Mastercard,Completed
ORD12814,2024-04-03,C0170,P012,ST001,3,7299,0.1,Visa,Completed
ORD16122,2024-04-02,C0033,P047,ST001,1,119,0.15,Mada,Completed
ORD13041,2023-11-17,C0479,P013,ST001,2,4299,0.1,Visa,Completed
ORD11861,2023-03-07,C0190,P009,ST004,1,4999,0, Mastercard  ,Completed
ORD14909,2024-11-04,C0170,P010,ST001,1,6999,0.05,Apple Pay,Completed
ORD10544,2024-04-10,C0287,P043,ST004,1,1899,0.15,Mada,Completed
ORD11177,2024-03-09,C0237,P043,ST001,1,1899,0.05,Visa,Completed
ORD10596,2023-02-18,C0233,P029,ST004,1,4999,0.05,Mada,Completed
ORD11209,2024-03-24,C0298,P011,ST003,1,2799,0,Visa,Completed
ORD16939,2023-04-21,C0126,P049,ST001,1,399,0,Mastercard,Completed
ORD16475,2023-04-03,C0199,P038,ST001,1,2199,0,Visa,Completed
ORD14605,2024-03-17,C0357,P017,ST002,3,1899,0,Apple Pay,Completed
ORD13251,2024-12-25,C0202,P025,ST001,2,2299,0, Mada  ,Completed
ORD12030,2024-10-12,C0027,P034,ST002,1,3299,0.1,Mada,Completed
ORD13223,2023-09-08,C0256,P008,ST001,1,8999,0.15,Cash,Completed
ORD11146,2024-11-06,C0193,P016,ST003,1,3699,0.05,Mada,Completed
ORD10565,2024-11-17,C0310,P012,ST001,1,7299,0,Mastercard,Completed
ORD10828,2023-01-27,C0038,P004,ST002,1,4599,0.05,Mastercard,Completed
ORD15742,2023-06-24,C0427,P007,ST002,2,2999,0.1,Mada,Completed
ORD14859,2023-08-18,C0425,P042,ST004,1,11499,0,Mada,Completed
ORD13901,2024-04-24,C0088,P032,ST002,1,2199,0,Mada,Completed
ORD16759,2024-03-10,C0429,P013,ST002,1,4299,0.05,Apple Pay,Completed
ORD11707,2024-03-07,C0369,P040,ST001,1,349,0,Mastercard,Completed
ORD10933,2024-06-14,C0055,P004,ST001,1,4599,0.2,Mada,Completed
ORD11198,2023-10-14,C0342,P017,ST003,1,1899,0,Bank Transfer,Completed
ORD15740,2024-06-30,C0038,P028,ST001,1,4299,0,Mada,Cancelled
ORD13773,2023-04-24,C0479,P028,ST004,1,4299,0.1,Mastercard,Completed
ORD11400,2023-10-13,C0119,P027,ST001,1,3499,0,Mastercard,Completed
ORD13305,2024-03-09,C0223,P039,ST002,1,1499,0.05,Mada,Completed
ORD12750,2024-06-12,C0234,P038,ST002,1,2199,0,Cash,Completed
ORD16264,2024-03-28,C0371,P036,ST003,1,599,0,Mada,Completed
ORD12975,2023-08-25,C0379,P002,ST002,1,4299,0.1,Mastercard,Completed
ORD14253,2024-06-30,C0151,P002,ST001,1,4299,0.05,Mada,Completed
ORD13512,2024-02-27,c0432,P016,ST002,1,3699,0,Cash,Completed
ORD14295,2023-09-12,C0150,P019,ST004,1,2299,0.1,Mada,Completed
ORD15708,2024-03-19,C0040,P045,ST001,3,599,0.05,Mada,Completed
ORD14339,2023-10-03,C0371,P023,ST003,1,3699,0,Apple Pay,Completed
ORD15238,2024-03-22,C0303,P042,ST001,1,11499,0.05,Mada,Completed
ORD13341,2024-04-12,C0493,P016,ST003,1,3699,0,Mada,Completed
ORD10144,2023-01-08,C0145,P024,ST003,1,3999,0,Mada,Completed
ORD10713,2023-09-06,C0358,P024,ST004,1,3999,0.05,Mada,Completed
ORD13973,2024-07-29,C0417,P019,ST002,1,2299,0.1,Apple Pay,Completed
ORD11899,2024-06-28,C0111,P003,ST002,1,3499,0,Visa,Completed
ORD13111,14/04/2024,C0455,P009,ST003,1,4999,0.05, Mastercard  ,Completed
ORD13932,2024-01-02,C0384,P047,ST002,1,119,0,Mastercard,Completed
ORD10375,06/10/2024,C0389,P020,ST002,1,1499,0,Visa,Completed
ORD13010,2023-09-12,C0150,P004,ST003,1,4599,0,Mada,Completed
ORD11742,2024-07-24,C0386,P021,ST001,2,849,0,Mada,Returned
ORD16065,2024-03-06,C0170,P040,ST001,1,349,0.15,Cash,Returned
ORD10458,2024-08-30,C0068,P036,ST002,1,599,0,Mada,Completed
ORD13616,2023-11-19,C0393,P023,ST001,1,3699,0.1,Bank Transfer,Completed
ORD16634,2024-12-07,C0121,P030,ST001,1,6499,0,Mada,Completed
ORD13479,2023-05-30,C0472,P023,ST002,1,3699,0,Mada,Completed
ORD13399,2023-11-04,C0253,P010,ST004,1,6999,0.1,Mada,Completed
ORD11710,2024-05-29,C0273,P050,ST004,1,599,0,Mada,Completed
ORD12180,2023-11-29,C0282,P023,ST001,1,3699,0.05,Mastercard,Completed
ORD12312,2023-05-01,C0323,P035,ST002,2,849,0.1,Mada,Completed
ORD10766,2023-08-20,C0474,P015,ST001,1,2899,0,Visa,Completed
ORD15663,2024-03-27,C0108,P012,ST001,2,7299,0.05,Bank Transfer,Completed
ORD11504,2024-03-12,C0079,P049,ST002,1,399,0.05,Apple Pay,Completed
ORD11705,2023-10-18,C0194,P036,ST003,1,599,0,Cash,Completed
ORD12865,2024-09-04,C0023,P033,ST002,1,2699,0,Apple Pay,Completed
ORD11012,2024-03-17,C0252,P048,ST003,1,89,0,Mada,Completed
ORD13682,2024-03-21,C0378,P025,ST001,1,2299,0, Mastercard  ,Completed
ORD10359,2024-02-29,C0328,P036,ST001,2,599,0,Mada,Completed
ORD12914,2024-03-06,C0232,P027,ST001,1,3499,0.05,Cash,Completed
ORD15349,2024-04-29,C0126,P041,ST001,1,10999,0,Visa,Completed
ORD15770,2023-05-21,C0434,P023,ST002,1,3699,0.05,Mada,Returned
ORD13545,2024-12-02,C0039,P038,ST001,1,2199,0,Bank Transfer,Completed
ORD14384,2023-03-15,C0179,P041,ST001,1,10999,0.1,Visa,Completed
ORD10842,2024-09-15,C0149,P022,ST004,1,1799,0,Apple Pay,Completed
ORD15337,2023-07-30,C0339,P013,ST002,1,4299,0.15,Mada,Completed
ORD11243,2023-07-10,C0293,P005,ST003,1,1599,0,Mada,Completed
ORD10622,2023-03-13,C0144,P008,ST002,2,8999,0.05,Mada,Completed
ORD10109,2023-12-15,C0361,P021,ST004,1,849,0,Cash,Completed
ORD16166,2023-04-04,C0386,P024,ST001,3,3999,0,Mastercard,Completed
ORD15819,2024-12-05,C0135,P025,ST001,1,2299,0.05,Bank Transfer,Cancelled
ORD11591,2023-12-13,C0302,P048,ST003,1,89,0.1,Mastercard,Completed
ORD16421,2024-05-24,C0275,P038,ST002,1,2199,0.05,Mada,Completed
ORD15747,2024-01-27,C0238,P007,ST001,1,2999,0,Mastercard,Completed
ORD15554,2024-03-22,C0130,P028,ST004,1,4299,0.1,Visa,Completed
ORD15734,2024-04-10,C0123,P022,ST001,1,1799,0,Mada,Completed
ORD16990,2024-08-20,C0177,P045,ST003,1,599,0.05, Mada  ,Completed
ORD15669,2024-02-07,C0107,P018,ST002,1,999,0.05,Visa,Completed
ORD15487,2024-03-06,C0050,P023,ST003,2,3699,0,Mada,Completed
ORD13573,2023-07-29,C0340,P047,ST001,2,119,0.15,Mada,Completed
ORD14061,2024-03-18,C0328,P028,ST001,1,4299,0,Apple Pay,Completed
ORD13730,2024-04-09,C0294,P019,ST003,1,2299,0,Mada,Completed
ORD10248,2023-09-02,C0181,P006,ST004,4,3999,0.1,Visa,Completed
ORD11403,2023-05-08,C0478,P024,ST002,1,3999,0,Cash,Completed
ORD15024,2024-05-10,C0412,P050,ST002,1,599,0, Apple Pay  ,Completed
ORD12279,2024-01-22,C0469,P039,ST002,1,1499,0,Cash,Completed
ORD16569,2024-04-26,C0139,P006,ST002,1,3999,0,Bank Transfer,Completed
ORD13674,2023-01-30,C0290,P025,ST001,1,2299,0.1,Apple Pay,Cancelled
ORD16637,2023-04-04,C0189,P039,ST002,1,1499,0,Mada,Completed
ORD14943,2024-05-11,C0213,P018,ST003,1,999,0,Mastercard,Completed
ORD13330,2023-01-01,C0087,P020,ST001,1,1499,0,Mada,Completed
ORD12845,2023-10-07,C0021,P016,ST001,1,3699,0.1, Visa  ,Completed
ORD12034,2023-06-13,C0112,P034,ST002,1,3299,0,Mada,Completed
ORD14628,2023-04-16,C0128,P024,ST002,4,3999,0.1,Apple Pay,Completed
ORD15357,2023-05-31,C0157,P019,ST003,1,2299,0.1,Mastercard,Cancelled
ORD10691,2023-01-15,C0050,P043,ST001,1,1899,0.15,Apple Pay,Completed
ORD15992,2023-09-01,C0291,P001,ST002,1,5999,0.1,Apple Pay,Completed
ORD11900,2024-05-10,C0200,P050,ST003,1,599,0,Mada,Completed
ORD11309,2024-04-05,C0435,P050,ST001,1,599,0,Visa,Completed
ORD15963,2023-12-20,C0251,P006,ST002,1,3999,0.05,Mastercard,Completed
ORD13180,2024-06-07,C0085,P047,ST003,1,119,0,Visa,Completed
ORD16436,2024-10-24,C0134,P013,ST001,1,4299,0,Mada,Completed
ORD15460,2024-08-29,C0196,P043,ST003,4,1899,0,Mada,Completed
ORD15961,2023-01-22,C0094,P001,ST002,1,5999,0,Mada,Completed
ORD14054,2024-07-23,C0164,P009,ST001,1,4999,0,Mada,Completed
ORD13783,2024-09-01,C0032,P005,ST003,1,1599,0.1,Mada,Completed
ORD14736,2024-08-03,C0495,P004,ST003,2,4599,0.1,Mada,Returned
ORD13687,2023-08-03,C0272,P021,ST003,1,849,0,Mastercard,Completed
ORD13604,2024-04-14,C0172,P006,ST001,1,3999,0.15,Mada,Completed
ORD14030,2023-08-07,C0151,P013,ST001,1,4299,0.1,Mada,Completed
ORD12130,2023-02-24,C0305,P004,ST001,4,4599,0,Apple Pay,Completed
ORD13685,2023-11-20,C0343,P027,ST001,1,3499,0.05,Mastercard,Completed
ORD10657,2023-02-17,C0127,P035,ST002,1,849,0,Cash,Completed
ORD11094,2023-04-30,C0407,P020,ST002,1,1499,0,Cash,Completed
ORD14780,2024-03-11,C0313,P048,ST002,1,89,0.05,Mada,Completed
ORD11245,2023-07-01,C0080,P024,ST003,3,3999,0,Mada,Completed
ORD10589,2024-03-22,C0324,P010,ST004,3,6999,0,Cash,Returned
ORD12988,2024-07-03,C0005,P046,ST003,1,1199,0,Mada,Completed
ORD11951,2023-09-24,C0001,P013,ST002,3,4299,0.05,Apple Pay,Completed
ORD11917,2023-08-12,C0299,P035,ST003,1,849,0.1,Mada,Completed
ORD10919,2024-01-04,C0450,P025,ST001,1,2299,0.15,Visa,Completed
ORD14827,2024-08-22,C0205,P019,ST003,1,2299,0,Apple Pay,Completed
ORD14898,2024-10-14,C0028,P040,ST003,1,349,0.05,Cash,Completed
ORD16140,2023-06-22,C0062,P043,ST004,1,1899,0,Mada,Completed
ORD10888,2024-04-23,C0165,P022,ST001,1,1799,0,Mastercard,Completed
ORD14856,2024-04-08,C0292,P039,ST001,2,1499,0,Mastercard,Completed
ORD10071,2023-09-03,C0456,P032,ST001,1,2199,0,Bank Transfer,Returned
ORD15989,2024-06-30,C0024,P019,ST001,1,2299,0,Mada,Completed
ORD16528,2023-10-02,C0056,P028,ST003,1,4299,0.1,Apple Pay,Completed
ORD14902,2023-03-30,C0449,P043,ST002,2,1899,0.2,Apple Pay,Completed
ORD15051,2023-06-12,C0176,P042,ST002,1,11499,0.15,Mada,Completed
ORD10159,2024-01-03,C0068,P026,ST001,,6799,0,Mada,Completed
ORD10647,2024-06-03,C0103,P004,ST002,1,4599,0,Mada,Completed
ORD12043,2023-05-19,C0478,P014,ST003,1,5499,0.15,Cash,Completed
ORD16742,2024-04-03,C0094,P038,ST003,1,2199,0,Cash,Completed
ORD15288,2024-04-15,C0159,P021,ST002,1,849,0,Mada,Completed
ORD16835,2023-12-02,C0372,P016,ST001,1,3699,0.1,Mastercard,Completed
ORD16767,2024-04-04,C0195,P022,ST002,1,1799,0.1, Mada  ,Completed
ORD15350,2023-08-27,C0172,P011,ST001,1,2799,0.05,Mastercard,Completed
ORD16700,2023-06-13,C0408,P044,ST001,,1099,0.15,Mada,Completed
ORD14007,2023-10-16,C0382,P017,ST002,1,1899,0,Mada,Completed
ORD13382,2023-10-20,C0151,P041,ST002,1,10999,0,Visa,Completed
ORD10750,2024-03-13,C0382,P045,ST002,1,599,0,Mastercard,Completed
ORD17103,2023-04-01,C0072,P008,ST002,1,8999,0.15,Mada,Completed
ORD11744,2023-07-21,C0366,P009,ST001,3,4999,0,Mada,Returned
ORD16202,2024-02-08,C0098,P019,ST002,1,2299,0.1,Mada,Completed
ORD13841,2024-01-25,C0110,P024,ST001,2,3999,0.1,Mastercard,Completed
ORD12676,2024-03-24,C0080,P033,ST001,1,2699,0.1, Mastercard  ,Completed
ORD10953,2023-05-24,C0175,P027,ST002,1,3499,0.1,Cash,Completed
ORD15461,2023-07-23,C0212,P047,ST001,1,119,0.05,Cash,Completed
ORD10286,2023-09-12,C0236,P016,ST004,1,3699,0,Mada,Completed
ORD12263,2023-10-31,C0436,P021,ST003,2,849,0,Mada,Completed
ORD14509,2023-07-30,C0270,P034,ST002,1,3299,0,Mada,Returned
ORD16151,2024-05-08,C0149,P032,ST002,1,2199,0.1,Visa,Completed
ORD14371,2023-04-17,C0126,P022,ST002,1,1799,0,Cash,Completed
ORD12187,2023-02-17,C0452,P024,ST003,2,3999,0.15,Mastercard,Completed
ORD12186,2023-01-23,C0492,P043,ST002,1,1899,0,Mada,Completed
ORD14866,2023-07-24,C0032,P027,ST002,1,3499,0, Apple Pay  ,Completed
ORD12652,2024-03-09,C0024,P049,ST001,1,399,0,Visa,Completed
ORD13733,2023-03-19,C0235,P026,ST001,1,6799,0.15,Bank Transfer,Completed
ORD16623,2023-08-17,C0003,P027,ST001,2,3499,0.1,Apple Pay,Returned
ORD16453,2023-12-08,C0116,P013,ST001,2,4299,0,Cash,Completed
ORD10305,2024-09-06,C0433,P021,ST002,1,849,0.2,Cash,Completed
ORD15659,2024-01-06,C0481,P014,ST003,1,5499,0.1,Mada,Completed
ORD15131,2024-03-11,C0264,P035,ST003,2,849,0,Mastercard,Completed
ORD12637,2024-04-19,C0101,P042,ST002,1,11499,0,Mada,Completed
ORD11039,2024-09-11,C0437,P022,ST002,3,1799,0.05,Mada,Completed
ORD11180,2023-09-01,C0097,P037,ST001,1,2299,0.1,Apple Pay,Completed
ORD11522,2024-01-22,C0165,P010,ST001,2,6999,0,Mada,Completed
ORD12690,2024-04-30,C0447,P028,ST002,1,4299,0,Cash,Completed
ORD11832,2024-07-17,C0499,P021,ST003,1,849,0,Cash,Completed
ORD13154,15/01/2023,C0246,P045,ST003,1,599,0,Cash,Completed
ORD15932,12/05/2024,C0176,P014,ST001,1,5499,0,Apple Pay,Completed
ORD10593,2024-02-04,C0110,P009,ST003,1,4999,0,Mastercard,Completed
ORD11052,2024-01-05,C0469,P020,ST001,1,1499,0.15,Apple Pay,Completed
ORD13659,2024-04-12,C0016,P008,ST001,1,8999,0.1,Bank Transfer,Completed
ORD15091,2023-03-19,C0093,P030,ST001,1,6499,0.05,Visa,Completed
ORD16070,2024-06-28,C0259,P046,ST002,1,1199,0.1,Mada,Completed
ORD14051,2023-09-03,C0477,P019,ST002,1,2299,0.1,Bank Transfer,Completed
ORD16998,2023-12-11,C0062,P011,ST002,1,2799,0,Visa,Completed
ORD12677,2023-09-10,C0223,P021,ST003,1,849,0.05,Mada,Completed
ORD12716,2024-04-09,C0309,P049,ST002,2,399,0,Mada,Completed
ORD13468,2023-02-11,C0331,P034,ST004,1,3299,0,Visa,Completed
ORD14954,2024-01-04,C0320,P013,ST004,3,4299,0,Bank Transfer,Returned
ORD14204,2024-03-16,C0148,P036,ST001,2,599,0,Mada,Returned
ORD12088,2024-03-13,C0403,P047,ST002,1,119,0.1,Mada,Completed
ORD10193,2024-01-03,C0381,P044,ST001,1,1099,0.1,Visa,Completed
ORD12904,2023-08-26,C0153,P035,ST004,1,849,0,Apple Pay,Completed
ORD11868,2024-07-24,C0379,P024,ST001,2,3999,0.05,Visa,Completed
ORD12365,2024-03-23,C0303,P011,ST004,1,2799,0,Cash,Returned
ORD12041,2024-04-10,C0219,P021,ST001,1,849,0,Mada,Completed
ORD14150,2024-06-17,C0270,P006,ST001,1,3999,0.15,Bank Transfer,Completed
ORD10028,2023-07-20,C0318,P001,ST001,3,5999,0,Apple Pay,Completed
ORD12099,2023-03-26,C0285,P006,ST002,1,3999,0.05,Mastercard,Completed
ORD12430,2024-07-29,C0066,P029,ST002,1,4999,0.05,Cash,Completed
ORD14645,2023-05-15,C0230,P025,ST003,1,2299,0,Mastercard,Completed
ORD15926,2024-04-30,C0046,P031,ST001,2,2699,0,Apple Pay,Completed
ORD14017,2023-06-20,C0046,P048,ST004,2,89,0,Mastercard,Completed
ORD11382,2024-07-17,C0254,P013,ST001,2,4299,0,Bank Transfer,Completed
ORD12483,2024-07-17,C0200,P039,ST001,1,1499,0,Mada,Completed
ORD16819,2024-06-28,C0264,P035,ST002,1,849,0,Visa,Completed
ORD15476,2024-05-10,C0439,P018,ST002,1,999,0.1,Mada,Completed
ORD16879,2024-12-31,C0334,P005,ST003,2,1599,0,Apple Pay,Completed
ORD14807,2023-08-06,C0367,P017,ST003,2,1899,0,Visa,Returned
ORD13695,2024-11-18,C0454,P032,ST003,1,2199,0,Mastercard,Completed
ORD15041,2024-03-16,C0025,P017,ST003,1,1899,0.1,Cash,Completed
ORD16175,2023-01-16,C0129,P041,ST001,1,10999,0,Cash,Completed
ORD13463,2024-04-28,C0247,P022,ST002,1,1799,0,Apple Pay,Completed
ORD11274,2024-04-25,C0076,P016,ST001,4,3699,0.05,Mada,Completed
ORD10724,2023-09-30,C0350,P022,ST002,1,1799,0,Bank Transfer,Completed
ORD15851,2024-05-15,C0158,P048,ST004,2,89,0.05,Visa,Completed
ORD14435,2024-06-23,C0404,P033,ST002,1,2699,0,Apple Pay,Completed
ORD15767,2023-04-08,C0072,P008,ST003,4,8999,0.1,Visa,Completed
ORD14244,2024-03-27,C0172,P003,ST002,1,3499,0.1,Mada,Completed
ORD13622,2024-07-06,C0021,P032,ST003,1,2199,0,Mada,Completed
ORD11551,2023-02-26,C0419,P025,ST001,1,2299,0.05,Mada,Completed
ORD12682,2024-09-11,C0348,P018,ST003,1,999,0.05,Mastercard,Completed
ORD12936,2023-05-14,C0461,P005,ST001,3,1599,0,Bank Transfer,Completed
ORD17115,2024-05-24,C0359,P029,ST003,1,4999,0,Mada,Completed
ORD17026,2024-04-23,C0214,P040,ST001,1,349,0.05,Mada,Completed
ORD13996,2023-05-23,C0200,P029,ST002,1,4999,0.2,Mada,Completed
ORD14913,2024-12-12,C0249,P024,ST002,2,3999,0,Apple Pay,Completed
ORD11972,2024-02-21,C0050,P040,ST002,1,349,0.05,Visa,Completed
ORD14058,2023-01-31,C0353,P026,ST001,1,6799,0.1, Apple Pay  ,Completed
ORD14606,2023-02-06,C0303,P021,ST002,1,849,0.1, Mada  ,Returned
ORD16764,2024-03-16,C0090,P047,ST001,1,119,0.1,Mada,Returned
ORD11891,2024-11-16,C0077,P050,ST004,1,599,0,Mastercard,Completed
ORD11733,2024-04-06,C0494,P008,ST003,1,8999,0,Visa,Completed
ORD16648,2024-04-04,C0123,P016,ST004,1,3699,0,Mada,Completed
ORD16044,2024-03-13,C0297,P031,ST003,1,2699,0,Mada,Completed
ORD11291,2023-08-22,C0328,P038,ST002,1,2199,0,Visa,Completed
ORD14358,2024-04-07,C0270,P007,ST002,1,2999,0,Mastercard,Returned
ORD10907,2023-02-20,C0091,P028,ST003,1,4299,0,Visa,Completed
ORD14367,2024-07-01,C0264,P036,ST002,2,599,0.15,Visa,Completed
ORD10354,2023-03-11,C0356,P005,ST003,1,1599,0,Mada,Completed
ORD14284,2024-05-21,C0054,P010,ST002,3,6999,0.15,Mastercard,Completed
ORD15456,2024-01-20,C0097,P010,ST002,1,6999,0,Apple Pay,Completed
ORD12446,2024-06-22,C0353,P021,ST002,1,849,0,Mada,Completed
ORD15287,2023-03-04,C0296,P035,ST003,1,849,0.1,Apple Pay,Completed
ORD12842,2024-04-14,C0448,P004,ST003,3,4599,0.1,Mada,Completed
ORD10072,2024-04-12,C0395,P012,ST002,2,7299,0.15,Mastercard,Completed
ORD11392,2023-10-06,C0165,P028,ST003,2,4299,0,Visa,Completed
ORD14654,2023-10-06,C0089,P009,ST003,2,4999,0.1,Cash,Completed
ORD11495,2023-02-16,C0117,P049,ST002,1,399,0,Mastercard,Completed
ORD11907,2023-04-02,C0132,P023,ST001,1,3699,0.2,Mada,Completed
ORD11490,2024-11-05,C0124,P005,ST002,1,1599,0.1,Mada,Completed
ORD14390,2024-03-26,C0031,P023,ST003,1,3699,0.05,Mada,Completed
ORD16119,2024-08-31,C0314,P030,ST003,1,6499,0,Apple Pay,Completed
ORD11544,2024-03-01,C0406,P044,ST003,1,1099,0,Apple Pay,Completed
ORD14791,2024-09-16,C0399,P018,ST002,1,999,0,Visa,Completed
ORD11942,2023-02-21,C0079,P015,ST002,1,2899,0.15,Visa,Completed
ORD17243,2024-03-27,C0225,P012,ST003,1,7299,0,Apple Pay,Completed
ORD15188,2024-03-14,C0467,P003,ST003,1,3499,0,Mastercard,Completed
ORD14747,2024-01-16,C0247,P033,ST001,1,2699,0,Cash,Completed
ORD12222,2023-08-17,C0330,P013,ST001,2,4299,0,Mastercard,Completed
ORD16116,2024-01-08,C0048,P034,ST002,1,3299,0,Apple Pay,Completed
ORD15084,2024-04-27,C0264,P049,ST003,1,399,0.05,Cash,Completed
ORD12971,2024-03-23,C0209,P004,ST004,1,4599,0.1,Apple Pay,Completed
ORD12721,2023-09-18,C0361,P012,ST003,3,7299,0,Cash,Cancelled
ORD15329,2023-05-04,C0239,P030,ST002,1,6499,0,Bank Transfer,Returned
ORD13472,2023-09-20,C0383,P028,ST004,1,4299,0,Apple Pay,Completed
ORD13272,2024-12-03,C0015,P023,ST003,1,3699,0.1,Bank Transfer,Completed
ORD12660,2024-03-17,C0049,P041,ST003,1,10999,0,Mastercard,Completed
ORD12528,2024-01-02,C0316,P018,ST001,1,999,0.05,Mastercard,Completed
ORD10317,2023-07-22,C0269,P013,ST003,1,4299,0.2,Mada,Completed
ORD12185,2023-01-01,C0254,P020,ST002,2,1499,0,Cash,Cancelled
ORD16196,2023-08-01,C0011,P045,ST002,2,599,0,Apple Pay,Completed
ORD16920,2023-10-05,C0348,P019,ST003,1,2299,0.05,Cash,Completed
ORD12905,2024-04-12,C0174,P021,ST002,2,849,0,Visa,Completed
ORD10336,2024-09-11,C0071,P012,ST002,2,7299,0,Mada,Completed
ORD10818,2024-04-04,C0092,P006,ST002,2,3999,0.05,Mada,Completed
ORD17225,2023-01-05,C0217,P026,ST003,1,6799,0.05,Visa,Completed
ORD16935,2024-03-18,C0271,P007,ST002,1,2999,0.05,Visa,Completed
ORD12226,2024-03-14,C0011,P022,ST002,1,1799,0,Apple Pay,Cancelled
ORD10210,2024-01-26,C0383,P031,ST003,1,2699,0,Cash,Completed
ORD14925,2023-04-17,C0448,P013,ST002,1,4299,0,Mastercard,Completed
ORD12423,2023-08-02,C0362,P006,ST001,1,3999,0,Mastercard,Completed
ORD15221,2023-05-25,C0044,P031,ST001,1,2699,0.15,Mastercard,Completed
ORD10864,2023-04-12,C0478,P007,ST003,1,2999,0,Visa,Completed
ORD14721,2023-06-30,C0445,P041,ST001,1,10999,0,Apple Pay,Completed
ORD11622,2024-03-25,C0264,P018,ST002,1,999,0,Apple Pay,Completed
ORD11884,2024-11-25,C0223,P032,ST003,1,2199,0.1,Cash,Completed
ORD12542,2024-11-24,C0002,P024,ST002,1,3999,0,Mastercard,Completed
ORD10763,2023-10-03,C0332,P013,ST003,1,4299,0,Mastercard,Completed
ORD14559,2023-07-04,C0289,P001,ST002,1,5999,0,Mada,Completed
ORD10666,2023-11-06,C0071,P018,ST003,1,999,0.05,Cash,Cancelled
ORD14171,2023-11-03,C0468,P039,ST002,1,1499,0,Mastercard,Completed
ORD11081,2023-02-15,C0078,P022,ST002,1,1799,0,Visa,Completed
ORD14255,2024-01-14,C0226,P023,ST001,1,3699,0,Visa,Completed
ORD14522,2023-12-09,C0449,P029,ST003,1,4999,0,Visa,Completed
ORD13488,2024-05-28,C0151,P022,ST001,1,1799,0.05,Mada,Completed
ORD15496,2023-08-14,C0066,P040,ST003,1,349,0.1,Mada,Completed
ORD14507,2023-11-14,C0156,P028,ST003,3,4299,0,Apple Pay,Completed
ORD13018,2024-07-24,C0314,P006,ST001,1,3999,0,Mastercard,Completed
ORD15994,2023-11-30,C0371,P002,ST003,1,4299,0,Mastercard,Completed
ORD11727,2024-10-28,C0472,P038,ST001,1,2199,0, Visa  ,Completed
ORD11038,2024-01-16,C0315,P019,ST001,1,2299,0,Visa,Returned
ORD10270,2023-12-12,C0083,P026,ST002,2,6799,0,Mada,Completed
ORD12588,2023-09-11,C0199,P049,ST002,1,399,0,Mada,Completed
ORD16667,2023-11-09,C0308,P018,ST002,1,999,0.05,Visa,Completed
ORD11161,2023-07-26,C0396,P018,ST002,1,999,0.15,Mada,Completed
ORD16685,2024-12-05,C0405,P006,ST002,1,3999,0.05,Mastercard,Completed
ORD10575,2023-01-22,C0113,P031,ST003,1,2699,0,Mastercard,Completed
ORD14676,2023-09-04,C0010,P024,ST001,1,3999,0.1,Mada,Completed
ORD13020,2024-07-11,C0237,P005,ST001,1,1599,0,Visa,Completed
ORD14437,2024-04-16,C0147,P043,ST001,1,1899,0,Mada,Completed
ORD15866,2023-01-14,C0098,P049,ST001,3,399,0,Mada,Completed
ORD11781,2024-09-09,C0363,P038,ST001,1,2199,0,Apple Pay,Completed
ORD16690,2023-03-17,C0182,P006,ST002,1,3999,0.1,Visa,Completed
ORD13433,2024-06-22,C0129,P012,ST001,1,7299,0,Mada,Completed
ORD11634,2023-04-19,C0450,P005,ST001,1,1599,0.05,Mada,Completed
ORD13174,2024-11-23,C0046,P034,ST001,1,3299,0,Visa,Completed
ORD16604,2024-04-21,C0151,P034,ST001,3,3299,0.1,Mada,Completed
ORD12315,2023-10-30,C0161,P044,ST003,4,1099,0,Apple Pay,Completed
ORD15840,2024-09-27,C0215,P049,ST003,1,399,0.15,Mada,Completed
ORD11042,2023-12-20,C0219,P018,ST004,1,999,0.15,Mada,Completed
ORD11377,2023-11-10,C0218,P044,ST001,1,1099,0,Mada,Completed
ORD12527,2024-04-03,C0301,P027,ST004,1,3499,0%,Mada,Completed
ORD10789,2024-03-15,C0093,P007,ST003,1,2999,0,Apple Pay,Completed
ORD13014,2024-03-10,C0435,P025,ST001,1,2299,0,Mada,Returned
ORD16242,2023-07-24,C0013,P008,ST002,1,8999,0,Mada,Completed
ORD10710,2024-04-16,C0192,P027,ST002,3,3499,0.2,Mada,Completed
ORD11572,2023-02-11,C0004,P011,ST003,1,2799,0,Visa,Completed
ORD12276,2024-02-22,C0249,P024,ST001,1,3999,0,Apple Pay,Returned
ORD13747,2023-09-03,C0041,P004,ST002,2,4599,0.05,Mastercard,Completed
ORD14521,2023-01-25,C0269,P001,ST003,2,5999,0,Bank Transfer,Completed
ORD13706,2023-08-07,C0053,P043,ST001,3,1899,0,Apple Pay,Completed
ORD14705,2024-06-23,C0206,P028,ST001,1,4299,0,Mastercard,Completed
ORD13043,2024-03-09,C0172,P006,ST001,3,3999,0.1,Visa,Completed
ORD13130,2023-09-26,C0247,P009,ST001,3,4999,0,Mada,Completed
ORD10450,2024-01-28,C0361,P024,ST002,1,3999,0.05,Cash,Completed
ORD11457,2024-03-12,C0278,P007,ST001,2,2999,0,Mastercard,Completed
ORD12886,2023-10-07,C0163,P014,ST002,1,5499,0.05,Apple Pay,Completed
ORD16009,2023-01-10,C0143,P036,ST004,1,599,0.2,Mada,Completed
ORD10088,2024-11-04,C0252,P014,ST001,1,5499,0,Bank Transfer,Returned
ORD14550,2023-03-13,C0378,P011,ST003,3,2799,0.15,Apple Pay,Completed
ORD15465,2023-10-22,C0078,P002,ST003,1,4299,0.15,Mada,Completed
ORD14792,2023-10-03,C0148,P017,ST003,3,1899,0.05,Mada,Completed
ORD10129,2024-04-11,C0283,P005,ST004,1,1599,0,Mada,Completed
ORD11577,2024-04-15,C0483,P019,ST002,1,2299,0,Mada,Completed
ORD16692,2023-06-27,C0300,P024,ST001,1,3999,0,Mada,Completed
ORD15522,2023-08-19,C0333,P023,ST002,1,3699,0,Cash,Returned
ORD16660,2023-07-22,C0166,P025,ST001,2,2299,0,Bank Transfer,Completed
ORD13626,2024-11-13,C0386,P012,ST001,1,7299,0.1,Cash,Completed
ORD14301,2023-07-17,C0216,P049,ST001,1,399,0,Mada,Completed
ORD11747,2024-07-22,C0007,P005,ST003,2,1599,0,Mada,Completed
ORD10020,2023-08-26,C0497,P050,ST001,1,599,0,Mada,Completed
ORD11022,2024-07-02,C0170,P019,ST003,2,2299,0.15,Mastercard,Completed
ORD11694,2023-01-29,C0480,P017,ST003,1,1899,0.15,Bank Transfer,Completed
ORD16732,2023-10-13,C0282,P007,ST004,1,2999,0,Apple Pay,Completed
ORD15322,2024-03-19,C0155,P005,ST003,1,1599,0,Visa,Completed
ORD12949,2024-09-15,C0180,P043,ST004,1,1899,0.05,Mada,Completed
ORD17147,2024-08-18,C0120,P023,ST002,1,3699,0,Visa,Returned
ORD12802,2023-02-09,C0046,P019,ST003,1,2299,0,Mada,Completed
ORD15905,2024-09-23,C0374,P037,ST002,2,2299,0.1,Visa,Completed
ORD10280,2023-06-17,C0321,P025,ST002,1,2299,0,Cash,Completed
ORD11778,2024-08-08,C0262,P005,ST001,2,1599,0,Bank Transfer,Completed
ORD13347,2024-02-04,C0153,P041,ST003,1,10999,0.15,Mada,Completed
ORD17102,2023-03-06,C0411,P035,ST002,1,849,0,Cash,Completed
ORD10698,2024-08-22,C0007,P048,ST002,1,89,0,Mastercard,Completed
ORD16651,2024-08-15,C0025,P022,ST003,1,1799,0,Bank Transfer,Completed
ORD12412,2023-06-24,C0324,P014,ST003,1,5499,0,Apple Pay,Completed
ORD15811,2023-01-19,C0489,P029,ST002,2,4999,0.2,Visa,Completed
ORD13995,2024-03-11,C0019,P040,ST002,1,349,0.1,Mada,Completed
ORD16456,2024-04-04,C0252,P004,ST001,1,4599,0.1,Mada,Completed
ORD11271,2023-02-24,C0110,P023,ST001,1,3699,0,Mada,Completed
ORD14014,2024-04-24,C0438,P023,ST003,1,3699,0.05,Visa,Completed
ORD17161,2023-07-17,C0397,P020,ST003,1,1499,0,Mastercard,Completed
ORD14880,2024-07-08,C0414,P001,ST002,1,5999,0.1,Mada,Completed
ORD11541,2024-04-25,C0095,P034,ST002,2,3299,0,Mada,Completed
ORD13162,2024-06-18,C0400,P008,ST004,1,8999,0.05, Visa  ,Completed
ORD12731,2023-06-09,C0429,P011,ST003,1,2799,0,Mada,Completed
ORD17084,2023-08-25,C0019,P050,ST001,3,599,0.05,Visa,Completed
ORD11397,2023-08-23,C0438,P017,ST004,1,1899,0,Visa,Completed
ORD11487,2023-01-15,C0330,P005,ST003,1,1599,0,Mada,Completed
ORD13880,2024-01-19,C0032,P008,ST002,1,8999,0.1,Apple Pay,Completed
ORD14766,2024-10-06,C0280,P038,ST004,1,2199,0.05,Apple Pay,Completed
ORD10067,2024-10-27,C0352,P048,ST001,1,89,0,Mada,Completed
ORD12163,2023-03-11,C0472,P022,ST003,1,1799,0,Visa,Completed
ORD12987,2023-10-12,C0433,P028,ST001,1,4299,0,Mastercard,Completed
ORD13920,2023-09-04,C0235,P047,ST002,3,119,0,Visa,Completed
ORD10302,2023-03-21,C0198,P007,ST004,1,2999,0,Visa,Completed
ORD16769,2023-07-24,C0319,P018,ST003,4,999,0.05,Mastercard,Completed
ORD17182,2023-05-20,C0291,P041,ST002,1,10999,0,Mada,Completed
ORD15275,2024-03-27,C0003,P049,ST001,1,399,0.05,Mastercard,Completed
ORD11461,2023-01-19,C0075,P050,ST002,1,599,0,Visa,Completed
ORD13460,14/06/2024,C0266,P031,ST003,1,2699,0,Mada,Completed
ORD10711,2024-03-04,C0491,P037,ST002,1,2299,0.1,Apple Pay,Completed
ORD10365,2024-09-12,C0364,P049,ST002,1,399,0.1,Visa,Completed
ORD11837,2024-03-09,C0474,P018,ST001,1,999,0.05,Visa,Completed
ORD15186,2024-04-17,C0119,P004,ST002,1,4599,0,Visa,Completed
ORD11252,2023-03-27,C0379,P016,ST003,1,3699,0,Mastercard,Completed
ORD12529,2024-02-12,C0093,P050,ST001,2,599,0.1,Apple Pay,Completed
ORD12227,2024-05-21,C0452,P012,ST002,1,7299,0,Mastercard,Completed
ORD10367,2023-07-26,C0079,P002,ST002,2,4299,0.15,Apple Pay,Completed
ORD12950,2023-05-03,C0117,P047,ST001,1,119,0%,Bank Transfer,Completed
ORD13763,2023-02-11,C0348,P039,ST002,2,1499,0,Visa,Completed
ORD13635,2024-08-15,C0143,P017,ST002,1,1899,0.05,Mada,Completed
ORD11895,2024-11-20,C0304,P043,ST001,1,1899,0.05,Mastercard,Returned
ORD16167,2024-08-18,C0428,P004,ST003,3,4599,0,Apple Pay,Completed
ORD16766,2024-12-15,C0380,P023,ST004,1,3699,0.1,Cash,Completed
ORD14247,2024-11-25,C0446,P014,ST001,1,5499,0,Visa,Completed
ORD14673,2024-02-29,C0339,P004,ST001,1,4599,0,Bank Transfer,Returned
ORD12215,2023-05-18,C0298,P022,ST001,2,1799,0,Mada,Completed
ORD15384,2023-05-28,C0050,P008,ST002,1,8999,0,Mada,Completed
ORD15530,2023-11-25,C0062,P018,ST001,1,999,0.2,Mada,Completed
ORD15795,2024-10-10,C0239,P018,ST002,1,999,0,Mastercard,Completed
ORD11263,2024-03-07,C0187,P029,ST002,1,4999,0,Mastercard,Completed
ORD12555,2024-07-02,C0255,P043,ST001,1,1899,0.1,Mastercard,Completed
ORD10352,2023-04-22,C0359,P044,ST001,1,1099,0.05,Cash,Completed
ORD10522,2024-01-08,C0072,P026,ST003,3,6799,0.05,Mastercard,Completed
ORD15229,2023-08-19,C0175,P047,ST002,1,119,0.05,Mada,Completed
ORD15928,2023-03-18,C0336,P020,ST004,1,1499,0,Mada,Completed
ORD10340,2024-08-31,C0232,P046,ST002,2,1199,0,Apple Pay,Completed
ORD10769,2024-07-18,C0352,P031,ST003,1,2699,0,Mada,Completed
ORD17228,2023-09-12,C0168,P025,ST001,1,2299,0,Mastercard,Cancelled
ORD11537,2024-06-22,C0414,P046,ST001,1,1199,0.05,Mada,Completed
ORD14649,2024-04-20,C0162,P042,ST001,2,11499,0.15,Mastercard,Completed
ORD13116,2024-06-08,C0295,P050,ST002,1,599,0,Mastercard,Completed
ORD15543,2023-03-09,C0310,P013,ST002,2,4299,0.05,Visa,Completed
ORD16013,2024-03-02,C0051,P014,ST002,1,5499,0.15,Mastercard,Completed
ORD14047,2024-10-31,C0226,P044,ST003,1,1099,0,Visa,Completed
ORD12061,2023-01-15,C0468,P046,ST001,1,1199,0,Bank Transfer,Completed
ORD11649,2024-07-25,C0386,P009,ST002,1,4999,0.1,Mada,Returned
ORD13067,2024-09-14,C0034,P021,ST002,3,849,0.05,Visa,Completed
ORD17157,2023-04-21,C0196,P024,ST001,1,3999,0,Visa,Completed
ORD11918,2023-09-13,C0354,P049,ST004,1,399,0,Apple Pay,Completed
ORD10121,2023-11-01,C0028,P037,ST001,1,2299,0,Visa,Completed
ORD13284,2024-08-22,C0283,P008,ST001,2,8999,0.05,Mada,Completed
ORD10156,2023-01-15,C0321,P034,ST003,1,3299,0.05,Mada,Completed
ORD12115,2023-11-13,C0043,P016,ST001,1,3699,0.15,Visa,Completed
ORD12835,2023-10-09,C0362,P018,ST002,1,999,0.05,Bank Transfer,Completed
ORD10514,2023-11-04,C0264,P013,ST002,1,4299,0,Cash,Completed
ORD15765,2024-04-16,C0459,P024,ST001,1,3999,0,Apple Pay,Completed
ORD15308,2023-11-02,C0387,P049,ST004,1,399,0.1,Mastercard,Completed
ORD15191,2024-04-05,C0357,P012,ST001,1,7299,0,Visa,Returned
ORD12405,08/10/2024,C0414,P022,ST002,1,1799,0,Mada,Completed
ORD14153,2024-10-02,C0160,P024,ST002,1,3999,0.1,Visa,Completed
ORD14389,2024-03-30,C0309,P013,ST001,1,4299,0.05,Mada,Completed
ORD11148,2024-02-28,C0046,P038,ST003,1,2199,0,Mada,Completed
ORD13369,2024-11-26,C0448,P004,ST001,1,4599,0,Cash,Completed
ORD12266,2024-03-27,C0388,P040,ST001,1,349,0,Bank Transfer,Completed
ORD15132,2024-04-01,C0027,P031,ST001,1,2699,0,Mastercard,Completed
ORD17183,2023-08-18,C0169,P004,ST001,1,4599,0,Apple Pay,Completed
ORD15264,2023-04-29,C0388,P014,ST002,3,5499,0,Bank Transfer,Completed
ORD16244,2024-07-29,C0045,P039,ST003,2,1499,0.1,Visa,Completed
ORD15709,2023-11-12,C0456,P014,ST002,1,5499,0.15,Mada,Completed
ORD14212,2024-06-11,C0042,P005,ST002,2,1599,0.15,Cash,Completed
ORD15587,2024-08-20,C0345,P031,ST004,1,2699,0.05,Mastercard,Completed
ORD11671,2024-04-13,C0189,P037,ST004,3,2299,0.05,Cash,Completed
ORD13011,2023-11-11,C0143,P002,ST001,1,4299,0.2,Bank Transfer,Completed
ORD11406,2024-04-10,C0022,P016,ST001,1,3699,0.05,Visa,Completed
ORD12746,2023-10-06,C0219,P041,ST004,2,10999,0,Mastercard,Completed
ORD13099,2023-02-19,C0326,P013,ST003,4,4299,0.05,Mada,Completed
ORD14487,2024-04-11,C0025,P013,ST002,1,4299,0.15,Mastercard,Completed
ORD13886,2023-11-13,C0266,P010,ST003,2,6999,0.1,Mastercard,Completed
ORD16688,2023-11-10,C0134,P014,ST002,2,5499,0,Mastercard,Completed
ORD14074,2024-03-15,C0467,P014,ST001,1,5499,0.1,Mada,Completed
ORD12982,2024-03-05,C0202,P044,ST003,1,1099,0.15,Mada,Completed
ORD12094,2023-01-24,C0322,P006,ST003,1,3999,0.1,Mada,Completed
ORD11154,2023-03-19,c0263,P050,ST004,1,599,0, Mada  ,Completed
ORD12585,2024-04-27,C0267,P029,ST003,1,4999,0.05,Mada,Completed
ORD15201,2024-01-11,C0302,P030,ST001,1,6499,0,Mada,Completed
ORD12005,2024-04-10,C0023,P017,ST001,1,1899,0,Mada,Completed
ORD13096,2024-04-27,C0050,P034,ST003,1,3299,0,Mada,Completed
ORD10557,2024-02-17,C0411,P042,ST003,1,11499,0,Apple Pay,Completed
ORD11570,2024-11-19,C0473,P034,ST003,1,3299,0,Mada,Completed
ORD16639,2023-01-08,C0440,P024,ST002,1,3999,0,Visa,Completed
ORD11604,2024-09-17,C0224,P010,ST002,2,6999,0,Cash,Completed
ORD10130,2024-04-14,C0215,P045,ST001,1,599,0,Mada,Completed
ORD11578,2024-02-17,C0285,P009,ST002,1,4999,0,Cash,Completed
ORD13005,12/04/2023,C0430,P031,ST003,1,2699,0.1,Visa,Completed
ORD13678,2024-03-12,C0473,P009,ST001,1,4999,0.1,Visa,Completed
ORD11586,2023-02-24,C0274,P017,ST001,2,1899,0,Mada,Completed
ORD14115,2023-10-11,C0221,P010,ST001,3,6999,0.1,Mada,Completed
ORD14903,2024-09-16,C0334,P037,ST002,1,2299,0.05,Visa,Completed
ORD11113,2023-12-06,C0004,P016,ST004,1,3699,0.15,Mastercard,Completed
ORD14564,2023-05-07,C0202,P041,ST001,1,10999,0,Mada,Completed
ORD14451,2023-07-15,C0254,P018,ST003,2,999,0.2,Mastercard,Cancelled
ORD15261,2024-03-13,C0359,P020,ST001,1,1499,0,Visa,Completed
ORD16447,2024-05-20,C0047,P001,ST004,2,5999,0,Bank Transfer,Completed
ORD16890,2024-10-30,C0024,P014,ST003,1,5499,0,Mada,Completed
ORD16654,2024-04-30,C0441,P004,ST002,1,4599,0,Mada,Completed
ORD15187,2023-02-26,C0369,P008,ST004,1,8999,0,Mastercard,Completed
ORD16765,2023-02-14,C0406,P038,ST002,1,2199,0.15,Cash,Completed
ORD15662,2023-09-19,C0054,P031,ST004,2,2699,0,Mada,Completed
ORD12359,2024-08-10,C0268,P032,ST001,1,2199,0,Bank Transfer,Completed
ORD12377,2023-06-29,C0314,P017,ST003,1,1899,0,Mada,Completed
ORD15421,2024-06-23,C0425,P030,ST003,1,6499,0,Mada,Completed
ORD15860,2024-10-06,C0471,P050,ST003,1,599,0,Visa,Completed
ORD15395,2023-11-08,C0172,P018,ST002,2,999,0.2,Cash,Completed
ORD14797,2023-10-06,C0354,P021,ST001,1,849,0,Apple Pay,Completed
ORD11524,2023-08-01,C0403,P040,ST002,1,349,0.05,Cash,Cancelled
ORD15744,2023-03-25,C0068,P004,ST003,1,4599,0,Cash,Completed
ORD13100,2023-10-05,C0090,P046,ST004,1,1199,0.2,Cash,Completed
ORD11812,2024-11-24,C0061,P001,ST003,1,5999,0.1,Mada,Completed
ORD16836,2024-05-27,C0313,P046,ST002,3,1199,0.15,Cash,Completed
ORD11103,2024-01-20,C0203,P039,ST001,3,1499,0,Bank Transfer,Completed
ORD12201,2024-04-23,C0139,P022,ST001,1,1799,0,Cash,Completed
ORD15046,2023-09-14,C0231,P014,ST002,2,5499,0.05,Visa,Returned
ORD10472,2024-04-21,C0291,P027,ST004,1,3499,0,Mada,Completed
ORD11181,2024-08-14,C0061,P030,ST004,1,6499,0, Mastercard  ,Completed
ORD14665,2023-07-19,C0091,P014,ST001,1,5499,0.15,Mastercard,Completed
ORD11610,2024-10-11,C0114,P018,ST003,2,999,0.1,Mada,Completed
ORD13012,2024-08-02,C0263,P018,ST002,1,999,0,Mastercard,Completed
ORD12913,2024-08-24,C0041,P041,ST002,1,10999,0,Visa,Completed
ORD15694,2024-01-29,C0310,P011,ST004,2,2799,0,Mada,Completed
ORD15714,2024-06-10,C0068,P006,ST001,1,3999,0,Cash,Completed
ORD16154,2024-06-28,C0163,P025,ST001,1,2299,0,Mastercard,Returned
ORD15145,2023-07-11,c0151,P013,ST003,1,4299,0,Mada,Completed
ORD16455,2023-12-02,C0197,P003,ST001,1,3499,0,Mada,Completed
ORD12760,2023-03-15,C0126,P016,ST003,1,3699,0,Visa,Completed
ORD15178,2023-12-10,C0306,P041,ST003,1,10999,0.05,Apple Pay,Completed
ORD15292,2023-01-25,C0459,P024,ST002,2,3999,0,Mada,Completed
ORD12056,2024-09-20,C0439,P021,ST003,2,849,0,Apple Pay,Completed
ORD12869,2024-07-23,C0111,P022,ST001,4,1799,0,Mada,Completed
ORD15398,2024-03-10,C0114,P033,ST003,1,2699,0.15,Visa,Completed
ORD16357,2024-07-02,C0033,P039,ST003,2,1499,0,Mastercard,Returned
ORD12773,2024-04-14,C0103,P006,ST002,1,3999,0,Mada,Completed
ORD10170,2024-02-15,C0216,P025,ST002,1,2299,0,Cash,Completed
ORD15320,2024-11-07,C0222,P044,ST003,1,1099,0.1,Mada,Completed
ORD15253,2023-01-01,C0219,P050,ST002,1,599,0.2,Mada,Completed
ORD11128,2024-07-01,C0291,P006,ST002,4,3999,0,Mada,Completed
ORD11715,2024-07-23,C0085,P050,ST002,2,599,0,Bank Transfer,Completed
ORD13308,2024-09-04,C0245,P029,ST002,4,4999,0,Mada,Completed
ORD13227,2024-11-06,C0254,P043,ST004,2,1899,0,Mada,Completed
ORD16657,2024-03-14,C0053,P015,ST002,1,2899,0,Mada,Completed
ORD16163,2024-04-14,C0272,P044,ST003,1,1099,0.1,Cash,Completed
ORD10875,2024-07-02,C0141,P025,ST003,2,2299,0.05,Mada,Completed
ORD12512,2023-07-17,C0048,P039,ST002,1,1499,0,Cash,Completed
ORD15202,2023-05-04,C0425,P025,ST001,1,2299,0,Mada,Completed
ORD14443,2023-01-29,C0478,P001,ST004,1,5999,0,Bank Transfer,Completed
ORD15800,2023-01-23,C0288,P035,ST002,1,849,0.1,Cash,Completed
ORD10908,2024-05-20,C0113,P004,ST001,1,4599,0.15,Apple Pay,Completed
ORD10329,2023-10-14,C0196,P026,ST001,1,6799,0,Mastercard,Completed
ORD16159,2024-05-13,C0015,P012,ST003,2,7299,0,Mada,Completed
ORD17117,2024-03-18,C0361,P042,ST002,2,11499,0.05,Visa,Completed
ORD12713,2024-03-17,C0300,P046,ST003,1,1199,0,Visa,Completed
ORD16354,2024-11-11,C0119,P041,ST003,1,10999,0,Apple Pay,Completed
ORD15401,2024-10-16,C0272,P034,ST001,1,3299,0,Mada,Completed
ORD13193,2023-10-13,C0369,P019,ST002,1,2299,0,Mada,Completed
ORD11369,2023-08-19,C0400,P049,ST002,1,399,0.1,Mada,Completed
ORD13980,2024-10-11,C0296,P005,ST002,1,1599,10%,Visa,Completed
ORD15171,2023-03-12,C0266,P036,ST002,1,599,0.1,Visa,Completed
ORD12720,2024-09-06,C0379,P036,ST001,2,599,0,Apple Pay,Completed
ORD12920,2024-06-08,C0152,P011,ST002,1,2799,0,Mada,Completed
ORD15604,2023-11-12,C0417,P015,ST003,1,2899,0,Mada,Completed
ORD11497,2024-07-15,C0019,P048,ST001,1,89,0,Apple Pay,Completed
ORD13732,2024-06-07,C0273,P045,ST003,2,599,0.15,Mada,Completed
ORD14482,2024-07-06,C0405,P016,ST001,2,3699,0.1,Bank Transfer,Completed
ORD11741,2024-04-27,C0090,P024,ST002,4,3999,0.15,Mada,Completed
ORD14029,2024-01-06,C0203,P039,ST001,2,1499,0.05,Apple Pay,Completed
ORD11223,2024-06-04,C0442,P035,ST001,4,849,0,Mastercard,Completed
ORD11962,2023-07-29,C0140,P035,ST001,2,849,0,Apple Pay,Completed
ORD10694,2023-01-13,C0320,P005,ST002,1,1599,0,Mada,Completed
ORD11478,2024-07-14,C0271,P040,ST002,1,349,0,Mada,Completed
ORD10615,2024-01-20,C0301,P004,ST003,1,4599,0.1,Visa,Completed
ORD17114,2024-07-10,c0259,P005,ST002,1,1599,0,Visa,Completed
ORD14222,2023-11-30,C0143,P049,ST004,1,399,0.05,Mastercard,Cancelled
ORD13628,2024-08-13,C0398,P013,ST002,4,4299,0.05,Visa,Completed
ORD13050,2023-12-04,C0416,P040,ST001,1,349,0,Visa,Completed
ORD10086,2024-04-20,C0280,P050,ST004,2,599,0.05,Mada,Completed
ORD16678,2023-11-11,C0419,P040,ST002,1,349,0.1,Apple Pay,Completed
ORD15589,2024-05-11,C0424,P033,ST003,1,2699,0,Mada,Completed
ORD13736,2023-12-31,C0127,P010,ST002,3,6999,0,Visa,Returned
ORD11509,2024-09-12,C0152,P050,ST003,2,599,0,Visa,Completed
ORD16393,2024-10-24,C0129,P036,ST003,1,599,0,Mada,Completed
ORD15054,2024-03-13,C0362,P040,ST002,1,349,0.05,Cash,Completed
ORD12294,2023-02-23,C0497,P042,ST002,1,11499,0,Mada,Completed
ORD16501,2023-03-01,C0162,P019,ST001,1,2299,0.05,Visa,Completed
ORD10955,2024-03-13,C0153,P037,ST003,1,2299,0.1,Visa,Completed
ORD14577,2024-03-26,C0271,P002,ST001,2,4299,0,Mastercard,Completed
ORD14822,2024-04-01,C0417,P005,ST001,1,1599,0,Mastercard,Completed
ORD11974,2024-03-24,C0447,P022,ST001,1,1799,0,Mada,Completed
ORD14756,2023-01-04,C0106,P048,ST003,1,89,0.05,Mada,Completed
ORD15237,2024-04-05,C0140,P008,ST002,1,8999,0,Mada,Completed
ORD14563,2024-04-05,C0381,P018,ST003,2,999,0.05,Bank Transfer,Completed
ORD11513,2023-03-27,C0424,P017,ST002,1,1899,0,Visa,Completed
ORD15526,2023-04-08,C0308,P022,ST001,1,1799,0,Visa,Completed
ORD10312,2024-08-13,C0223,P050,ST003,1,599,0.1,Apple Pay,Completed
ORD16306,2023-08-03,C0030,P034,ST001,2,3299,0,Visa,Completed
ORD11280,2023-11-23,C0222,P016,ST001,1,3699,0,Mada,Completed
ORD15396,2023-10-29,C0134,P003,ST001,1,3499,0.1,Mada,Returned
ORD10931,2024-03-25,C0403,P049,ST002,1,399,0.15, Visa  ,Completed
ORD15197,2024-06-26,C0061,P033,ST001,2,2699,0,Apple Pay,Completed
ORD15114,2024-03-01,C0446,P021,ST003,1,849,0.05,Mada,Completed
ORD13334,2024-03-01,C0105,P048,ST003,2,89,0,Visa,Completed
ORD16365,2023-08-14,C0311,P029,ST003,2,4999,0,Visa,Completed
ORD12534,2023-12-13,C0165,P012,ST001,3,7299,0.1,Apple Pay,Completed
ORD11087,2023-07-22,C0021,P030,ST002,1,6499,0,Visa,Completed
ORD16113,2024-04-08,C0332,P017,ST001,1,1899,0.1,Mada,Completed
ORD15849,2024-04-29,C0200,P032,ST003,1,2199,0.05,Mada,Completed
ORD12811,2024-03-01,C0325,P015,ST001,1,2899,0.1,Apple Pay,Completed
ORD16940,2024-04-07,C0359,P018,ST004,1,999,0,Bank Transfer,Completed
ORD12047,2024-08-04,C0202,P008,ST001,1,8999,0,Mastercard,Returned
ORD16900,2024-04-25,C0484,P033,ST002,1,2699,0.15,Apple Pay,Completed
ORD10548,2024-11-04,C0134,P004,ST001,1,4599,0,Visa,Completed
ORD15782,2024-04-23,C0374,P040,ST002,1,349,0,Mastercard,Completed
ORD11860,2023-09-03,C0305,P018,ST002,1,999,0.15,Visa,Completed
ORD12454,2023-12-10,C0148,P021,ST001,3,849,0,Mada,Completed
ORD10587,2024-06-26,C0235,P028,ST001,1,4299,0,Visa,Returned
ORD12217,11/08/2024,C0083,P013,ST002,1,4299,0,Visa,Completed
ORD10667,2024-07-10,C0207,P020,ST001,1,1499,0,Apple Pay,Completed
ORD13540,2023-07-25,C0023,P029,ST001,1,4999,0.1,Mada,Completed
ORD10742,2023-08-09,C0079,P025,ST003,1,2299,0.1,Mada,Completed
ORD15368,2024-05-16,C0272,P024,ST001,1,3999,0.2,Visa,Completed
ORD10058,2024-01-13,C0376,P038,ST002,1,2199,0.1,Bank Transfer,Completed
ORD16579,2023-04-24,C0101,P034,ST001,1,3299,0,Mada,Completed
ORD14399,2024-11-07,C0452,P035,ST003,1,849,0,Mastercard,Returned
ORD14802,2023-03-21,C0455,P042,ST001,3,11499,0.2,Mada,Completed
ORD15518,2024-03-22,C0405,P033,ST001,3,2699,0,Cash,Completed
ORD16868,2023-11-13,C0208,P042,ST003,1,11499,0.1,Mada,Completed
ORD15019,2023-08-13,C0288,P023,ST003,1,3699,0,Mada,Completed
ORD17189,2024-05-10,C0365,P028,ST003,1,4299,0, Mada  ,Completed
ORD16293,2023-12-18,C0011,P044,ST002,1,1099,0.15,Mada,Completed
ORD15226,2023-11-19,C0317,P021,ST001,1,849,0,Mada,Completed
ORD11167,2023-08-23,C0009,P042,ST001,2,11499,0.1,Mada,Returned
ORD16993,2024-06-22,C0146,P029,ST003,2,4999,0,Mastercard,Completed
ORD14939,2023-06-26,C0093,P045,ST003,1,599,0.15,Mada,Completed
ORD10398,2024-09-03,C0297,P037,ST003,1,2299,0.05,Mada,Completed
ORD13909,2024-07-30,C0403,P028,ST003,1,4299,0,Visa,Completed
ORD15722,2024-05-09,C0026,P049,ST003,1,399,0,Mada,Completed
ORD12198,2023-05-12,C0437,P018,ST003,1,999,0,Apple Pay,Completed
ORD16298,2023-03-31,C0299,P003,ST004,1,3499,0.05,Mada,Completed
ORD12791,2024-12-17,C0047,P032,ST001,1,2199,0,Apple Pay,Returned
ORD15203,2024-04-29,C0339,P010,ST001,3,6999,0.1,Mastercard,Completed
ORD13704,2023-06-27,C0349,P007,ST001,1,2999,0.1,Mastercard,Completed
ORD11568,2023-05-31,C0137,P035,ST003,1,849,0,Mastercard,Completed
ORD10490,2023-01-05,C0244,P014,ST001,3,5499,0.1,Mastercard,Completed
ORD10566,20/03/2024,C0236,P008,ST001,1,8999,0.05,Apple Pay,Completed
ORD16840,2024-07-20,C0369,P033,ST002,1,2699,0, Apple Pay  ,Completed
ORD13897,2024-07-01,C0369,P029,ST001,1,4999,0,Mada,Completed
ORD12449,2023-03-28,C0212,P017,ST004,1,1899,0,Mada,Completed
ORD10635,2024-04-18,C0451,P001,ST002,1,5999,0,Mada,Completed
ORD12562,2024-06-30,C0216,P010,ST003,2,6999,0,Cash,Completed
ORD14276,2023-01-05,C0331,P026,ST001,1,6799,0.1,Cash,Completed
ORD11808,2023-04-24,C0409,P012,ST003,3,7299,0,Mastercard,Completed
ORD14157,2024-08-06,C0448,P046,ST002,1,1199,0.15,Mastercard,Completed
ORD17111,2024-04-19,C0049,P015,ST001,1,2899,0,Mada,Cancelled
ORD16862,2024-03-22,C0093,P025,ST002,1,2299,0.1,Mada,Completed
ORD15006,2023-09-18,C0063,P012,ST003,3,7299,0,Mada,Completed
ORD15471,2024-01-06,C0378,P003,ST003,1,3499,0.2,Mada,Completed
ORD12051,2023-11-03,C0343,P024,ST001,3,3999,0,Mada,Completed
ORD13485,2024-03-23,C0259,P038,ST003,1,2199,0.15,Apple Pay,Completed
ORD11933,2023-05-17,C0170,P015,ST001,1,2899,0,Bank Transfer,Completed
ORD12190,2023-12-06,C0173,P008,ST004,1,8999,0.05,Cash,Completed
ORD13342,2024-05-20,C0452,P015,ST003,1,2899,0.1,Cash,Completed
ORD10198,2023-05-14,C0080,P001,ST003,1,5999,0.05,Apple Pay,Completed
ORD13309,2023-02-11,C0224,P009,ST001,2,4999,0,Visa,Returned
ORD10971,2024-03-23,C0256,P049,ST002,1,399,0,Mada,Completed
ORD11683,2023-09-30,c0013,P020,ST002,3,1499,0.05,Cash,Completed
ORD15622,2024-03-30,C0158,P033,ST001,1,2699,0,Apple Pay,Completed
ORD10974,2023-12-23,C0465,P049,ST004,2,399,0.15,Cash,Completed
ORD12911,2023-11-25,C0233,P036,ST002,1,599,0.1,Visa,Completed
ORD14049,2024-05-03,C0033,P009,ST004,1,4999,0.15,Mastercard,Completed
ORD14525,2024-08-31,C0255,P017,ST004,,1899,0.1,Mada,Returned
ORD12301,2023-03-22,C0286,P017,ST002,1,1899,0.1,Visa,Completed
ORD13994,2024-03-07,C0296,P039,ST003,1,1499,0.05,Mastercard,Completed
ORD14910,2024-12-15,C0218,P002,ST002,1,4299,0,Cash,Completed
ORD10149,2023-07-05,C0391,P048,ST002,1,89,0.1,Apple Pay,Completed
ORD13530,2023-04-13,C0048,P016,ST001,1,3699,0.05,Visa,Completed
ORD13189,2024-07-08,C0133,P022,ST004,1,1799,0,Cash,Completed
ORD17231,08/04/2024,C0339,P034,ST001,1,3299,0.15,Apple Pay,Completed
ORD11233,2023-05-04,C0303,P019,ST001,1,2299,0.05,Apple Pay,Completed
ORD13455,2023-05-25,C0106,P035,ST002,1,849,0,Mada,Completed
ORD12614,2024-07-26,C0489,P010,ST001,1,6999,0,Cash,Completed
ORD13150,2023-01-27,C0028,P011,ST004,1,2799,0,Mada,Completed
ORD13033,2023-01-04,C0383,P039,ST001,1,1499,0, Mastercard  ,Returned
ORD11706,2024-04-16,C0150,P043,ST003,1,1899,0,Apple Pay,Completed
ORD15050,2024-03-29,C0093,P034,ST001,1,3299,0.05,Mada,Completed
ORD14433,01/11/2024,C0489,P016,ST003,1,3699,0,Visa,Completed
ORD10301,2024-03-01,C0021,P004,ST003,2,4599,0,Apple Pay,Completed
ORD16771,2023-10-29,C0061,P032,ST002,3,2199,0,Visa,Completed
ORD12275,2023-07-22,C0310,P003,ST001,1,3499,0.1,Bank Transfer,Completed
ORD10762,2024-02-14,C0275,P044,ST004,1,1099,0.05,Mastercard,Completed
ORD13186,2024-03-19,C0281,P030,ST001,3,6499,0,Mastercard,Completed
ORD15025,2024-09-01,C0253,P026,ST001,1,6799,0,Cash,Completed
ORD17190,2024-04-20,C0014,P029,ST003,1,4999,0,Mastercard,Completed
ORD14612,2024-03-23,C0463,P038,ST001,2,2199,0,Mada,Completed
ORD11937,2024-03-08,C0088,P036,ST003,2,599,0.1,Mada,Completed
ORD14042,2024-06-21,C0236,P048,ST001,1,89,0.1,Mada,Completed
ORD14539,2024-08-30,C0028,P020,ST001,3,1499,0,Apple Pay,Completed
ORD10303,2023-09-12,C0055,P036,ST004,1,599,0,Mastercard,Completed
ORD10778,2024-11-26,C0136,P008,ST003,1,8999,0,Cash,Completed
ORD17109,27/04/2024,C0462,P029,ST002,4,4999,0,Cash,Completed
ORD11187,2023-02-18,C0086,P015,ST002,1,2899,0.2,Mada,Completed
ORD13372,2024-08-19,C0025,P037,ST002,2,2299,0.1,Visa,Returned
ORD17173,2023-12-12,C0348,P040,ST002,1,349,0,Mada,Completed
ORD15846,2024-04-06,C0220,P019,ST002,1,2299,0.05,Mastercard,Completed
ORD16007,2023-08-11,C0200,P044,ST004,1,1099,0.15,Visa,Completed
ORD15879,2024-03-08,C0290,P023,ST002,1,3699,0.05,Mada,Completed
ORD17144,2024-05-30,C0385,P012,ST003,1,7299,0,Mada,Completed
ORD15614,2024-11-16,c0209,P008,ST003,3,8999,0,Mastercard,Completed
ORD17090,2023-07-24,C0203,P014,ST001,1,5499,0,Apple Pay,Completed
ORD11609,2024-06-20,C0314,P013,ST002,1,4299,0.1, Mastercard  ,Completed
ORD13868,2024-06-25,C0233,P035,ST002,1,849,0,Mastercard,Completed
ORD10676,13/03/2023,C0211,P001,ST002,1,5999,0.1,Bank Transfer,Completed
ORD11308,2023-06-01,C0485,P032,ST001,1,2199,0.15,Mada,Returned
ORD13840,2024-07-12,C0092,P041,ST001,1,10999,0.05,Mada,Completed
ORD16553,2023-01-19,C0245,P023,ST004,1,3699,0.05,Mada,Completed
ORD14062,2023-05-16,C0111,P038,ST003,1,2199,0,Cash,Completed
ORD15420,2023-05-16,C0279,P026,ST003,1,6799,0.1,Mada,Completed
ORD14961,2023-06-07,C0348,P010,ST001,1,6999,0,Bank Transfer,Completed
ORD15793,2023-10-31,C0368,P027,ST002,1,3499,0,Mada,Completed
ORD13115,2023-12-28,C0288,P024,ST001,1,3999,0.15,Visa,Completed
ORD10218,2023-01-05,C0431,P046,ST003,1,1199,0,Mastercard,Completed
ORD16318,2024-08-31,C0155,P036,ST004,2,599,0.15,Visa,Completed
ORD13690,2024-10-05,C0254,P002,ST002,1,4299,0.15, Apple Pay  ,Completed
ORD16123,2023-12-05,C0189,P030,ST002,2,6499,0,Apple Pay,Completed
ORD16562,2024-04-13,C0134,P044,ST001,4,1099,0,Mada,Completed
ORD11155,2024-04-24,C0419,P049,ST004,1,399,0.05,Visa,Completed
ORD14020,2024-12-12,C0080,P013,ST002,3,4299,0.1,Mastercard,Completed
ORD10735,2024-10-21,C0288,P047,ST003,1,119,0.05,Visa,Returned
ORD12349,2024-11-19,C0065,P022,ST003,2,1799,0.05,Mada,Completed
ORD16388,2024-10-25,C0130,P021,ST001,1,849,0.1,Visa,Completed
ORD12872,2024-05-15,C0349,P012,ST003,3,7299,0,Apple Pay,Completed
ORD16015,2023-07-27,C0086,P042,ST003,1,11499,0,Apple Pay,Completed
ORD16977,2023-11-19,C0451,P047,ST002,1,119,0.05,Visa,Completed
ORD15330,2024-03-29,C0440,P025,ST002,1,2299,0,Mada,Completed
ORD16036,2024-06-26,C0175,P012,ST002,1,7299,0,Mada,Completed
ORD10799,2024-10-06,C0405,P027,ST001,1,3499,0.15,Mastercard,Completed
ORD16428,2023-10-31,C0488,P021,ST001,1,849,0.15,Mastercard,Completed
ORD15244,2023-08-05,C0155,P033,ST002,3,2699,0,Apple Pay,Completed
ORD12671,2024-04-05,C0095,P050,ST002,1,599,0,Mada,Completed
ORD17030,2023-12-24,C0432,P006,ST004,1,3999,0.1,Mada,Completed
ORD17208,2024-03-29,C0254,P013,ST004,1,4299,0,Mada,Returned
ORD13737,2023-01-15,C0200,P003,ST001,1,3499,0%,Apple Pay,Completed
ORD14732,2024-04-16,C0160,P004,ST001,1,4599,0,Cash,Completed
ORD14570,2023-06-16,C0428,P040,ST003,1,349,0,Mastercard,Completed
ORD11648,2024-04-24,C0459,P047,ST004,1,119,0,Mada,Completed
ORD14188,2024-03-19,C0066,P050,ST001,1,599,0,Mastercard,Completed
ORD10209,2023-03-16,C0045,P019,ST002,2,2299,0,Apple Pay,Completed
ORD12127,2024-02-19,C0023,P023,ST003,2,3699,0.1,Mada,Completed
ORD14785,2024-11-23,C0457,P035,ST002,1,849,0,Visa,Completed
ORD10814,2023-12-13,C0228,P009,ST001,1,4999,0,Mada,Completed
ORD14370,2023-08-07,C0368,P007,ST001,1,2999,0.2,Mada,Completed
ORD17009,2023-07-10,C0230,P032,ST001,1,2199,0,Mada,Completed
ORD12022,2024-12-09,C0413,P021,ST003,1,849,0,Mada,Completed
ORD14481,2023-07-24,C0328,P008,ST001,2,8999,0.2,Visa,Completed
ORD14777,2023-11-02,C0229,P034,ST004,1,3299,0.1,Mada,Completed
ORD15681,2024-02-17,C0175,P019,ST003,1,2299,0,Visa,Completed
ORD15073,2024-05-05,C0242,P009,ST001,1,4999,0.15,Mada,Completed
ORD13476,2023-02-08,C0101,P039,ST002,1,1499,0,Bank Transfer,Completed
ORD11292,2023-12-20,C0145,P042,ST002,2,11499,0.05,Mada,Completed
ORD11755,2024-11-07,C0301,P040,ST002,1,349,0,Cash,Completed
ORD14988,2023-02-20,C0218,P020,ST002,1,1499,0,Mada,Completed
ORD10806,2023-08-13,C0445,P017,ST001,4,1899,0,Cash,Completed
ORD15881,2024-03-04,C0001,P039,ST004,1,1499,0.05,Mada,Completed
ORD12699,2023-07-10,C0216,P039,ST001,1,1499,0,Apple Pay,Completed
ORD14589,2024-10-23,C0067,P006,ST004,1,3999,0,Visa,Cancelled
ORD11569,2024-08-09,C0288,P005,ST002,3,1599,0,Visa,Completed
ORD15081,2023-10-07,C0446,P022,ST002,3,1799,0,Mada,Completed
ORD11761,2023-08-06,C0456,P008,ST001,1,8999,0,Mada,Completed
ORD15558,2024-10-17,C0270,P016,ST003,1,3699,0.05,Visa,Completed
ORD10751,2024-11-17,C0228,P042,ST003,1,11499,0.05,Mada,Completed
ORD12117,2024-04-08,C0180,P027,ST002,1,3499,0,Cash,Completed
ORD11335,2023-10-07,C0111,P031,ST003,1,2699,0.05,Mastercard,Completed
ORD12013,2023-12-21,C0300,P021,ST003,1,849,0, Mada  ,Completed
ORD11990,2023-01-24,C0303,P010,ST002,2,6999,0,Mada,Returned
ORD11992,2024-05-24,C0142,P040,ST002,2,349,0,Visa,Completed
ORD13068,2024-03-05,C0376,P037,ST001,1,2299,0.05,Mada,Completed
ORD10651,2024-01-20,C0016,P001,ST001,1,5999,0,Mada,Completed
ORD13950,2024-03-16,C0449,P017,ST002,1,1899,0,Mada,Completed
ORD11926,2023-07-07,C0128,P043,ST002,1,1899,0,Visa,Completed
ORD15312,2023-01-06,C0159,P022,ST001,1,1799,0,Visa,Completed
ORD17191,2023-09-08,C0363,P033,ST004,1,2699,0.05,Mastercard,Completed
ORD16343,2024-08-29,C0212,P025,ST001,1,2299,0,Apple Pay,Completed
ORD15947,2024-07-03,C0050,P025,ST001,1,2299,0.1,Visa,Completed
ORD10025,2023-11-29,C0462,P027,ST001,1,3499,0,Bank Transfer,Completed
ORD15252,2024-01-19,C0418,P012,ST003,1,7299,0.1,Mada,Completed
ORD14040,2024-03-14,C0241,P032,ST002,1,2199,0,Mada,Completed
ORD14237,2024-07-31,C0149,P048,ST003,3,89,0.1,Mada,Completed
ORD15666,2023-11-24,C0064,P022,ST002,1,1799,0,Visa,Completed
ORD10455,2023-10-23,C0255,P011,ST001,1,2799,0.05,Mada,Completed
ORD14663,2024-07-20,C0022,P037,ST001,1,2299,0,Apple Pay,Completed
ORD15751,2023-07-09,C0357,P007,ST001,1,2999,0.05,Visa,Completed
ORD13190,2023-03-12,C0480,P040,ST001,3,349,0,Mastercard,Completed
ORD13404,2024-04-11,C0467,P044,ST001,2,1099,0,Visa,Completed
ORD15578,2024-04-08,C0070,P003,ST001,1,3499,0,Visa,Completed
ORD13265,06/05/2024,C0067,P026,ST001,1,6799,0.1,Mada,Completed
ORD14173,2023-09-28,C0255,P046,ST002,4,1199,0.05,Mada,Completed
ORD11002,2024-03-12,C0417,P049,ST002,1,399,0,Apple Pay,Completed
ORD12603,2024-04-14,C0039,P012,ST004,1,7299,0,Mada,Completed
ORD14976,2023-12-13,C0227,P010,ST001,1,6999,0,Visa,Completed
ORD16733,2023-12-05,C0068,P002,ST001,2,4299,0.1,Mastercard,Completed
ORD16546,2024-05-18,C0298,P034,ST002,1,3299,0, Mada  ,Completed
ORD11624,2023-11-29,C0227,P027,ST002,2,3499,0,Apple Pay,Completed
ORD16230,2023-02-26,C0201,P026,ST004,1,6799,0.05,Visa,Completed
ORD10433,2024-07-25,C0442,P034,ST001,4,3299,0.05,Visa,Completed
ORD16808,2024-03-18,C0186,P024,ST003,1,3999,0,Visa,Completed
ORD13364,2024-03-16,C0186,P005,ST003,3,1599,0,Mada,Completed
ORD14129,2023-05-03,C0324,P032,ST002,2,2199,0.15,Mada,Completed
ORD10745,2024-06-24,C0050,P013,ST001,1,4299,0,Cash,Completed
ORD16774,2023-03-18,C0342,P012,ST003,1,7299,0,Mastercard,Completed
ORD11822,2023-08-15,C0293,P005,ST003,1,1599,0.1,Apple Pay,Completed
ORD16543,2024-04-11,C0144,P014,ST002,2,5499,0,Mada,Completed
ORD14013,2023-03-11,C0389,P028,ST001,1,4299,0, Visa  ,Completed
ORD10261,2024-12-16,C0167,P044,ST001,1,1099,0,Apple Pay,Completed
ORD14912,2024-11-30,C0293,P009,ST001,4,4999,0,Visa,Completed
ORD10563,2024-04-20,C0394,P017,ST002,1,1899,0,Mada,Completed
ORD16158,2023-04-15,C0260,P027,ST001,1,3499,0.15,Mada,Completed
ORD12702,2024-05-13,C0432,P015,ST004,1,2899,0,Mada,Completed
ORD10201,2023-10-28,C0386,P034,ST003,1,3299,0,Mada,Returned
ORD14453,2023-07-03,C0135,P049,ST003,1,399,0,Mastercard,Completed
ORD12054,2023-08-05,C0206,P037,ST002,2,2299,0,Cash,Completed
ORD11636,2023-07-28,C0207,P002,ST002,1,4299,0.1,Mada,Completed
ORD13085,2023-08-24,C0077,P049,ST004,3,399,0,Visa,Completed
ORD12928,2023-02-23,C0195,P038,ST001,3,2199,0,Visa,Completed
ORD11156,2023-06-05,C0400,P042,ST001,1,11499,0,Apple Pay,Completed
ORD14907,2024-02-12,C0095,P002,ST002,4,4299,0, Apple Pay  ,Returned
ORD13032,2023-08-08,C0315,P017,ST004,1,1899,0.05,Visa,Completed
ORD17180,2024-09-03,C0006,P036,ST002,1,599,0,Mada,Completed
ORD15137,2023-05-19,C0372,P033,ST003,3,2699,0,Mastercard,Completed
ORD10199,2024-04-16,C0163,P036,ST003,1,599,10%,Bank Transfer,Completed
ORD11938,2024-04-15,C0470,P038,ST001,2,2199,0.1,Mada,Completed
ORD16269,2023-07-17,C0005,P008,ST001,1,8999,0,Apple Pay,Completed
ORD10553,2023-04-19,C0246,P006,ST001,1,3999,0.05,Bank Transfer,Completed
ORD11663,2024-04-01,C0473,P044,ST003,1,1099,0,Mada,Completed
ORD12618,2024-07-10,C0379,P012,ST002,1,7299,0,Apple Pay,Completed
ORD17140,2024-12-03,C0209,P023,ST001,2,3699,0.1,Mada,Completed
ORD15087,2023-12-16,C0109,P026,ST001,1,6799,0.05,Visa,Completed
ORD14027,2024-04-06,C0150,P027,ST003,3,3499,0,Mada,Returned
ORD16999,2023-10-17,C0458,P007,ST001,,2999,0,Apple Pay,Completed
ORD12965,2024-04-06,C0252,P026,ST003,1,6799,0,Mada,Returned
ORD15717,2024-04-15,C0279,P027,ST004,1,3499,0.1,Apple Pay,Completed
ORD13237,2023-06-18,C0145,P038,ST002,1,2199,0.05,Visa,Completed
ORD14290,2023-07-22,C0014,P001,ST001,1,5999,0.15,Mada,Completed
ORD12846,2023-10-01,C0070,P026,ST003,1,6799,0,Mada,Completed
ORD13292,2024-06-21,C0305,P003,ST004,1,3499,0,Apple Pay,Completed
ORD16469,05/07/2023,C0495,P021,ST002,1,849,0,Apple Pay,Completed
ORD15626,2024-11-28,C0232,P020,ST002,1,1499,0,Visa,Completed
ORD12202,2023-04-13,C0436,P016,ST001,1,3699,0,Apple Pay,Completed
ORD14378,2024-09-28,C0120,P043,ST002,3,1899,0,Bank Transfer,Completed
ORD14639,2024-05-03,C0216,P045,ST003,1,599,0.05,Visa,Completed
ORD16286,2023-03-27,C0472,P036,ST002,1,599,0,Mada,Completed
ORD16901,2024-10-09,C0016,P008,ST001,1,8999,0, Visa  ,Completed
ORD12329,2024-07-15,C0430,P023,ST001,1,3699,0,Cash,Completed
ORD16729,2023-06-27,C0318,P006,ST001,1,3999,0.15,Apple Pay,Completed
ORD13177,2023-02-16,C0296,P017,ST002,1,1899,0,Mada,Completed
ORD12369,2023-07-24,C0383,P042,ST001,1,11499,0,Mastercard,Returned
ORD16228,04/05/2023,C0187,P049,ST001,1,399,0,Mastercard,Completed
ORD10871,2023-05-12,C0265,P047,ST002,1,119,0.15,Mada,Completed
ORD10616,2024-05-31,C0034,P004,ST001,1,4599,0,Visa,Completed
ORD13769,2024-04-08,C0474,P013,ST003,1,4299,0,Mada,Completed
ORD14779,2024-08-20,C0119,P034,ST003,2,3299,0,Mada,Completed
ORD10913,2024-03-14,C0390,P017,ST001,2,1899,0,Mastercard,Completed
ORD11693,2024-04-27,C0431,P011,ST004,1,2799,0,Mastercard,Completed
ORD13834,2023-02-05,C0486,P023,ST001,1,3699,0.1,Mastercard,Completed
ORD13101,2024-11-23,C0082,P006,ST003,1,3999,0,Mada,Completed
ORD11859,2023-12-05,C0138,P046,ST002,2,1199,0.1,Apple Pay,Completed
ORD17073,2024-05-19,C0215,P015,ST002,1,2899,0,Apple Pay,Completed
ORD13764,2024-04-28,C0410,P013,ST004,1,4299,0,Mada,Completed
ORD11385,2023-03-13,C0381,P018,ST002,1,999,0,Mada,Completed
ORD13136,2024-07-08,C0146,P041,ST003,1,10999,0,Mastercard,Completed
ORD13600,2023-03-27,C0468,P019,ST001,1,2299,0,Bank Transfer,Completed
ORD10851,2024-03-19,C0109,P021,ST001,1,849,0.05,Visa,Completed
ORD10611,2023-01-20,C0044,P046,ST001,2,1199,0,Mastercard,Completed
ORD12870,2024-04-01,C0179,P025,ST001,1,2299,0,Mada,Completed
ORD13905,2024-04-24,C0166,P044,ST003,3,1099,0.1,Mada,Completed
ORD15466,2023-11-04,C0243,P008,ST002,1,8999,0.1,Mada,Completed
ORD11905,2024-10-17,C0496,P046,ST002,1,1199,0,Visa,Completed
ORD10030,2024-05-05,C0252,P021,ST004,1,849,0.05,Cash,Returned
ORD16172,2024-03-28,C0458,P037,ST002,1,2299,0,Mada,Completed
ORD16607,2024-06-30,C0169,P011,ST002,1,2799,0.15,Apple Pay,Completed
ORD12830,2023-06-18,C0079,P049,ST004,2,399,0,Mada,Completed
ORD14240,2024-04-03,C0242,P033,ST001,1,2699,0,Mada,Completed
ORD16768,2024-04-25,C0078,P009,ST001,1,4999,0.05,Mada,Completed
ORD15766,2023-11-22,C0162,P045,ST001,1,599,0.05,Visa,Completed
ORD11486,2023-03-03,C0073,P014,ST002,1,5499,0.1,Mada,Completed
ORD16614,2024-02-16,C0214,P018,ST002,3,999,0,Bank Transfer,Completed
ORD16827,2023-11-28,C0454,P008,ST003,1,8999,0,Apple Pay,Completed
ORD15016,2023-06-25,C0139,P045,ST003,2,599,0,Cash,Completed
ORD12594,2024-07-02,C0328,P009,ST004,2,4999,0.1,Apple Pay,Completed
ORD14995,22/04/2024,C0375,P030,ST003,1,6499,0.05,Mada,Completed
ORD10673,2024-09-14,C0274,P025,ST002,1,2299,0,Visa,Completed
ORD12764,2024-01-21,C0027,P014,ST001,1,5499,0,Cash,Completed
ORD16315,2023-02-10,C0200,P020,ST002,1,1499,0,Visa,Completed
ORD14006,2024-09-03,C0239,P025,ST004,1,2299,0.1,Apple Pay,Completed
ORD16854,2024-08-17,C0178,P035,ST001,1,849,0.05,Mastercard,Completed
ORD17054,2024-11-28,C0272,P031,ST004,1,2699,0.05,Mada,Completed
ORD16030,2023-06-13,C0083,P021,ST001,1,849,0.2,Apple Pay,Completed
ORD16735,2024-07-18,C0451,P027,ST003,1,3499,0,Mada,Completed
ORD15122,2024-05-19,C0191,P038,ST001,1,2199,0.15,Mada,Completed
ORD13385,2023-05-11,C0403,P036,ST004,1,599,0.05,Visa,Completed
ORD13887,2024-12-17,C0043,P005,ST001,2,1599,0,Mada,Completed
ORD14624,2024-02-18,C0227,P040,ST001,2,349,0.2,Visa,Completed
ORD10984,2023-02-15,C0040,P005,ST001,1,1599,0,Mada,Completed
ORD14631,2024-05-09,C0004,P021,ST003,3,849,0,Apple Pay,Completed
ORD11413,2023-02-22,C0028,P041,ST001,3,10999,0,Apple Pay,Completed
ORD11528,2024-02-14,C0348,P005,ST001,1,1599,0,Mada,Completed
ORD16383,2023-05-27,C0073,P025,ST001,1,2299,0,Visa,Completed
ORD16886,2024-12-13,C0009,P025,ST004,2,2299,0,Mastercard,Completed
ORD13253,2023-11-20,C0489,P029,ST003,4,4999,0.2,Apple Pay,Completed
ORD11373,2023-10-15,C0168,P022,ST003,1,1799,0,Apple Pay,Completed
ORD14748,2024-06-21,C0120,P040,ST001,1,349,0,Visa,Completed
ORD12348,2023-05-22,C0077,P043,ST001,1,1899,0, Mada  ,Completed
ORD12343,2024-05-05,C0149,P014,ST003,1,5499,0.1,Mada,Completed
ORD12302,2023-12-19,C0459,P047,ST003,1,119,0,Mada,Completed
ORD11127,22/08/2023,C0169,P003,ST002,1,3499,0,Mada,Completed
ORD12177,2023-02-10,C0095,P003,ST003,1,3499,0,Visa,Completed
ORD12641,2024-03-26,C0217,P012,ST001,3,7299,0.05,Cash,Completed
ORD14542,2024-04-13,C0081,P004,ST003,1,4599,0.15,Bank Transfer,Completed
ORD16183,2024-09-15,C0455,P022,ST002,1,1799,0,Mastercard,Completed
ORD10460,2024-09-25,C0363,P019,ST003,1,2299,0,Mastercard,Completed
ORD16740,2024-04-02,C0481,P012,ST002,1,7299,0,Mastercard,Completed
ORD15391,2023-06-13,C0361,P026,ST003,1,6799,0.1,Visa,Completed
ORD13270,2023-12-26,C0260,P026,ST001,1,6799,0,Apple Pay,Completed
ORD15944,2023-08-03,C0365,P024,ST001,1,3999,0,Apple Pay,Completed
ORD14408,2024-05-07,C0434,P018,ST004,1,999,0.1,Apple Pay,Completed
ORD16405,2024-02-28,c0457,P034,ST001,1,3299,0.1,Visa,Completed
ORD15684,2023-09-19,C0086,P017,ST001,1,1899,0.1,Mada,Completed
ORD12586,2024-03-24,C0107,P002,ST001,1,4299,0.2,Mada,Completed
ORD13743,2023-12-08,C0358,P014,ST003,1,5499,0.05,Mada,Returned
ORD11425,2024-08-31,C0482,P002,ST001,1,4299,0%,Visa,Completed
ORD11303,2023-11-15,C0175,P008,ST002,1,8999,0,Apple Pay,Completed
ORD12272,2024-12-07,C0041,P049,ST001,1,399,0,Apple Pay,Completed
ORD12158,2023-09-27,C0371,P042,ST002,2,11499,0,Mada,Completed
ORD17205,2023-05-07,C0200,P007,ST003,1,2999,0,Mada,Completed
ORD14618,2024-09-15,C0286,P027,ST004,2,3499,0,Mada,Returned
ORD15291,2024-03-03,C0006,P023,ST002,1,3699,0,Mastercard,Completed
ORD17002,2024-10-06,C0136,P026,ST001,1,6799,0.1,Bank Transfer,Completed
ORD13494,2024-08-23,C0253,P039,ST001,1,1499,0,Mada,Completed
ORD13919,2023-07-05,C0284,P013,ST002,1,4299,0,Cash,Completed
ORD14711,2024-05-02,C0347,P015,ST004,1,2899,0,Mastercard,Completed
ORD11381,2023-10-05,C0130,P022,ST002,1,1799,0.05,Visa,Completed
ORD10734,2024-07-01,C0295,P045,ST002,1,599,0,Mastercard,Completed
ORD13755,2023-01-07,C0215,P033,ST001,1,2699,0.1,Cash,Completed
ORD11110,2024-04-18,C0189,P013,ST002,2,4299,0,Mada,Completed
ORD11224,2024-12-30,C0374,P005,ST003,1,1599,0,Mada,Completed
ORD11768,2024-08-25,C0224,P022,ST003,1,1799,0.05,Apple Pay,Completed
ORD13707,2023-10-05,C0473,P018,ST003,4,999,0,Mastercard,Completed
ORD15511,2024-12-13,C0235,P006,ST001,1,3999,0,Mada,Completed
ORD13758,15/01/2024,C0205,P043,ST002,3,1899,0.1,Apple Pay,Completed
ORD15555,2023-07-26,C0493,P044,ST001,3,1099,0,Mada,Completed
ORD16245,2024-03-24,C0422,P009,ST002,1,4999,0.15, Mada  ,Completed
ORD15086,2024-03-25,C0246,P023,ST001,1,3699,0,Visa,Completed
ORD11025,2024-01-22,C0040,P048,ST001,2,89,0.1,Cash,Completed
ORD13821,2024-05-14,C0277,P046,ST004,2,1199,0,Mastercard,Completed
ORD11032,2024-08-03,C0173,P032,ST001,1,2199,0,Mada,Completed
ORD14224,2023-01-28,C0354,P029,ST001,1,4999,5%,Visa,Completed
ORD11958,2024-08-09,C0474,P038,ST001,1,2199,0,Apple Pay,Completed
ORD11470,2024-05-25,C0095,P002,ST001,1,4299,0,Apple Pay,Completed
ORD16201,2023-07-27,C0304,P011,ST004,4,2799,0,Visa,Completed
ORD16923,2023-08-28,C0441,P028,ST001,1,4299,0.05,Visa,Completed
ORD11249,2024-04-06,C0356,P017,ST004,3,1899,0.05,Visa,Completed
ORD15449,2023-04-26,C0314,P030,ST003,1,6499,0,Visa,Completed
ORD13367,2024-08-29,C0048,P005,ST002,1,1599,0,Mada,Completed
ORD11764,2024-01-28,C0476,P047,ST001,1,119,0,Mada,Completed
ORD12450,2023-01-16,C0344,P036,ST002,1,599,0,Visa,Completed
ORD13389,2024-09-26,C0490,P005,ST002,1,1599,0,Mada,Completed
ORD16099,2024-03-05,C0142,P036,ST003,3,599,0.05,Mada,Completed
ORD15833,2024-03-02,C0071,P049,ST001,1,399,0.05,Visa,Completed
ORD10730,2024-09-13,C0367,P034,ST001,2,3299,0.1,Mada,Completed
ORD16559,2024-11-17,C0084,P015,ST003,1,2899,0,Bank Transfer,Completed
ORD12007,2024-04-20,C0394,P031,ST002,1,2699,0.15,Apple Pay,Completed
ORD12724,2023-01-09,C0173,P039,ST003,1,1499,0.05,Mastercard,Completed
ORD13470,2023-12-03,C0318,P001,ST003,2,5999,0.1,Mada,Completed
ORD13137,2023-09-12,C0175,P024,ST004,1,3999,0.1,Mada,Completed
ORD13182,2024-12-10,C0440,P003,ST003,2,3499,0,Mada,Completed
ORD11704,2023-04-01,C0283,P023,ST002,1,3699,0,Mada,Completed
ORD11800,2023-05-22,C0142,P004,ST001,1,4599,0,Visa,Completed
ORD17206,2024-03-13,C0224,P027,ST002,1,3499,0.1,Visa,Completed
ORD12418,2024-09-24,C0412,P010,ST001,1,6999,0.2,Mada,Completed
ORD12452,2024-03-14,C0191,P016,ST003,3,3699,0.05,Mada,Completed
ORD16142,2024-04-15,C0014,P037,ST001,1,2299,0,Cash,Completed
ORD16309,2024-06-08,C0413,P026,ST002,1,6799,0,Mada,Completed
ORD16171,2024-04-18,C0226,P017,ST001,2,1899,0,Mastercard,Completed
ORD16313,2023-05-16,C0103,P048,ST003,1,89,0,Visa,Completed
ORD10756,2024-09-05,C0066,P029,ST001,2,4999,0,Mastercard,Completed
ORD12460,08/08/2023,C0348,P017,ST003,1,1899,0.1,Mada,Completed
ORD13529,2023-09-17,C0221,P010,ST001,1,6999,0.05,Visa,Completed
ORD10166,2024-08-10,C0371,P006,ST001,2,3999,0,Mada,Completed
ORD17033,2023-11-04,C0308,P030,ST001,1,6499,0,Mada,Completed
ORD10405,2024-06-27,C0272,P029,ST001,1,4999,0%,Mada,Completed
ORD13246,2024-03-17,C0474,P032,ST002,1,2199,0, Mastercard  ,Completed
ORD11100,2024-11-20,C0288,P037,ST003,3,2299,0.05,Mada,Returned
ORD13086,2024-04-28,C0425,P019,ST001,1,2299,0,Visa,Completed
ORD11946,2024-04-17,C0213,P045,ST001,1,599,0.05,Cash,Completed
ORD17056,2024-03-18,C0266,P033,ST001,1,2699,0,Visa,Completed
ORD11368,2024-05-04,C0212,P037,ST004,1,2299,0.05,Visa,Completed
ORD16926,2023-10-25,C0372,P048,ST004,1,89,0.1,Mastercard,Completed
ORD13984,2024-05-15,C0125,P026,ST001,2,6799,0,Mada,Completed
ORD16702,2023-04-11,C0266,P022,ST001,1,1799,0,Mada,Completed
ORD14566,2024-03-12,c0331,P029,ST003,1,4999,0,Mastercard,Completed
ORD14229,2023-07-20,C0112,P041,ST001,1,10999,0%,Apple Pay,Completed
ORD15528,2024-08-27,C0278,P021,ST001,1,849,0.15,Mada,Completed
ORD15375,2024-03-06,C0498,P018,ST001,2,999,0.1,Apple Pay,Completed
ORD15015,2024-12-27,C0450,P028,ST002,2,4299,0,Mada,Completed
ORD11799,2023-09-15,C0091,P033,ST004,1,2699,0,Mada,Completed
ORD11028,2023-08-16,C0260,P031,ST002,1,2699,0.05,Mada,Completed
ORD10417,2023-01-04,C0373,P032,ST004,1,2199,0,Cash,Completed
ORD13390,2024-04-24,C0369,P022,ST003,1,1799,0,Mada,Completed
ORD11188,2023-06-19,C0078,P015,ST003,2,2899,0.1,Bank Transfer,Completed
ORD10619,2023-06-22,C0022,P028,ST002,3,4299,0,Visa,Completed
ORD14079,2023-05-01,C0261,P036,ST002,1,599,0.1,Mastercard,Completed
ORD14602,2024-04-17,C0442,P005,ST002,2,1599,0,Mada,Completed
ORD10321,2023-09-06,C0057,P019,ST004,1,2299,0.05,Visa,Completed
ORD14931,2024-05-06,C0214,P035,ST004,1,849,0.05,Mastercard,Completed
ORD10562,2024-06-19,C0056,P036,ST002,1,599,0,Visa,Completed
ORD10487,2023-04-09,C0344,P014,ST004,1,5499,0,Mada,Completed
ORD17019,2024-01-18,C0181,P017,ST002,1,1899,0,Cash,Completed
ORD16444,2023-05-26,C0098,P031,ST002,1,2699,0,Visa,Returned
ORD11760,2023-06-10,C0026,P012,ST002,1,7299,0,Mastercard,Completed
ORD10131,2024-08-03,C0052,P007,ST003,3,2999,0,Apple Pay,Completed
ORD11255,2023-10-26,C0225,P041,ST001,1,10999,0.05,Visa,Completed
ORD16478,2024-07-28,C0156,P042,ST001,2,11499,0.05,Visa,Completed
ORD15397,2023-10-23,C0317,P025,ST002,1,2299,0,Bank Transfer,Completed
ORD14833,2023-05-19,C0462,P035,ST003,1,849,0.15,Cash,Completed
ORD14213,2024-06-15,C0499,P038,ST002,2,2199,0,Cash,Completed
ORD12149,2024-09-07,C0076,P001,ST001,1,5999,0,Apple Pay,Completed
ORD10777,2024-03-17,C0192,P004,ST002,1,4599,0,Mada,Returned
ORD16914,2023-07-12,C0350,P027,ST001,1,3499,0,Visa,Completed
ORD17068,2023-09-23,C0397,P042,ST001,1,11499,0,Mada,Completed
ORD16385,2023-06-20,C0160,P010,ST001,2,6999,0,Mada,Completed
ORD13532,2023-07-10,C0217,P033,ST003,2,2699,0,Bank Transfer,Completed
ORD13993,2023-01-14,C0406,P043,ST001,1,1899,0,Visa,Completed
ORD10609,2023-04-01,C0159,P037,ST003,1,2299,0.1,Mada,Completed
ORD14489,2023-08-03,C0158,P001,ST002,1,5999,0,Mada,Completed
ORD15381,2023-10-25,C0322,P003,ST002,1,3499,0,Visa,Completed
ORD15366,2023-08-24,C0036,P010,ST003,1,6999,0,Mada,Completed
ORD16390,2023-03-09,C0077,P010,ST003,1,6999,0,Cash,Completed
ORD12154,2024-03-15,C0304,P022,ST004,2,1799,0, Mastercard  ,Completed
ORD16897,2024-03-25,C0271,P013,ST002,1,4299,0.1,Apple Pay,Completed
ORD10891,2023-10-09,C0122,P011,ST001,1,2799,0,Mada,Completed
ORD17141,2023-11-21,C0019,P048,ST001,2,89,0.1,Mastercard,Completed
ORD15484,2023-12-29,C0124,P004,ST001,2,4599,0.05,Visa,Completed
ORD16738,2023-11-02,C0077,P027,ST004,1,3499,0,Mada,Completed
ORD12571,2024-03-26,C0457,P002,ST003,2,4299,0.1,Mastercard,Completed
ORD11547,2023-06-11,C0141,P033,ST002,1,2699,0,Visa,Completed
ORD13388,2023-07-27,C0267,P048,ST001,1,89,0,Apple Pay,Completed
ORD10590,2024-06-16,C0370,P044,ST002,1,1099,0.1,Apple Pay,Completed
ORD10662,2023-06-10,C0152,P036,ST002,1,599,0.1,Visa,Completed
ORD13059,2024-04-07,C0321,P017,ST002,3,1899,0.05,Mada,Completed
ORD14087,2023-10-01,C0077,P032,ST002,1,2199,0.05,Visa,Completed
ORD15402,2024-06-23,C0487,P023,ST002,4,3699,0.05,Mada,Completed
ORD11549,2023-02-13,C0480,P050,ST002,2,599,0,Visa,Completed
ORD11948,2024-10-06,C0356,P038,ST002,4,2199,0.05,Mastercard,Completed
ORD11914,2023-11-09,C0125,P039,ST002,1,1499,0.1,Apple Pay,Completed
ORD16179,2024-09-28,C0494,P003,ST002,1,3499,0,Mada,Completed
ORD12840,2023-07-16,C0328,P048,ST001,1,89,0,Apple Pay,Completed
ORD11046,2024-03-05,C0027,P001,ST001,1,5999,0.1,Apple Pay,Completed
ORD13990,2024-04-06,C0389,P021,ST002,1,849,0,Mastercard,Completed
ORD15852,2024-01-23,C0376,P038,ST003,1,2199,0,Mada,Completed
ORD12628,2024-03-21,C0100,P033,ST003,1,2699,0.05,Visa,Completed
ORD14057,2024-08-09,C0482,P045,ST002,1,599,0,Cash,Completed
ORD12740,2023-08-25,C0151,P018,ST001,1,999,0.1,Visa,Completed
ORD14942,2023-09-20,C0493,P009,ST004,1,4999,0,Cash,Completed
ORD16193,2023-06-14,C0267,P045,ST001,2,599,0%,Apple Pay,Completed
ORD15921,2024-04-06,C0127,P032,ST002,1,2199,0.1,Mada,Completed
ORD11552,2023-06-07,C0394,P048,ST001,1,89,0.15,Apple Pay,Completed
ORD12672,2023-12-06,C0044,P019,ST001,1,2299,0,Cash,Completed
ORD15519,2024-10-19,C0361,P020,ST002,1,1499,0,Mastercard,Completed
ORD14158,2024-09-25,C0361,P021,ST003,4,849,0,Mada,Returned
ORD10962,2024-03-01,C0350,P013,ST003,1,4299,0.1,Mada,Completed
ORD10940,2024-07-13,C0253,P019,ST002,1,2299,0.15,Mada,Completed
ORD16203,22/04/2024,C0151,P029,ST001,1,4999,0.15,Mada,Completed
ORD10752,2024-03-01,C0049,P037,ST002,1,2299,0.05,Mada,Completed
ORD17242,2023-05-21,C0302,P010,ST002,1,6999,0.05, Mada  ,Completed
ORD13228,2024-08-06,C0353,P022,ST002,1,1799,0.05,Mada,Completed
ORD10768,2023-04-12,C0380,P049,ST001,1,399,0,Cash,Completed
ORD14678,2023-10-22,C0307,P033,ST001,1,2699,0.05,Mada,Completed
ORD17006,2023-08-06,C0044,P033,ST002,1,2699,0,Mastercard,Completed
ORD11282,2023-10-04,C0209,P033,ST001,2,2699,0.1,Mada,Completed
ORD14330,2024-08-17,C0148,P003,ST001,2,3499,0.05,Mastercard,Completed
ORD11720,2023-08-20,C0280,P026,ST002,1,6799,0.15,Mastercard,Completed
ORD16815,2024-04-21,C0449,P026,ST003,2,6799,0,Visa,Completed
ORD10829,2024-04-05,C0214,P005,ST001,1,1599,0.1, Mada  ,Completed
ORD12701,2024-05-09,C0002,P036,ST001,1,599,0.15,Visa,Completed
ORD12469,2024-08-13,C0467,P016,ST001,1,3699,0,Bank Transfer,Completed
ORD14501,2023-11-01,C0157,P044,ST002,1,1099,0,Bank Transfer,Completed
ORD16525,2023-09-22,C0380,P013,ST002,3,4299,10%,Mada,Completed
ORD16125,2024-02-13,C0010,P048,ST002,1,89,0,Bank Transfer,Completed
ORD10936,2023-11-15,C0035,P032,ST004,1,2199,0,Mastercard,Completed
ORD11125,2024-11-15,C0374,P015,ST001,1,2899,0.05,Mastercard,Completed
ORD16261,2024-06-14,C0369,P004,ST002,1,4599,0,Visa,Completed
ORD15912,2024-04-05,C0070,P030,ST001,4,6499,0.15,Mada,Completed
ORD15097,02/08/2024,C0014,P039,ST002,3,1499,0,Visa,Completed
ORD13449,2023-09-05,C0348,P042,ST001,1,11499,0.05,Visa,Completed
ORD13774,2024-03-07,C0480,P013,ST001,1,4299,0.1,Mada,Completed
ORD16996,2024-04-20,C0406,P042,ST003,1,11499,0,Bank Transfer,Completed
ORD12278,2024-01-29,C0209,P030,ST001,3,6499,0,Apple Pay,Completed
ORD16391,2024-03-12,C0031,P013,ST001,2,4299,0,Cash,Completed
ORD15079,2024-05-21,C0393,P046,ST002,1,1199,0.05,Bank Transfer,Completed
ORD15510,2023-10-28,C0382,P015,ST002,1,2899,0,Apple Pay,Completed
ORD10173,2023-04-26,C0361,P005,ST002,1,1599,0,Visa,Completed
ORD14091,2024-04-23,C0366,P030,ST003,1,6499,0,Cash,Completed
ORD14114,2023-03-09,C0138,P045,ST002,1,599,0, Mada  ,Completed
ORD12655,2024-03-18,C0072,P014,ST001,1,5499,0.1,Mastercard,Completed
ORD13650,2023-10-14,C0158,P032,ST001,1,2199,0.05,Mada,Completed
ORD14543,2024-01-18,C0230,P037,ST004,2,2299,0,Visa,Completed
ORD13729,2023-08-20,C0489,P043,ST001,1,1899,0,Apple Pay,Completed
ORD15478,2024-04-28,C0071,P015,ST001,1,2899,0,Mastercard,Completed
ORD13019,2023-10-16,C0356,P010,ST001,1,6999,0.2,Mada,Completed
ORD14362,2023-09-10,C0455,P041,ST001,1,10999,0.05,Mada,Completed
ORD12540,2023-09-07,C0032,P032,ST002,,2199,0,Mastercard,Completed
ORD17143,2024-05-28,C0371,P038,ST003,1,2199,0.05,Mada,Completed
ORD17085,2024-12-31,C0376,P015,ST003,1,2899,0,Mastercard,Completed
ORD12852,2023-01-23,C0357,P006,ST003,1,3999,0.1,Mada,Completed
ORD14137,2024-04-12,C0307,P013,ST002,1,4299,0.05,Mada,Completed
ORD14497,2024-04-03,C0078,P040,ST002,1,349,0,Mada,Completed
ORD15560,2024-04-03,C0194,P028,ST003,3,4299,0,Cash,Completed
ORD13478,2024-04-09,C0107,P004,ST003,2,4599,0.05,Mada,Completed
ORD13108,2024-03-28,C0001,P044,ST001,1,1099,0.2,Bank Transfer,Completed
ORD14034,2023-03-04,C0221,P025,ST003,1,2299,0.1,Cash,Completed
ORD12818,2024-06-01,C0462,P045,ST002,1,599,0,Mastercard,Completed
ORD13590,2024-12-19,C0101,P027,ST002,1,3499,0.05,Mada,Completed
ORD15457,2024-06-22,C0214,P011,ST003,2,2799,0.1,Mastercard,Completed
ORD15979,2023-07-26,C0273,P049,ST004,1,399,0,Apple Pay,Returned
ORD12257,2023-03-19,C0003,P027,ST002,1,3499,0.1,Visa,Completed
ORD17016,2024-04-13,C0322,P032,ST001,1,2199,0.05,Visa,Completed
ORD12338,2024-10-14,C0110,P020,ST004,2,1499,0, Visa  ,Completed
ORD10930,2024-03-28,C0219,P044,ST002,1,1099,0,Bank Transfer,Completed
ORD12695,2024-04-25,C0013,P050,ST003,1,599,0,Visa,Completed
ORD12414,2023-08-16,C0261,P018,ST003,1,999,0,Mada,Completed
ORD15365,2023-01-02,C0096,P044,ST003,1,1099,0.1,Mada,Completed
ORD13958,2024-03-26,C0354,P027,ST001,1,3499,0,Mada,Completed
ORD10488,2023-10-12,C0314,P011,ST001,2,2799,0.1,Mastercard,Completed
ORD16491,2023-02-28,C0319,P031,ST003,1,2699,0,Cash,Completed
ORD12661,2023-11-08,C0358,P049,ST002,1,399,0.05,Cash,Completed
ORD15182,2024-03-12,C0436,P042,ST002,3,11499,0,Visa,Completed
ORD11628,2024-04-12,C0491,P038,ST002,1,2199,0,Mastercard,Completed
ORD10627,2024-01-02,C0190,P045,ST003,4,599,0,Visa,Completed
ORD15502,2024-06-15,C0173,P049,ST001,2,399,0.05,Mada,Completed
ORD14304,2023-05-14,C0150,P015,ST002,1,2899,0,Visa,Completed
ORD12486,2024-12-03,C0046,P037,ST001,1,2299,0.05,Bank Transfer,Completed
ORD10532,2024-03-08,C0181,P011,ST003,1,2799,0,Cash,Completed
ORD16944,2024-08-13,C0003,P034,ST003,1,3299,0,Mastercard,Completed
ORD15175,2023-06-22,C0238,P042,ST003,1,11499,0.1,Visa,Completed
ORD14504,2024-08-15,C0024,P015,ST002,1,2899,0.05,Mada,Completed
ORD12916,2023-02-14,C0060,P029,ST003,1,4999,0,Bank Transfer,Completed
ORD12924,2024-03-25,C0458,P049,ST002,1,399,0,Mada,Completed
ORD15676,2024-09-04,C0058,P010,ST001,1,6999,0,Apple Pay,Completed
ORD13045,2023-12-17,C0349,P037,ST001,4,2299,0,Mada,Completed
ORD12954,2024-04-15,C0416,P020,ST003,3,1499,0,Mada,Completed
ORD12996,2023-06-14,C0366,P003,ST001,1,3499,0.15,Apple Pay,Completed
ORD16413,2024-04-15,C0181,P048,ST001,1,89,0.15,Cash,Completed
ORD15830,2024-03-11,C0290,P022,ST003,1,1799,0,Visa,Completed
ORD13936,2024-05-14,C0193,P003,ST001,1,3499,0.05, Mada  ,Completed
ORD10650,2023-01-04,C0377,P030,ST003,1,6499,0,Apple Pay,Completed
ORD17037,26/11/2024,C0117,P024,ST003,1,3999,0,Mada,Completed
ORD12887,2023-04-23,C0464,P045,ST003,1,599,0.1,Mada,Completed
ORD15925,2024-08-19,C0056,P003,ST001,1,3499,0,Mastercard,Completed
ORD15037,2023-03-18,C0146,P043,ST001,1,1899,0.2,Apple Pay,Completed
ORD17060,2024-06-17,C0367,P004,ST002,3,4599,0,Cash,Completed
ORD13810,2023-12-13,C0233,P041,ST004,1,10999,0.05,Mada,Completed
ORD16803,2024-05-03,C0477,P041,ST003,3,10999,0.1,Visa,Completed
ORD12903,2023-01-26,C0073,P024,ST002,,3999,0,Apple Pay,Completed
ORD14097,2024-02-21,C0074,P011,ST001,2,2799,0,Mada,Completed
ORD10362,2023-02-06,C0459,P041,ST002,1,10999,0.1,Cash,Completed
ORD14011,2023-08-26,C0216,P021,ST001,1,849,0,Mada,Completed
ORD12318,2024-09-24,C0249,P037,ST003,1,2299,0.1, Bank Transfer  ,Completed
ORD12744,2024-09-27,C0175,P022,ST002,1,1799,0,Mada,Completed
ORD12533,2023-01-16,C0110,P029,ST001,1,4999,0.2,Mada,Completed
ORD11064,2023-12-30,C0352,P042,ST001,1,11499,0.1,Mada,Completed
ORD10959,2024-04-09,C0419,P049,ST001,1,399,0,Apple Pay,Completed
ORD14472,2024-06-30,C0176,P006,ST002,1,3999,0.1,Cash,Completed
ORD10945,2024-04-15,c0473,P018,ST003,2,999,0.05,Apple Pay,Completed
ORD10815,2024-05-05,C0011,P045,ST001,1,599,0,Mada,Completed
ORD16331,2024-03-22,C0247,P034,ST002,1,3299,0.15,Mada,Completed
ORD14166,2023-06-10,C0500,P044,ST002,2,1099,0,Mastercard,Completed
ORD10970,2023-07-28,C0108,P034,ST003,1,3299,0.05,Cash,Completed
ORD15591,2024-06-15,C0493,P037,ST003,1,2299,0,Mada,Completed
ORD12711,2024-04-07,C0188,P011,ST003,1,2799,0.2,Visa,Completed
ORD13025,2023-11-08,C0033,P036,ST002,1,599,0,Mada,Returned
ORD15023,2023-01-02,C0344,P048,ST002,1,89,0.05,Visa,Completed
ORD11653,2023-02-11,C0042,P020,ST001,1,1499,0,Apple Pay,Completed
ORD12715,2023-07-13,C0354,P008,ST003,1,8999,0.1,Apple Pay,Completed
ORD10494,2024-03-14,C0007,P031,ST001,3,2699,0,Visa,Cancelled
ORD12073,2024-05-02,C0490,P007,ST001,1,2999,0,Bank Transfer,Completed
ORD12626,2023-05-09,C0279,P014,ST002,1,5499,0,Mastercard,Completed
ORD16251,2024-03-08,C0289,P013,ST003,2,4299,0,Mastercard,Completed
ORD14491,2024-07-03,C0169,P024,ST001,2,3999,0,Visa,Completed
ORD16712,2024-07-26,C0211,P017,ST001,1,1899,0,Visa,Completed
ORD13153,2023-07-01,C0254,P036,ST001,1,599,0,Visa,Completed
ORD10965,2024-07-03,C0030,P001,ST004,2,5999,0,Mada,Completed
ORD15286,2024-04-17,C0422,P008,ST003,1,8999,0.05,Apple Pay,Completed
ORD13188,2023-07-05,C0333,P028,ST003,1,4299,0,Mastercard,Completed
ORD11882,2024-03-13,C0425,P008,ST002,2,8999,0.1,Visa,Completed
ORD11702,2023-10-04,C0238,P028,ST002,1,4299,0,Visa,Completed
ORD10498,2024-05-11,C0255,P030,ST001,1,6499,0,Apple Pay,Completed
ORD13770,2023-12-24,c0337,P040,ST004,1,349,0.1,Apple Pay,Returned
ORD12491,2023-07-25,C0080,P022,ST003,1,1799,0,Mada,Cancelled
ORD12610,2023-09-03,C0254,P014,ST001,1,5499,0.2,Apple Pay,Completed
ORD14259,2023-06-26,C0130,P006,ST004,1,3999,0.15,Apple Pay,Completed
ORD10617,2023-08-28,C0127,P036,ST001,3,599,0.05,Mastercard,Completed
ORD11227,2023-04-09,C0095,P028,ST001,2,4299,0,Mada,Completed
ORD11026,2024-03-04,C0160,P026,ST003,1,6799,0.05,Visa,Completed
ORD10620,2024-09-27,c0140,P001,ST004,1,5999,0.15,Apple Pay,Completed
ORD14415,2024-08-18,C0219,P011,ST003,1,2799,0.05,Mada,Completed
ORD11664,2024-09-02,C0496,P038,ST001,1,2199,0.1,Visa,Completed
ORD11109,2024-08-07,C0321,P021,ST004,1,849,0,Mada,Completed
ORD15710,2024-03-07,C0009,P037,ST003,1,2299,0,Mada,Completed
ORD12267,2024-03-07,C0412,P017,ST004,1,1899,0,Mastercard,Completed
ORD14334,2024-06-23,C0440,P007,ST001,1,2999,0,Mastercard,Returned
ORD14914,2024-06-29,C0028,P025,ST001,1,2299,0.1,Visa,Completed
ORD12998,2023-01-30,C0453,P050,ST001,1,599,0%,Mastercard,Completed
ORD10180,2024-11-18,C0393,P015,ST003,2,2899,0,Visa,Completed
ORD14853,2024-02-19,C0436,P034,ST001,2,3299,0.15,Visa,Completed
ORD10648,2023-03-12,C0355,P045,ST003,1,599,0,Mastercard,Completed
ORD13275,2023-08-01,C0029,P035,ST002,1,849,0.1,Mada,Completed
ORD13723,2024-09-30,C0405,P023,ST002,1,3699,0, Mada  ,Completed
ORD17029,2024-02-10,C0204,P044,ST002,1,1099,0.1,Mada,Completed
ORD15155,2024-05-17,C0391,P016,ST001,1,3699,0,Mada,Completed
ORD12885,2023-12-08,C0232,P026,ST003,4,6799,0.1,Mastercard,Returned
ORD15303,2024-03-16,C0382,P028,ST003,2,4299,0.15,Cash,Completed
ORD12689,2024-03-14,C0358,P002,ST001,1,4299,0,Cash,Completed
ORD15713,2024-05-07,C0439,P043,ST002,1,1899,0,Visa,Completed
ORD14254,2023-07-04,C0475,P007,ST002,1,2999,0,Bank Transfer,Completed
ORD16953,2023-01-12,C0093,P037,ST003,1,2299,0,Mada,Completed
ORD13065,2023-01-22,C0148,P034,ST003,1,3299,0,Visa,Completed
ORD14963,2024-08-31,C0397,P002,ST001,1,4299,0.05,Mada,Completed
ORD12507,2024-04-28,C0420,P018,ST004,1,999,0,Mastercard,Completed
ORD16254,2024-04-10,C0436,P037,ST003,1,2299,0,Mada,Completed
ORD11322,2023-11-27,C0253,P026,ST002,1,6799,0.1,Cash,Completed
ORD17192,2023-06-01,C0005,P008,ST003,1,8999,0,Bank Transfer,Completed
ORD17108,2023-11-06,C0236,P006,ST001,1,3999,0.1,Mada,Completed
ORD15752,2023-11-15,C0141,P048,ST003,1,89,0,Mada,Completed
ORD12955,2024-02-26,C0122,P039,ST001,1,1499,0.15,Mada,Completed
ORD15798,2024-03-25,C0432,P018,ST001,1,999,0,Visa,Completed
ORD13660,2024-11-04,C0179,P016,ST003,1,3699,0.1, Apple Pay  ,Completed
ORD11873,2024-04-11,C0472,P043,ST002,4,1899,0,Apple Pay,Completed
ORD13497,2023-12-04,C0221,P002,ST001,3,4299,0.1,Mastercard,Completed
ORD13778,2023-07-12,C0398,P011,ST003,1,2799,0, Visa  ,Completed
ORD16659,2024-01-04,C0211,P038,ST001,1,2199,0.05,Apple Pay,Completed
ORD13871,2023-11-16,C0211,P041,ST004,1,10999,0.1,Mada,Completed
ORD11713,2023-09-12,C0421,P039,ST003,1,1499,0,Cash,Completed
ORD13249,2024-03-09,C0491,P017,ST004,1,1899,0,Mada,Completed
ORD15529,2024-12-12,C0439,P010,ST002,1,6999,0.05,Mada,Completed
ORD12285,2023-10-19,C0265,P014,ST002,1,5499,0,Visa,Completed
ORD10138,2023-07-23,C0349,P033,ST003,1,2699,0.15,Visa,Completed
ORD14133,2024-07-19,C0458,P007,ST002,3,2999,0,Apple Pay,Completed
ORD12985,2024-12-06,C0057,P005,ST004,1,1599,0.1,Visa,Completed
ORD11943,2023-06-01,C0021,P005,ST003,1,1599,0,Mastercard,Completed
ORD17138,2024-04-09,C0071,P036,ST003,1,599,0,Mastercard,Completed
ORD15592,2024-04-02,C0055,P004,ST001,1,4599,0,Mada,Completed
ORD13200,2024-07-24,C0164,P004,ST002,3,4599,0,Mada,Completed
ORD10973,2024-01-29,C0027,P025,ST001,1,2299,0,Mada,Completed
ORD16902,2024-11-09,C0308,P014,ST002,2,5499,0,Mada,Completed
ORD13439,2024-08-04,C0241,P018,ST004,3,999,0.05,Apple Pay,Completed
ORD10328,2024-05-28,C0418,P017,ST001,2,1899,0.1,Apple Pay,Cancelled
ORD12680,2024-04-24,C0018,P016,ST003,1,3699,0,Cash,Completed
ORD16631,2023-05-04,C0007,P041,ST002,2,10999,0,Mada,Completed
ORD10480,2024-08-16,C0249,P009,ST001,1,4999,0,Apple Pay,Completed
ORD10037,2023-09-22,C0229,P036,ST003,1,599,0,Visa,Completed
ORD13680,2024-04-16,C0350,P010,ST003,1,6999,0,Mada,Completed
ORD11216,2024-01-08,C0121,P024,ST001,1,3999,0.15,Visa,Completed
ORD17070,2023-03-26,C0461,P005,ST003,1,1599,0.05,Visa,Completed
ORD14413,2024-04-01,C0352,P022,ST004,3,1799,0.1,Visa,Completed
ORD13940,2024-12-02,C0177,P031,ST001,1,2699,0,Mada,Completed
ORD15934,2024-04-07,C0142,P048,ST004,2,89,0.1,Apple Pay,Completed
ORD14579,2024-03-11,C0216,P042,ST001,1,11499,0.05,Mastercard,Completed
ORD13164,2023-10-19,C0306,P036,ST002,1,599,0.05,Mastercard,Completed
ORD10467,23/06/2024,C0435,P018,ST004,1,999,0,Mastercard,Completed
ORD10550,2024-03-07,C0422,P012,ST003,2,7299,0.05,Apple Pay,Completed
ORD13800,2023-06-10,C0229,P041,ST001,1,10999,0.1,Mada,Completed
ORD15756,03/02/2024,C0199,P001,ST001,1,5999,0.15,Visa,Completed
ORD12247,2023-05-01,C0359,P042,ST001,2,11499,0,Visa,Completed
ORD14338,2024-07-31,C0204,P048,ST001,1,89,0,Mastercard,Completed
ORD16292,2023-05-27,C0240,P043,ST002,1,1899,0.05,Cash,Completed
ORD10157,2023-12-19,C0422,P033,ST001,1,2699,0,Apple Pay,Completed
ORD16941,2024-06-30,C0189,P026,ST001,1,6799,0,Apple Pay,Completed
ORD16348,2024-01-31,C0060,P048,ST001,1,89,0,Mastercard,Completed
ORD14826,2023-02-02,C0065,P022,ST001,2,1799,0.05,Visa,Completed
ORD11140,2023-06-11,C0404,P034,ST001,4,3299,0.05,Cash,Completed
ORD15939,2023-09-07,C0069,P009,ST003,1,4999,0.2,Visa,Completed
ORD12630,2024-04-19,C0166,P021,ST002,1,849,0,Visa,Completed
ORD10009,2024-03-14,C0005,P041,ST001,1,10999,0.05,Visa,Completed
ORD16744,2023-05-07,C0235,P050,ST002,1,599,20%,Mada,Completed
ORD14951,2024-06-02,C0341,P027,ST003,1,3499,0.15,Mada,Completed
ORD16087,2024-03-28,C0286,P011,ST001,1,2799,0.1,Mastercard,Completed
ORD16534,2024-01-17,C0335,P007,ST003,1,2999,0.1,Mastercard,Completed
ORD17010,2023-08-09,C0490,P048,ST001,3,89,0,Visa,Completed
ORD10902,2024-06-10,C0435,P020,ST003,1,1499,0.05,Apple Pay,Completed
ORD14680,2024-05-13,C0297,P022,ST001,1,1799,0.2,Visa,Completed
ORD17146,2024-03-06,C0359,P021,ST003,1,849,0,Visa,Completed
ORD11670,2024-04-17,C0443,P007,ST003,1,2999,0,Apple Pay,Completed
ORD10555,2024-03-26,C0281,P021,ST002,2,849,0.05,Visa,Returned
ORD14519,2024-03-06,C0016,P005,ST001,1,1599,0,Visa,Completed
ORD15110,12/08/2024,C0071,P031,ST001,1,2699,0,Mada,Completed
ORD12256,2024-06-08,C0401,P016,ST001,2,3699,0.05, Mastercard  ,Completed
ORD14660,2024-03-16,C0091,P029,ST002,2,4999,0,Apple Pay,Completed
ORD15335,2024-05-24,C0040,P011,ST001,1,2799,0,Mada,Completed
ORD15583,2023-12-23,C0300,P023,ST003,3,3699,0,Mada,Completed
ORD13422,2023-10-07,C0469,P007,ST004,1,2999,0,Bank Transfer,Completed
ORD14154,2024-01-28,C0175,P016,ST004,1,3699,0,Mastercard,Completed
ORD12877,2024-04-24,C0117,P032,ST001,1,2199,0.2,Apple Pay,Completed
ORD13234,2023-02-28,C0480,P044,ST003,2,1099,0,Mada,Completed
ORD10791,2024-01-25,C0219,P041,ST001,4,10999,0%,Visa,Completed
ORD12983,2024-09-27,C0411,P006,ST003,1,3999,0,Apple Pay,Completed
ORD16976,2024-03-20,C0065,P024,ST002,4,3999,0.05,Bank Transfer,Completed
ORD11695,2023-03-27,C0259,P049,ST003,1,399,0,Cash,Completed
ORD10164,2023-04-19,C0104,P050,ST002,1,599,0,Visa,Completed
ORD16178,2024-01-01,C0262,P032,ST001,2,2199,0.1,Mada,Completed
ORD10912,2023-09-02,C0073,P011,ST003,1,2799,0.1,Mastercard,Returned
ORD14552,2023-05-18,C0148,P046,ST002,1,1199,0.05,Cash,Completed
ORD15107,04/04/2024,C0402,P041,ST002,1,10999,0.1,Mada,Completed
ORD11656,2023-11-07,C0422,P048,ST001,1,89,0,Mada,Completed
ORD10545,2023-06-23,C0272,P030,ST004,1,6499,0,Mada,Completed
ORD12382,2023-01-13,C0249,P005,ST002,2,1599,0,Apple Pay,Completed
ORD14344,2024-03-03,C0236,P010,ST003,3,6999,0.1,Mada,Completed
ORD16260,2023-05-17,C0374,P029,ST003,2,4999,0.1,Mastercard,Completed
ORD11069,2024-03-07,C0084,P007,ST001,1,2999,0,Mada,Completed
ORD13967,2024-04-17,C0359,P004,ST002,1,4599,0,Visa,Completed
ORD12455,2024-04-16,C0302,P021,ST001,1,849,0,Mada,Completed
ORD16026,2024-03-24,C0498,P015,ST001,1,2899,0,Mada,Completed
ORD16826,2024-03-17,C0039,P015,ST004,1,2899,0,Mastercard,Completed
ORD10591,2023-01-09,C0229,P040,ST004,3,349,0.05,Apple Pay,Completed
ORD16094,2024-11-08,C0397,P009,ST002,3,4999,0,Mastercard,Completed
ORD16040,2023-09-25,C0373,P005,ST003,3,1599,0,Mastercard,Completed
ORD12000,2023-06-02,C0109,P024,ST002,3,3999,0,Mada,Completed
ORD16973,2024-04-26,C0229,P047,ST004,1,119,0,Mada,Cancelled
ORD15405,2023-08-07,C0300,P031,ST001,1,2699,0,Apple Pay,Returned
ORD13084,2023-06-25,C0104,P031,ST001,1,2699,0,Mastercard,Completed
ORD10929,2023-11-01,C0427,P035,ST002,1,849,0.1,Mada,Completed
ORD10835,2023-02-25,C0186,P013,ST002,1,4299,0,Apple Pay,Completed
ORD16333,2024-04-09,C0390,P033,ST001,3,2699,0,Mada,Completed
ORD16161,2023-06-10,C0204,P010,ST002,1,6999,0.15,Visa,Completed
ORD13028,2024-03-31,C0185,P020,ST003,1,1499,0,Mastercard,Completed
ORD13891,2024-04-20,C0386,P025,ST002,1,2299,0.1,Visa,Returned
ORD10507,01/01/2024,C0304,P016,ST001,1,3699,0.05,Mastercard,Completed
ORD10408,2024-06-16,C0005,P012,ST003,1,7299,0,Mada,Completed
ORD10075,2023-07-28,C0428,P021,ST001,1,849,0.05,Mastercard,Completed
ORD16381,2023-06-01,C0474,P034,ST002,1,3299,0,Mada,Completed
ORD13898,23/08/2024,C0396,P044,ST001,1,1099,0,Apple Pay,Completed
ORD11253,2023-02-12,C0023,P013,ST002,2,4299,0.05,Apple Pay,Completed
ORD12214,2023-06-29,C0088,P039,ST003,1,1499,0,Visa,Completed
ORD16852,2024-12-29,C0242,P047,ST004,1,119,0,Mada,Completed
ORD12683,2024-07-03,C0039,P028,ST001,1,4299,0,Apple Pay,Completed
ORD12697,2023-10-23,C0196,P020,ST004,1,1499,0,Visa,Completed
ORD16126,2024-08-12,C0005,P044,ST001,1,1099,0.2, Mada  ,Completed
ORD15588,2024-04-27,C0033,P027,ST003,3,3499,0.05,Visa,Completed
ORD13586,2024-03-25,C0247,P042,ST003,1,11499,0,Visa,Completed
ORD12139,2024-01-29,C0429,P008,ST002,1,8999,0,Visa,Completed
ORD15746,2023-10-05,C0117,P009,ST002,1,4999,0,Visa,Completed
ORD13069,2024-03-21,C0455,P030,ST003,3,6499,0,Visa,Completed
ORD13425,2024-03-10,C0130,P047,ST002,3,119,0.1,Visa,Completed
ORD12396,2024-01-26,C0304,P037,ST003,1,2299,0.05,Apple Pay,Completed
ORD10786,2024-03-26,C0351,P010,ST001,1,6999,0,Mastercard,Completed
ORD14202,2023-08-28,C0118,P018,ST002,1,999,0,Visa,Completed
ORD15065,2024-04-02,C0384,P003,ST001,2,3499,0,Cash,Completed
ORD13699,2023-05-27,C0362,P043,ST001,3,1899,0.1,Mada,Completed
ORD15984,2024-04-06,C0291,P049,ST001,1,399,5%,Apple Pay,Completed
ORD12254,2023-10-17,C0307,P027,ST002,1,3499,0.2,Mastercard,Completed
ORD16979,2024-08-13,C0159,P013,ST001,1,4299,0.05,Mastercard,Completed
ORD16141,2023-03-11,C0225,P015,ST002,1,2899,0,Cash,Completed
ORD16746,2024-04-10,C0320,P047,ST004,1,119,0,Visa,Completed
ORD12265,2024-03-24,C0242,P025,ST002,2,2299,0,Mada,Completed
ORD11684,2023-02-21,C0011,P030,ST002,1,6499,0,Mada,Completed
ORD14727,2023-03-29,C0267,P049,ST004,1,399,0.05,Mada,Completed
ORD10426,2023-11-11,C0419,P040,ST001,1,349,0,Mada,Completed
ORD15003,2023-09-30,C0176,P031,ST004,1,2699,0, Visa  ,Completed
ORD13815,2024-08-28,C0479,P004,ST001,3,4599,0,Bank Transfer,Completed
ORD16956,2024-07-19,C0395,P048,ST003,2,89,0,Visa,Completed
ORD16858,2023-11-22,C0129,P044,ST002,1,1099,0.1,Mada,Completed
ORD14077,2024-07-04,C0478,P036,ST002,3,599,0,Apple Pay,Completed
ORD10050,2023-06-22,C0058,P050,ST002,2,599,0,Mada,Completed
ORD15968,2023-01-13,C0026,P007,ST003,1,2999,0.1,Visa,Completed
ORD13633,2023-11-01,C0102,P040,ST003,1,349,0.15,Visa,Completed
ORD13119,2024-11-06,C0425,P003,ST001,1,3499,0,Visa,Completed
ORD12320,2024-04-03,C0417,P020,ST003,1,1499,0,Visa,Completed
ORD15475,2024-03-12,C0090,P018,ST003,1,999,0.1,Mada,Completed
ORD10574,2023-03-07,C0331,P031,ST002,1,2699,0.05,Mastercard,Completed
ORD11313,2024-03-01,C0398,P049,ST003,1,399,0,Mada,Completed
ORD13170,2024-04-07,C0340,P049,ST001,1,399,0,Mastercard,Completed
ORD10797,13/07/2024,C0370,P031,ST001,4,2699,0,Mada,Completed
ORD16850,2024-01-13,C0041,P038,ST004,3,2199,0.05,Mada,Completed
ORD12753,2024-04-16,C0335,P027,ST003,1,3499,0,Visa,Completed
ORD13089,2024-09-25,C0450,P017,ST002,1,1899,0,Mastercard,Completed
ORD12868,2024-03-31,C0251,P047,ST001,4,119,0.05,Apple Pay,Completed
ORD10886,2024-06-07,C0495,P039,ST002,2,1499,0.05,Visa,Completed
ORD10865,2024-09-30,C0342,P029,ST001,1,4999,0.1,Visa,Completed
ORD16790,2023-06-12,C0476,P010,ST002,1,6999,0.05,Apple Pay,Completed
ORD10961,2023-05-13,C0180,P003,ST001,1,3499,0,Mada,Completed
ORD16612,2023-04-24,C0182,P028,ST003,1,4299,0,Mada,Completed
ORD15577,2024-08-10,C0220,P010,ST002,1,6999,0,Apple Pay,Completed
ORD12357,2024-01-16,C0021,P028,ST001,2,4299,0,Visa,Completed
ORD15911,2024-02-19,C0464,P029,ST002,1,4999,0.1,Mada,Completed
ORD11897,2024-03-21,C0050,P005,ST003,1,1599,0.05,Mastercard,Completed
ORD11554,2024-10-21,C0060,P017,ST004,1,1899,0.15,Apple Pay,Completed
ORD17106,2024-08-07,C0174,P042,ST001,1,11499,0,Mada,Completed
ORD16877,2024-03-23,C0226,P038,ST003,1,2199,0,Mastercard,Completed
ORD14468,2024-07-20,C0326,P008,ST001,1,8999,0,Mada,Completed
ORD15904,2024-04-26,C0070,P038,ST003,1,2199,0.1,Visa,Completed
ORD13467,2024-03-21,C0454,P026,ST003,2,6799,0,Visa,Completed
ORD15781,2023-11-22,C0345,P044,ST002,1,1099,0,Mastercard,Completed
ORD14271,18/04/2023,C0125,P027,ST001,1,3499,0,Visa,Completed
ORD13401,2023-01-26,C0377,P017,ST004,1,1899,0,Visa,Completed
ORD14026,2024-03-12,C0100,P046,ST002,1,1199,0,Cash,Completed
ORD12370,2023-10-05,C0320,P021,ST003,1,849,0.05,Cash,Completed
ORD16016,2024-04-16,C0474,P002,ST003,2,4299,0,Cash,Completed
ORD14510,2023-07-14,C0298,P030,ST001,1,6499,0.05,Mada,Completed
ORD15657,2023-11-05,C0170,P022,ST002,1,1799,0.1,Visa,Completed
ORD15874,2023-12-13,C0391,P045,ST001,1,599,0,Cash,Completed
ORD15356,2024-08-30,C0225,P047,ST001,1,119,0.05,Mada,Completed
ORD14455,2024-05-25,C0404,P008,ST001,1,8999,0,Mada,Completed
ORD14704,2024-04-16,C0416,P001,ST001,1,5999,0,Mastercard,Completed
ORD11464,2023-08-21,C0199,P050,ST004,1,599,0.1,Visa,Completed
ORD12156,2024-04-26,C0396,P049,ST001,1,399,0.2,Cash,Completed
ORD15340,2023-05-03,C0480,P031,ST001,1,2699,0.1,Mada,Completed
ORD12992,2023-04-09,C0269,P039,ST003,1,1499,0.1,Mada,Completed
ORD14809,2024-06-02,C0392,P022,ST003,2,1799,0,Mada,Completed
ORD11013,2024-04-20,C0272,P038,ST002,1,2199,0,Mada,Completed
ORD11071,2024-01-18,C0450,P026,ST002,1,6799,0.2,Apple Pay,Completed
ORD11514,2024-03-23,C0217,P034,ST002,1,3299,0,Visa,Completed
ORD11887,2024-09-14,C0380,P023,ST004,1,3699,0.05,Cash,Completed
ORD14894,2023-06-24,C0332,P046,ST001,1,1199,0,Mada,Completed
ORD14201,2024-07-15,C0391,P025,ST002,2,2299,0,Apple Pay,Completed
ORD10371,2023-11-16,C0164,P013,ST001,1,4299,0,Mastercard,Completed
ORD13296,2024-11-17,C0255,P022,ST003,4,1799,0,Mastercard,Cancelled
ORD10923,2024-09-30,C0008,P032,ST001,1,2199,0.1,Mada,Completed
ORD15809,2023-03-30,C0035,P026,ST002,1,6799,0.2,Mastercard,Completed
ORD16519,2023-11-20,C0392,P002,ST003,1,4299,0.05,Visa,Completed
ORD15034,2023-04-18,C0458,P042,ST002,3,11499,0.1,Mada,Completed
ORD15962,2023-05-13,C0141,P001,ST002,1,5999,0.1,Mada,Completed
ORD16234,06/04/2024,C0231,P007,ST001,4,2999,0.05,Mada,Completed
ORD13579,2024-01-25,C0252,P037,ST002,1,2299,0,Mada,Completed
ORD15446,2024-03-10,C0199,P022,ST003,1,1799,0,Apple Pay,Completed
ORD11982,2024-04-17,C0481,P005,ST003,1,1599,0,Apple Pay,Completed
ORD14046,2024-07-19,C0421,P049,ST001,1,399,0%, Visa  ,Completed
ORD12509,2024-10-15,C0412,P004,ST002,1,4599,0.2,Visa,Completed
ORD11556,2024-03-07,C0053,P024,ST001,1,3999,0,Visa,Completed
ORD14972,2024-07-10,C0033,P020,ST001,1,1499,0,Mada,Completed
ORD13061,2023-11-07,C0352,P037,ST002,1,2299,0.1,Apple Pay,Returned
ORD11531,2023-02-11,C0385,P041,ST001,1,10999,0,Mada,Completed
ORD10430,2024-04-03,C0304,P012,ST001,3,7299,0.05,Visa,Completed
ORD10273,2024-04-29,C0054,P026,ST001,1,6799,0.2,Mada,Completed
ORD14218,2024-08-22,C0096,P026,ST001,4,6799,0,Mada,Completed
ORD15078,2024-11-03,C0018,P004,ST001,2,4599,0,Apple Pay,Completed
ORD12211,2024-08-22,C0387,P012,ST002,1,7299,0,Mada,Completed
ORD13624,2023-01-20,C0495,P049,ST003,1,399,0.1,Mada,Completed
ORD13300,2024-02-26,C0105,P028,ST001,1,4299,0.05,Mada,Completed
ORD16093,2023-10-09,C0320,P030,ST001,1,6499,0, Mastercard  ,Completed
ORD17235,2024-10-08,C0075,P009,ST002,1,4999,0,Visa,Completed
ORD12923,2024-03-14,C0227,P031,ST003,1,2699,0.1,Apple Pay,Completed
ORD14230,2023-02-04,C0437,P002,ST003,1,4299,0.1,Mastercard,Completed
ORD15872,2023-11-05,C0302,P019,ST002,1,2299,0,Visa,Completed
ORD12526,2024-02-02,C0228,P015,ST002,1,2899,0,Mada,Completed
ORD13315,2023-05-20,C0182,P017,ST001,1,1899,0,Mada,Completed
ORD14852,2024-04-22,C0052,P030,ST003,3,6499,0,Mada,Completed
ORD16969,2024-08-17,C0258,P006,ST003,1,3999,0.05,Bank Transfer,Completed
ORD13444,2024-08-28,C0211,P045,ST001,3,599,0.2,Apple Pay,Completed
ORD16503,2024-04-25,C0247,P005,ST003,2,1599,0.05,Mada,Completed
ORD12595,2024-07-22,C0471,P031,ST003,2,2699,0,Cash,Completed
ORD14331,2023-08-07,C0346,P042,ST004,1,11499,0,Visa,Completed
ORD16304,2024-06-14,C0292,P012,ST001,1,7299,0,Visa,Completed
ORD14828,2023-09-15,C0323,P040,ST002,1,349,0, Apple Pay  ,Completed
ORD10803,2023-06-25,C0453,P019,ST002,1,2299,0,Mada,Completed
ORD11810,2024-03-29,C0182,P030,ST003,1,6499,0,Mastercard,Completed
ORD15853,2024-02-19,C0123,P015,ST003,1,2899,0.2,Mada,Completed
ORD11643,2023-11-07,C0187,P016,ST002,2,3699,0,Mada,Completed
ORD16695,2024-03-08,C0349,P029,ST002,3,4999,0.05,Apple Pay,Completed
ORD16798,2024-03-13,C0050,P044,ST001,1,1099,0,Visa,Completed
ORD16346,2024-10-20,C0469,P006,ST003,1,3999,0.15,Apple Pay,Completed
ORD16480,2023-11-30,C0008,P042,ST001,3,11499,0.1,Mada,Completed
ORD10465,2023-05-31,C0246,P029,ST003,1,4999,0,Mada,Completed
ORD13094,2023-01-02,C0051,P017,ST001,1,1899,0,Mada,Completed
ORD12179,2024-03-30,C0289,P036,ST001,1,599,0,Visa,Completed
ORD12354,2024-04-26,C0408,P040,ST001,1,349,0.05,Mastercard,Completed
ORD13514,2024-04-10,C0100,P002,ST001,1,4299,0.05,Cash,Completed
ORD12366,2023-11-08,C0237,P041,ST001,1,10999,0,Mastercard,Completed
ORD10790,2023-05-16,C0316,P013,ST001,3,4299,0,Apple Pay,Completed
ORD15062,2024-10-23,C0287,P033,ST003,1,2699,0.1,Mada,Completed
ORD14730,2023-04-09,C0358,P047,ST001,1,119,0,Visa,Completed
ORD11214,2023-10-31,C0285,P040,ST001,1,349,0,Mastercard,Completed
ORD12308,2023-01-13,C0462,P039,ST001,1,1499,0,Mastercard,Completed
ORD10644,2024-04-12,C0071,P047,ST002,1,119,0,Mada,Completed
ORD11998,2024-08-09,C0418,P003,ST003,1,3499,0,Mada,Completed
ORD10188,2024-04-27,C0324,P021,ST003,1,849,0.15,Mada,Completed
ORD10626,2024-10-26,C0498,P043,ST003,1,1899,0,Apple Pay,Completed
ORD16770,2023-03-14,C0062,P020,ST001,2,1499,0.2,Mada,Completed
ORD10015,2023-03-26,C0049,P022,ST002,1,1799,0.1,Apple Pay,Completed
ORD13853,2024-03-05,C0424,P007,ST001,1,2999,0,Mada,Completed
ORD16039,2024-04-08,C0176,P011,ST003,2,2799,0.1,Mada,Completed
ORD10761,2024-08-28,c0134,P040,ST001,1,349,0,Apple Pay,Completed
ORD11819,2024-01-19,C0435,P026,ST001,1,6799,0,Mada,Completed
ORD11431,2023-06-18,C0043,P038,ST002,1,2199,0,Cash,Completed
ORD12812,2023-12-27,C0104,P036,ST003,1,599,0,Mada,Completed
ORD14959,2023-02-08,C0435,P031,ST003,2,2699,0,Cash,Completed
ORD15706,2023-11-13,C0391,P012,ST001,2,7299,0,Mada,Completed
ORD14672,2023-06-03,C0174,P020,ST001,1,1499,0.1,Mastercard,Completed
ORD11473,2023-03-23,C0465,P037,ST002,2,2299,0,Mada,Completed
ORD14540,2023-10-03,C0442,P048,ST001,2,89,0.05,Mastercard,Completed
ORD10255,2024-02-13,C0161,P005,ST003,1,1599,0,Apple Pay,Completed
ORD12519,2024-07-23,C0019,P047,ST002,2,119,0,Mastercard,Completed
ORD16400,2023-06-02,C0255,P026,ST001,1,6799,0,Mada,Completed
ORD14275,2023-12-21,C0259,P047,ST002,2,119,0,Apple Pay,Completed
ORD12386,2024-04-19,C0222,P049,ST003,1,399,0,Cash,Completed
ORD12575,2024-11-24,C0190,P039,ST003,1,1499,0,Mada,Completed
ORD11193,2024-03-07,C0327,P044,ST002,1,1099,0,Mada,Completed
ORD14619,2024-06-15,C0131,P010,ST001,1,6999,0.05,Visa,Completed
ORD11635,2023-11-09,C0126,P048,ST001,1,89,0,Visa,Completed
ORD14265,2023-09-25,C0064,P001,ST003,2,5999,0,Mada,Completed
ORD14101,2024-02-07,C0242,P002,ST001,1,4299,0.1,Apple Pay,Completed
ORD15689,2024-02-29,C0070,P011,ST003,2,2799,0,Mada,Completed
ORD11184,2024-04-27,C0178,P036,ST001,1,599,0,Visa,Completed
ORD11410,2024-04-13,C0385,P024,ST002,1,3999,0,Visa,Completed
ORD14359,2024-03-26,C0058,P040,ST001,1,349,0,Apple Pay,Completed
ORD14877,2024-03-26,C0215,P034,ST001,3,3299,0,Visa,Completed
ORD14935,2024-01-15,C0410,P020,ST003,1,1499,0.15,Apple Pay,Completed
ORD15235,2024-02-27,C0141,P048,ST002,1,89,0,Mastercard,Returned
ORD15520,2023-12-31,C0045,P006,ST002,1,3999,0.1,Bank Transfer,Completed
ORD14131,2023-04-13,C0362,P034,ST002,1,3299,0.1,Apple Pay,Completed
ORD12596,2023-05-04,C0247,P009,ST002,1,4999,0.05,Apple Pay,Completed
ORD14653,2023-01-27,C0286,P033,ST004,1,2699,0.05,Mada,Completed
ORD11351,2023-02-12,C0359,P032,ST004,1,2199,0,Cash,Completed
ORD15370,2023-10-15,C0286,P024,ST003,2,3999,0.05,Cash,Completed
ORD16670,2023-07-06,C0070,P001,ST001,1,5999,0.05,Visa,Completed
ORD15495,2024-03-23,C0290,P041,ST003,1,10999,0,Mastercard,Completed
ORD14416,2024-02-24,C0399,P035,ST003,1,849,0.05,Mastercard,Completed
ORD15988,2024-02-15,C0139,P003,ST004,2,3499,0.1,Cash,Completed
ORD12194,2024-03-15,C0448,P049,ST003,1,399,0,Mastercard,Completed
ORD12036,2024-04-19,C0470,P002,ST001,1,4299,0.05,Apple Pay,Completed
ORD16481,2024-02-22,C0048,P045,ST001,1,599,0.1,Visa,Completed
ORD12850,2024-04-09,C0094,P009,ST001,1,4999,0,Mada,Completed
ORD10500,2024-09-28,C0406,P043,ST003,2,1899,0.1,Mada,Completed
ORD15083,2024-08-19,C0139,P046,ST003,1,1199,0,Mada,Completed
ORD14092,2023-04-20,C0474,P045,ST004,1,599,0,Visa,Completed
ORD12055,2024-11-06,C0275,P001,ST003,1,5999,0,Mada,Completed
ORD10274,2024-11-01,C0068,P048,ST001,1,89,0.05,Mada,Completed
ORD12532,2024-04-11,C0428,P038,ST002,3,2199,0,Apple Pay,Completed
ORD10830,2023-05-24,C0228,P020,ST003,1,1499,0.05,Mastercard,Completed
ORD11984,2024-08-18,C0417,P035,ST002,1,849,0.1,Cash,Completed
ORD13380,2024-01-03,C0162,P042,ST003,1,11499,0,Mastercard,Completed
ORD10081,2024-08-10,C0442,P048,ST001,1,89,0,Mada,Completed
ORD16362,2024-02-10,C0051,P044,ST002,1,1099,0.15,Mada,Completed
ORD15538,2024-05-06,C0216,P047,ST004,3,119,0.05,Mada,Completed
ORD15194,21/10/2023,C0085,P003,ST003,3,3499,0,Visa,Completed
ORD12374,2024-06-19,C0181,P049,ST001,2,399,0.1,Bank Transfer,Completed
ORD11687,2024-09-15,C0255,P020,ST003,1,1499,0,Visa,Completed
ORD15546,13/08/2023,C0401,P041,ST002,2,10999,0,Visa,Returned
ORD11734,2024-05-04,C0035,P026,ST002,1,6799,0,Mada,Completed
ORD14938,2024-12-12,C0381,P007,ST004,1,2999,0, Mada  ,Returned
ORD10221,2023-01-20,C0109,P038,ST002,1,2199,0.1,Mastercard,Completed
ORD16682,2024-04-02,C0371,P019,ST003,4,2299,0,Bank Transfer,Completed
ORD16727,2024-07-04,C0443,P014,ST001,1,5499,0,Mada,Completed
ORD14861,2024-09-16,C0030,P041,ST003,1,10999,0,Visa,Completed
ORD12283,2024-03-13,C0026,P001,ST001,2,5999,0,Mastercard,Completed
ORD12378,2023-05-28,C0219,P013,ST003,1,4299,0.15,Cash,Completed
ORD13536,2023-10-30,C0434,P024,ST003,1,3999,0,Mada,Completed
ORD16369,11/03/2024,C0489,P003,ST001,1,3499,0,Mada,Completed
ORD14053,2023-12-31,C0328,P015,ST001,4,2899,0,Mada,Completed
ORD16215,2023-10-22,C0147,P007,ST001,2,2999,0,Visa,Completed
ORD16271,2024-04-01,C0495,P014,ST002,1,5499,0,Mada,Completed
ORD16869,2024-11-06,C0028,P019,ST003,2,2299,0,Mada,Completed
ORD12520,2024-11-21,C0468,P015,ST001,2,2899,0,Cash,Completed
ORD10482,2024-06-28,C0060,P008,ST003,1,8999,0.15,Apple Pay,Completed
ORD12230,2024-07-02,C0022,P049,ST001,1,399,0,Visa,Completed
ORD10580,2023-03-07,C0133,P015,ST001,1,2899,0,Cash,Cancelled
ORD11075,2023-06-01,C0105,P020,ST001,1,1499,0,Cash,Completed
ORD12599,2024-12-09,C0463,P040,ST001,2,349,10%,Mada,Completed
ORD14996,2023-05-19,C0201,P019,ST003,1,2299,0,Mada,Completed
ORD17244,2023-10-10,C0140,P050,ST001,1,599,0,Mada,Completed
ORD10152,2023-07-19,C0446,P025,ST003,1,2299,0,Mada,Completed
ORD12432,2024-03-10,C0300,P048,ST002,1,89,0.05,Apple Pay,Completed
ORD14063,2023-04-30,C0499,P039,ST001,2,1499,0,Mada,Completed
ORD14613,2024-03-18,C0413,P017,ST001,1,1899,0,Mada,Completed
ORD14138,2024-04-14,C0413,P016,ST001,1,3699,0,Mada,Completed
ORD14280,2023-05-19,C0355,P039,ST003,1,1499,0,Mastercard,Completed
ORD16468,2024-07-03,C0283,P001,ST002,1,5999,0.1,Mada,Completed
ORD10447,2024-04-15,C0190,P046,ST003,1,1199,0.1,Cash,Completed
ORD13825,2024-12-13,C0458,P011,ST004,1,2799,0,Apple Pay,Returned
ORD12317,2024-11-26,C0149,P013,ST004,1,4299,0.1,Mada,Completed
ORD10034,2024-08-19,C0496,P045,ST002,1,599,0,Apple Pay,Completed
ORD15882,2023-04-29,C0197,P025,ST002,1,2299,0.15,Apple Pay,Completed
ORD10095,2024-02-10,C0488,P017,ST003,2,1899,0,Visa,Completed
ORD11880,2024-09-14,C0401,P031,ST001,1,2699,0.1,Cash,Completed
ORD12171,2024-03-06,C0039,P010,ST004,1,6999,0,Apple Pay,Completed
ORD15850,2023-01-07,C0265,P029,ST002,2,4999,0.15,Visa,Returned
ORD14671,2023-04-13,C0029,P002,ST003,1,4299,0,Apple Pay,Completed
ORD10571,2023-07-26,C0323,P026,ST003,1,6799,0,Visa,Completed
ORD12788,2023-09-07,C0257,P006,ST002,1,3999,0.05,Mada,Completed
ORD13313,2024-05-05,C0325,P046,ST001,1,1199,0,Bank Transfer,Completed
ORD16724,2024-03-28,C0299,P038,ST001,1,2199,0,Visa,Completed
ORD16153,2024-08-14,C0112,P001,ST001,1,5999,0,Mastercard,Completed
ORD12500,2023-12-10,C0095,P039,ST001,1,1499,0.15,Visa,Completed
ORD15048,2023-11-08,C0394,P046,ST001,2,1199,0.05,Mada,Completed
ORD12612,2023-06-20,C0018,P009,ST002,1,4999,0,Cash,Completed
ORD17116,2023-12-06,C0371,P039,ST003,1,1499,0,Mastercard,Completed
ORD13929,2023-12-02,C0118,P023,ST004,1,3699,0,Cash,Completed
ORD16207,2023-10-14,C0287,P045,ST003,1,599,0.05,Bank Transfer,Completed
ORD13722,2024-10-20,C0168,P009,ST003,1,4999,0,Apple Pay,Completed
ORD11118,2024-05-09,C0364,P042,ST001,1,11499,0,Mada,Completed
ORD10396,2024-12-01,C0006,P004,ST001,3,4599,0,Visa,Completed
ORD11452,2024-03-02,C0025,P029,ST001,1,4999,0,Apple Pay,Returned
ORD13801,2024-03-07,C0302,P024,ST002,1,3999,0,Mada,Completed
ORD16542,2023-08-21,C0328,P007,ST002,4,2999,0,Cash,Completed
ORD13201,2024-09-29,C0167,P026,ST001,1,6799,0,Mada,Completed
ORD10573,2024-08-28,C0010,P032,ST004,1,2199,0,Mada,Completed
ORD12857,2023-08-04,C0253,P050,ST001,1,599,0,Apple Pay,Completed
ORD15569,2024-07-23,C0141,P025,ST002,1,2299,0,Mada,Completed
ORD13495,2023-12-05,C0353,P019,ST002,1,2299,0,Visa,Completed
ORD11566,2023-05-22,C0424,P002,ST002,2,4299,0.2,Mada,Completed
ORD10436,2024-03-18,C0459,P002,ST001,1,4299,0,Visa,Completed
ORD10466,2024-03-13,C0029,P015,ST002,1,2899,0,Mada,Completed
ORD14052,2023-08-26,C0137,P017,ST002,1,1899,0,Cash,Completed
ORD12243,2024-05-01,C0263,P050,ST002,1,599,0,Mastercard,Completed
ORD15043,2024-04-22,C0138,P009,ST003,1,4999,0,Cash,Completed
ORD14272,2024-04-04,C0172,P029,ST003,1,4999,0.1,Cash,Completed
ORD10211,2024-07-12,C0408,P020,ST002,1,1499,0.15,Mastercard,Completed
ORD13216,2024-04-05,C0213,P042,ST004,1,11499,0,Mastercard,Completed
ORD12401,2023-07-27,C0432,P035,ST001,1,849,0.05,Mada,Completed
ORD11082,2024-04-06,C0413,P044,ST001,1,1099,0,Mastercard,Completed
ORD14845,2024-02-16,C0430,P003,ST001,1,3499,0,Mada,Completed
ORD11613,2024-08-26,c0190,P022,ST003,1,1799,0.1,Apple Pay,Completed
ORD13888,2023-04-21,C0213,P009,ST001,1,4999,0,Apple Pay,Completed
ORD13643,2024-03-15,C0255,P038,ST003,1,2199,0.1,Mada,Completed
ORD12021,2024-05-01,C0033,P036,ST001,1,599,0, Mada  ,Completed
ORD10331,2024-03-28,C0070,P045,ST001,1,599,0,Apple Pay,Completed
ORD14532,2023-06-17,C0270,P015,ST004,1,2899,0.05,Mada,Completed
ORD15796,2024-03-07,C0164,P023,ST003,1,3699,0.15,Visa,Completed
ORD15240,10/01/2024,C0121,P021,ST003,1,849,0.05,Mada,Completed
ORD10313,2023-08-21,C0028,P001,ST003,1,5999,0.05,Mada,Completed
ORD12003,2023-10-29,C0468,P033,ST002,2,2699,0.15,Mada,Completed
ORD16057,2023-04-13,C0126,P004,ST001,3,4599,0.1,Mastercard,Completed
ORD11059,2023-01-04,C0357,P008,ST002,1,8999,0, Apple Pay  ,Completed
ORD16892,2023-08-21,C0354,P024,ST004,1,3999,0.05,Apple Pay,Completed
ORD14978,2024-09-20,C0101,P030,ST001,1,6499,0,Mastercard,Completed
ORD14089,2024-01-11,C0496,P036,ST003,1,599,0.15,Bank Transfer,Completed
ORD13286,2024-03-05,C0230,P040,ST003,1,349,0.05,Mada,Completed
ORD17216,2024-03-21,C0036,P030,ST002,1,6499,0,Mada,Completed
ORD10712,2023-12-23,C0198,P045,ST002,1,599,0,Cash,Completed
ORD11355,2024-04-07,C0346,P001,ST002,1,5999,0,Apple Pay,Completed
ORD10461,2023-06-07,C0190,P021,ST001,1,849,0,Mastercard,Completed
ORD16822,2024-08-25,C0433,P037,ST003,1,2299,0,Mada,Returned
ORD15748,2024-07-23,C0046,P050,ST002,1,599,0,Apple Pay,Completed
ORD11890,2024-03-18,C0054,P026,ST001,1,6799,0,Mada,Completed
ORD11231,2023-04-10,C0226,P039,ST004,1,1499,0,Apple Pay,Completed
ORD12052,2024-05-17,C0069,P010,ST001,1,6999,0,Visa,Completed
ORD16366,2024-04-08,C0443,P016,ST003,2,3699,0.1,Mada,Completed
ORD14731,2023-03-18,C0258,P043,ST003,1,1899,0,Mada,Completed
ORD11679,2024-03-21,C0361,P034,ST002,1,3299,0,Mada,Completed
ORD15991,2024-04-19,C0009,P011,ST004,1,2799,0,Apple Pay,Completed
ORD13398,2024-05-31,C0066,P050,ST004,3,599,0,Cash,Completed
ORD11336,2024-04-27,C0023,P012,ST002,4,7299,0,Bank Transfer,Completed
ORD13556,2024-09-29,C0322,P015,ST003,2,2899,0.15,Cash,Completed
ORD10561,2023-03-27,C0351,P031,ST002,1,2699,0.2,Apple Pay,Completed
ORD16164,2023-04-15,C0497,P032,ST003,1,2199,0.1,Mada,Completed
ORD16598,2023-05-18,C0170,P032,ST001,2,2199,0.2,Visa,Completed
ORD14249,2023-10-31,C0402,P017,ST003,1,1899,0.05,Apple Pay,Completed
ORD12420,2024-03-09,C0112,P020,ST002,2,1499,0,Mastercard,Completed
ORD10670,2024-03-25,C0157,P024,ST002,1,3999,0.1,Mada,Completed
ORD15574,2024-12-15,C0034,P021,ST003,1,849,0.15,Mastercard,Completed
ORD10765,2023-04-23,C0171,P022,ST002,1,1799,0,Mada,Completed
ORD11729,2023-09-26,C0251,P020,ST003,1,1499,0.1,Mada,Completed
ORD11935,2023-05-06,C0225,P030,ST002,1,6499,0.1,Mada,Completed
ORD13037,2023-04-07,C0032,P003,ST001,1,3499,0,Mada,Completed
ORD12627,2024-04-25,C0304,P011,ST003,1,2799,0,Visa,Completed
ORD13241,2023-07-10,C0014,P009,ST001,1,4999,0,Mastercard,Completed
ORD10108,2024-03-08,C0470,P002,ST002,1,4299,0,Apple Pay,Completed
ORD16486,2023-03-13,C0129,P003,ST002,1,3499,0.05,Apple Pay,Completed
ORD11821,2024-02-05,C0322,P035,ST001,1,849,0,Apple Pay,Completed
ORD13297,2023-10-27,C0241,P047,ST003,1,119,0,Apple Pay,Completed
ORD12859,2024-02-19,C0185,P020,ST003,2,1499,0,Visa,Completed
ORD15842,2024-06-16,C0062,P045,ST002,1,599,0,Mada,Completed
ORD12188,2023-10-14,C0081,P003,ST002,1,3499,0,Mada,Completed
ORD11190,2024-04-01,C0473,P046,ST001,1,1199,0,Mastercard,Completed
ORD16884,2023-10-15,C0497,P002,ST002,2,4299,0,Apple Pay,Completed
ORD16012,2024-09-13,C0323,P027,ST002,1,3499,0,Mada,Returned
ORD15603,2024-02-01,C0465,P008,ST001,1,8999,0,Visa,Completed
ORD11428,2023-12-06,C0034,P040,ST001,1,349,0.15,Apple Pay,Completed
ORD13787,2024-07-24,C0067,P045,ST003,1,599,0.15,Visa,Completed
ORD17154,2024-04-04,C0430,P011,ST001,1,2799,0,Bank Transfer,Completed
ORD17209,2023-03-22,C0328,P036,ST001,1,599,0,Mada,Completed
ORD15813,2023-10-17,C0341,P001,ST001,1,5999,0.05,Mada,Completed
ORD14764,2024-02-01,C0186,P022,ST004,1,1799,0.1,Cash,Completed
ORD12153,2024-08-22,C0173,P008,ST003,1,8999,0,Cash,Completed
ORD11159,2024-08-11,C0396,P046,ST003,2,1199,0,Mada,Completed
ORD12989,2024-03-22,C0288,P019,ST001,1,2299,0,Visa,Completed
ORD10174,2024-08-13,C0353,P043,ST001,2,1899,0,Mada,Completed
ORD16035,2024-03-18,C0093,P023,ST003,1,3699,0.05,Cash,Completed
ORD12593,2024-01-15,C0419,P016,ST002,1,3699,0,Apple Pay,Completed
ORD11424,2023-12-05,C0302,P010,ST001,1,6999,0.1,Mada,Completed
ORD13301,2024-08-07,C0423,P005,ST002,1,1599,0,Mada,Completed
ORD12574,2024-07-07,C0196,P048,ST002,1,89,0.05,Mada,Completed
ORD11438,2024-06-05,C0407,P026,ST003,1,6799,0.15,Mada,Returned
ORD15181,2024-04-27,C0321,P012,ST002,1,7299,0,Visa,Completed
ORD14955,2024-02-20,C0234,P044,ST001,1,1099,0,Visa,Completed
ORD12882,2024-08-28,C0391,P005,ST003,1,1599,0,Visa,Completed
ORD15870,2023-02-13,C0437,P002,ST001,2,4299,0,Visa,Returned
ORD16492,2024-04-17,C0144,P020,ST001,3,1499,0.1,Cash,Completed
ORD16985,2024-03-20,C0298,P044,ST003,1,1099,0,Visa,Completed
ORD15573,2024-08-15,C0478,P033,ST002,1,2699,0.1,Mada,Completed
ORD16479,2024-05-12,C0382,P009,ST001,1,4999,0,Apple Pay,Completed
ORD14354,2024-03-05,C0338,P006,ST002,1,3999,0,Mada,Completed
ORD10272,2024-03-22,C0086,P048,ST001,1,89,0,Mada,Completed
ORD14196,2024-05-25,C0078,P024,ST001,1,3999,0,Mada,Completed
ORD11467,2023-05-20,C0320,P036,ST002,1,599,0,Cash,Completed
ORD15875,2023-05-20,C0132,P043,ST002,1,1899,0,Apple Pay,Completed
ORD14386,2024-06-15,C0012,P001,ST004,1,5999,0,Visa,Completed
ORD10264,2023-10-04,C0379,P025,ST002,1,2299,0.1,Apple Pay,Completed
ORD11775,2024-08-28,C0012,P005,ST002,1,1599,0.1,Mada,Completed
ORD11804,2024-04-26,C0360,P029,ST001,1,4999,0,Mastercard,Completed
ORD11230,2024-07-30,C0094,P012,ST001,1,7299,0.05,Bank Transfer,Completed
ORD13648,2024-04-14,C0329,P041,ST001,1,10999,0,Mada,Completed
ORD15617,2024-05-23,C0024,P040,ST002,2,349,0.05,Mada,Completed
ORD14056,2024-03-07,C0248,P011,ST002,1,2799,0.05,Mada,Completed
ORD13903,2023-05-14,C0403,P019,ST001,1,2299,0,Mada,Completed
ORD10863,2023-06-16,C0146,P043,ST002,1,1899,0,Apple Pay,Completed
ORD13001,2023-03-12,C0156,P032,ST001,2,2199,0,Mada,Completed
ORD16921,2024-04-11,C0067,P021,ST002,1,849,0,Mada,Completed
ORD13311,2024-03-29,C0237,P046,ST001,2,1199,0.2,Apple Pay,Completed
ORD10438,2024-02-27,C0028,P015,ST002,1,2899,0,Mada,Completed
ORD17218,2023-07-09,C0089,P038,ST002,1,2199,0.15,Mada,Completed
ORD10297,2024-07-18,C0268,P027,ST001,1,3499,0,Mada,Completed
ORD11621,2023-02-06,C0063,P025,ST001,1,2299,0.15,Visa,Completed
ORD16505,2023-07-09,C0401,P017,ST003,1,1899,0,Mada,Completed
ORD12392,2024-08-07,C0220,P050,ST001,,599,0.2,Mastercard,Completed
ORD11443,2024-11-05,C0495,P029,ST003,1,4999,0,Mastercard,Completed
ORD16797,2024-04-16,C0325,P047,ST002,1,119,0,Cash,Completed
ORD10986,2024-01-04,C0151,P042,ST002,1,11499,0.15,Mada,Completed
ORD10171,28/03/2024,C0292,P027,ST001,3,3499,0,Mada,Completed
ORD11782,2023-09-28,C0349,P009,ST002,1,4999,0,Visa,Completed
ORD12145,2024-01-09,C0060,P010,ST004,1,6999,0,Apple Pay,Completed
ORD10687,2023-05-24,C0052,P011,ST001,1,2799,0,Mada,Completed
ORD15804,2023-07-29,C0215,P049,ST001,1,399,0,Mastercard,Completed
ORD13987,2024-08-26,C0254,P027,ST002,1,3499,0,Apple Pay,Completed
ORD13004,2023-12-06,C0407,P050,ST001,1,599,0,Mastercard,Completed
ORD16157,2024-04-16,C0088,P012,ST001,3,7299,0,Cash,Completed
ORD16865,2024-09-11,C0424,P010,ST003,1,6999,0,Mada,Completed
ORD15671,2023-04-13,C0287,P009,ST001,1,4999,0.2,Visa,Completed
ORD12888,2024-01-27,c0106,P002,ST001,1,4299,0,Mastercard,Completed
ORD12173,2024-07-10,C0017,P036,ST001,1,599,0,Apple Pay,Completed
ORD12513,2023-10-02,C0361,P015,ST003,1,2899,0.1,Mada,Completed
ORD13658,2024-08-24,C0425,P033,ST001,1,2699,0,Cash,Completed
ORD10677,2023-05-13,C0106,P005,ST002,1,1599,0.15,Mada,Completed
ORD12089,2024-07-07,C0081,P029,ST002,3,4999,0,Mastercard,Completed
ORD14016,2023-12-12,C0279,P041,ST003,1,10999,0,Mastercard,Completed
ORD13491,2023-08-04,C0388,P033,ST001,1,2699,0%,Mastercard,Completed
ORD15018,2024-06-06,C0325,P004,ST001,1,4599,0.1,Cash,Completed
ORD13441,2023-12-10,C0414,P030,ST002,1,6499,0,Apple Pay,Completed
ORD14473,2023-03-04,C0020,P048,ST002,1,89,0,Visa,Completed
ORD16928,2023-05-29,C0267,P044,ST001,1,1099,0,Bank Transfer,Completed
ORD14215,2024-07-17,C0142,P047,ST001,1,119,0,Mada,Completed
ORD14357,2023-07-05,C0269,P003,ST001,1,3499,0.1,Apple Pay,Completed
ORD16335,2023-09-27,C0344,P010,ST002,1,6999,0,Mada,Completed
ORD14685,2023-10-26,C0352,P046,ST003,2,1199,0,Apple Pay,Completed
ORD16761,2024-09-01,C0318,P015,ST002,1,2899,0,Cash,Completed
ORD11258,2024-03-19,C0115,P025,ST001,2,2299,0,Mada,Completed
ORD11000,2024-03-19,C0225,P044,ST002,1,1099,0,Cash,Completed
ORD15625,2024-06-19,C0325,P018,ST004,1,999,0,Mada,Completed
ORD16296,2023-06-21,C0257,P022,ST002,2,1799,0.1,Cash,Completed
ORD14414,2024-03-16,C0255,P021,ST002,1,849,0.1,Cash,Completed
ORD14536,2023-03-23,C0119,P038,ST003,1,2199,0,Mada,Completed
ORD12952,2024-08-30,C0416,P041,ST001,3,10999,0.15,Visa,Completed
ORD16103,2024-04-24,C0324,P009,ST003,1,4999,0,Mada,Completed
ORD12854,2023-06-19,C0092,P028,ST003,3,4299,0.05,Mastercard,Completed
ORD16810,18/11/2023,C0248,P011,ST002,1,2799,5%,Mada,Completed
ORD13829,2024-03-21,C0497,P014,ST003,1,5499,0,Mastercard,Completed
ORD11121,2024-10-11,C0076,P010,ST003,1,6999,0.05,Apple Pay,Completed
ORD13654,2023-05-14,C0392,P050,ST002,1,599,0,Cash,Completed
ORD15956,2023-11-22,C0381,P009,ST001,1,4999,0.1,Visa,Completed
ORD14940,2024-03-25,C0395,P012,ST002,2,7299,0,Mada,Completed
ORD16237,2023-12-26,C0240,P013,ST003,1,4299,0.15,Mada,Completed
ORD13846,2023-01-08,C0387,P013,ST001,1,4299,0.1,Visa,Completed
ORD14863,2024-12-23,C0150,P015,ST003,2,2899,0,Mada,Completed
ORD17121,2023-04-11,C0183,P033,ST002,1,2699,0,Mastercard,Completed
ORD16936,2023-07-21,C0236,P015,ST001,2,2899,0,Apple Pay,Completed
ORD11432,2023-06-03,C0358,P006,ST002,3,3999,0.1, Bank Transfer  ,Completed
ORD12580,2024-06-05,C0053,P022,ST003,1,1799,0.05,Mastercard,Completed
ORD10343,2024-10-23,C0280,P050,ST001,1,599,0.1,Visa,Completed
ORD14033,2024-03-19,C0349,P042,ST001,1,11499,0.1,Apple Pay,Completed
ORD10578,2023-06-27,C0253,P007,ST002,2,2999,0.15,Mada,Completed
ORD16249,2023-03-10,C0001,P046,ST003,1,1199,0,Mastercard,Completed
ORD17130,2023-12-05,C0465,P039,ST002,1,1499,0,Mastercard,Completed
ORD10409,2023-04-11,C0099,P023,ST003,1,3699,0,Mastercard,Completed
ORD12951,2024-04-05,C0245,P037,ST003,1,2299,0,Visa,Completed
ORD11287,2023-03-25,C0120,P006,ST003,1,3999,0.1,Cash,Completed
ORD12389,2024-03-26,C0188,P035,ST002,1,849,0,Mada,Returned
ORD11273,2023-06-13,C0210,P027,ST001,1,3499,0.15,Mastercard,Completed
ORD12782,2024-04-26,C0262,P033,ST004,1,2699,5%,Mada,Completed
ORD12087,2023-04-01,C0291,P003,ST001,1,3499,0.05,Visa,Completed
ORD15686,2023-04-21,C0369,P004,ST003,1,4599,0.1,Apple Pay,Completed
ORD16703,2023-01-14,C0449,P050,ST002,1,599,0.1,Mastercard,Completed
ORD15249,2023-04-13,C0239,P028,ST004,,4299,0,Apple Pay,Completed
ORD13746,2023-01-29,C0481,P028,ST003,1,4299,0,Apple Pay,Completed
ORD16450,2024-12-14,C0356,P035,ST002,1,849,0.05,Mada,Completed
ORD12549,2024-04-21,C0245,P029,ST002,1,4999,0.05,Mada,Completed
ORD14701,2023-09-14,C0006,P010,ST003,1,6999,0,Apple Pay,Completed
ORD15433,2023-01-03,C0067,P045,ST002,1,599,0.1,Mada,Completed
ORD14870,2023-01-25,C0216,P012,ST004,1,7299,0,Mastercard,Completed
ORD13824,2024-03-13,C0198,P026,ST003,1,6799,0.1,Cash,Completed
ORD11827,2024-03-14,C0073,P012,ST003,2,7299,0.1,Visa,Completed
ORD15890,2023-09-18,C0266,P047,ST002,2,119,0,Mada,Completed
ORD14897,2023-08-10,C0452,P016,ST003,1,3699,0,Mastercard,Completed
ORD14983,2024-04-12,C0051,P049,ST003,1,399,0.05,Mada,Completed
ORD11756,2024-12-08,C0246,P031,ST004,1,2699,0,Apple Pay,Completed
ORD14195,2023-07-18,C0081,P042,ST004,1,11499,0,Mastercard,Completed
ORD13247,2023-03-12,C0289,P042,ST001,1,11499,0,Mada,Completed
ORD10678,2024-03-18,C0301,P011,ST003,1,2799,0.15,Cash,Completed
ORD13981,2024-05-03,C0228,P011,ST001,3,2799,0,Cash,Completed
ORD14646,2024-04-19,C0175,P042,ST002,1,11499,0,Bank Transfer,Completed
ORD10535,2024-10-26,C0069,P021,ST003,1,849,0.1,Mastercard,Completed
ORD13591,2024-07-02,C0275,P030,ST003,4,6499,0.1,Mada,Completed
ORD11164,2023-06-16,C0163,P032,ST001,1,2199,0,Mada,Completed
ORD14811,2024-04-20,C0320,P041,ST001,1,10999,0,Cash,Completed
ORD15938,2024-08-12,C0197,P024,ST002,1,3999,0.05,Mada,Completed
ORD13565,2023-06-13,C0420,P041,ST003,1,10999,0.1,Mada,Returned
ORD12264,2024-06-03,C0324,P037,ST004,1,2299,0.05,Mada,Completed
ORD11070,23/01/2023,C0205,P038,ST002,1,2199,0,Mada,Completed
ORD13642,2024-03-12,C0437,P020,ST004,1,1499,5%,Apple Pay,Completed
ORD10253,2024-04-14,C0196,P002,ST003,1,4299,0,Bank Transfer,Completed
ORD10849,2024-03-10,C0199,P037,ST002,1,2299,0,Mastercard,Completed
ORD12436,2024-03-24,C0009,P027,ST002,1,3499,0.05,Apple Pay,Completed
ORD15923,2023-10-02,C0456,P037,ST003,2,2299,0,Apple Pay,Completed
ORD15290,2024-08-29,C0081,P011,ST003,1,2799,0,Cash,Completed
ORD14801,2023-06-29,C0213,P046,ST003,2,1199,0,Mada,Completed
ORD11692,2024-04-01,C0490,P017,ST001,1,1899,0,Mada,Completed
ORD11876,2024-10-04,C0319,P003,ST001,1,3499,0,Cash,Completed
ORD13092,2023-07-29,C0287,P050,ST004,1,599,0.1,Mastercard,Completed
ORD13383,2024-06-15,C0199,P009,ST004,3,4999,0.15,Apple Pay,Completed
ORD14474,28/03/2024,C0335,P042,ST002,1,11499,0,Mada,Completed
ORD11898,2023-06-03,C0464,P037,ST004,1,2299,0.05,Visa,Completed
ORD14190,2024-01-04,C0270,P009,ST001,1,4999,0.2,Cash,Completed
ORD16338,2024-03-11,C0193,P025,ST002,1,2299,0,Visa,Completed
ORD15933,2023-10-10,C0162,P050,ST002,1,599,0.05,Apple Pay,Completed
ORD16050,2024-03-18,C0043,P034,ST004,3,3299,0,Cash,Completed
ORD12415,2023-03-20,C0360,P031,ST001,3,2699,0.05,Mada,Completed
ORD11365,2023-03-03,C0005,P034,ST001,1,3299,0,Apple Pay,Completed
ORD14465,2024-04-13,C0003,P046,ST004,1,1199,0.1,Apple Pay,Completed
ORD14417,2023-11-10,C0147,P050,ST001,1,599,0.1,Visa,Completed
ORD10987,2023-02-15,C0414,P038,ST001,1,2199,0.05,Cash,Completed
ORD13299,2024-07-17,C0031,P026,ST003,1,6799,0.2,Mastercard,Completed
ORD16117,2023-11-21,C0109,P015,ST001,1,2899,0,Bank Transfer,Completed
ORD11517,2024-12-05,C0323,P035,ST001,1,849,0,Mastercard,Completed
ORD10033,2024-04-08,C0038,P010,ST001,1,6999,0.1,Mastercard,Completed
ORD12286,2023-06-05,C0277,P031,ST003,1,2699,0,Mada,Completed
ORD14313,2024-12-11,C0468,P008,ST001,1,8999,0,Cash,Completed
ORD16387,2024-01-11,C0015,P016,ST001,1,3699,0,Visa,Completed
ORD12993,2024-08-31,C0125,P026,ST001,1,6799,0,Mada,Completed
ORD15647,2023-03-02,C0362,P046,ST003,1,1199,0,Visa,Completed
ORD12228,2024-03-31,C0138,P005,ST003,2,1599,0,Cash,Completed
ORD10604,2024-06-19,C0406,P024,ST002,1,3999,0,Cash,Completed
ORD12131,2024-09-29,C0481,P006,ST004,1,3999,0,Mada,Completed
ORD10755,2024-06-15,C0495,P042,ST002,1,11499,0.1, Mada  ,Completed
ORD14071,2024-04-12,C0246,P025,ST003,4,2299,0,Mada,Completed
ORD16646,2024-02-04,C0466,P030,ST002,1,6499,0,Visa,Completed
ORD15763,2024-03-23,C0193,P028,ST003,4,4299,0,Visa,Completed
ORD17001,17/07/2023,C0152,P003,ST002,1,3499,0,Mastercard,Completed
ORD11520,2023-10-23,C0223,P021,ST003,1,849,0,Mada,Completed
ORD10944,2023-12-24,C0181,P033,ST002,1,2699,0.05,Mastercard,Completed
ORD13893,2023-01-15,C0274,P032,ST001,1,2199,0.05,Mada,Completed
ORD12451,2024-03-09,C0281,P030,ST001,2,6499,0,Mada,Completed
ORD17047,2024-01-08,C0482,P005,ST004,1,1599,0.05,Apple Pay,Completed
ORD14761,2024-03-24,C0499,P025,ST002,2,2299,0,Apple Pay,Completed
ORD13081,2023-08-12,C0442,P023,ST002,1,3699,0.05,Mada,Completed
ORD15719,2023-03-28,C0189,P025,ST002,1,2299,0.05,Mastercard,Completed
ORD10577,2024-11-20,C0384,P011,ST002,1,2799,0%,Visa,Completed
ORD17040,2024-10-09,C0105,P003,ST001,2,3499,0,Apple Pay,Completed
ORD12776,2023-09-27,C0126,P022,ST002,1,1799,0,Mada,Completed
ORD11300,2024-05-24,C0311,P036,ST001,1,599,0,Visa,Completed
ORD14850,2023-08-19,C0485,P035,ST003,2,849,0,Mada,Completed
ORD11232,2023-07-01,C0276,P029,ST003,1,4999,0,Cash,Completed
ORD13713,2024-04-04,C0388,P009,ST001,1,4999,0,Mada,Completed
ORD12327,2023-09-21,C0147,P038,ST004,3,2199,0,Bank Transfer,Completed
ORD10012,2023-04-20,C0418,P016,ST002,1,3699,0,Cash,Completed
ORD10237,2024-03-25,C0023,P028,ST003,1,4299,0,Visa,Completed
ORD11595,16/01/2023,C0208,P029,ST002,3,4999,0.05,Cash,Completed
ORD15516,2024-09-29,C0351,P049,ST001,1,399,0,Apple Pay,Completed
ORD13756,2023-03-14,C0333,P018,ST003,1,999,0.15,Visa,Completed
ORD16794,2024-01-04,c0333,P001,ST003,2,5999,0.05,Apple Pay,Completed
ORD15965,2024-05-05,C0293,P009,ST004,2,4999,0.1,Mastercard,Returned
ORD12815,2024-03-21,C0148,P026,ST004,1,6799,0,Mada,Completed
ORD10758,2024-03-09,C0266,P016,ST003,1,3699,0.15,Mada,Completed
ORD10269,2024-04-02,C0445,P019,ST002,1,2299,0.15,Apple Pay,Completed
ORD10434,2023-08-13,C0408,P014,ST002,1,5499,0,Apple Pay,Completed
ORD15473,2023-05-08,C0254,P038,ST001,1,2199,0,Visa,Completed
ORD11728,2023-10-08,C0211,P036,ST003,1,599,0,Cash,Completed
ORD11383,2024-08-20,C0219,P027,ST002,1,3499,0,Visa,Completed
ORD16656,2024-05-17,C0174,P018,ST001,1,999,0.15,Mastercard,Completed
ORD10880,2024-06-18,C0266,P013,ST004,1,4299,0,Mada,Completed
ORD14231,2024-04-04,C0125,P035,ST003,1,849,0,Cash,Completed
ORD13878,2024-05-17,C0301,P017,ST001,1,1899,0,Visa,Completed
ORD14155,2023-02-25,C0215,P021,ST004,1,849,0,Cash,Completed
ORD14600,2024-03-04,C0227,P037,ST002,1,2299,0.05,Mastercard,Completed
ORD10263,2024-12-18,C0295,P029,ST002,1,4999,0,Apple Pay,Completed
ORD13668,02/02/2023,C0142,P009,ST002,1,4999,0,Cash,Completed
ORD11169,2023-08-03,C0215,P024,ST003,1,3999,0.1,Apple Pay,Completed
ORD10186,2023-07-01,C0311,P009,ST001,1,4999,0.05,Visa,Completed
ORD14544,2024-11-14,C0130,P032,ST003,1,2199,0.05,Mada,Completed
ORD15130,2024-05-31,C0097,P046,ST002,1,1199,0.05,Mada,Completed
ORD14268,2023-12-27,C0247,P041,ST001,1,10999,0,Visa,Completed
ORD15418,2023-05-27,C0044,P032,ST002,1,2199,0.15,Bank Transfer,Completed
ORD14234,2024-03-12,C0209,P034,ST002,1,3299,0,Mastercard,Completed
ORD11157,2024-03-18,C0010,P019,ST002,1,2299,0.1,Mada,Completed
ORD12844,2023-09-05,C0054,P026,ST003,1,6799,0.05,Mada,Completed
ORD10679,2024-04-14,C0310,P010,ST001,1,6999,0.1,Visa,Completed
ORD15156,2024-01-17,C0009,P009,ST001,1,4999,0,Mada,Completed
ORD11158,2023-06-04,C0335,P044,ST001,2,1099,0,Cash,Completed
ORD16760,2023-04-13,C0150,P013,ST004,1,4299,0,Mada,Completed
ORD14980,2024-03-25,C0247,P041,ST001,1,10999,0%,Mada,Completed
ORD12986,2023-11-18,C0491,P026,ST004,1,6799,0,Mastercard,Completed
ORD12027,2023-08-28,C0277,P022,ST003,1,1799,0.05,Mastercard,Completed
ORD11721,2024-09-24,C0226,P038,ST001,1,2199,0.05,Visa,Completed
ORD11053,2024-09-13,C0357,P042,ST002,1,11499,0,Mada,Completed
ORD11420,2024-04-01,C0410,P013,ST004,1,4299,0,Mada,Completed
ORD15174,2023-10-21,C0269,P048,ST003,1,89,0,Mada,Completed
ORD12453,2024-03-02,C0448,P004,ST001,1,4599,0,Mastercard,Completed
ORD13826,2023-09-09,C0043,P042,ST003,1,11499,0.05,Visa,Completed
ORD13784,2023-11-01,C0390,P004,ST004,1,4599,0,Mastercard,Returned
ORD13688,2024-03-09,C0496,P038,ST003,2,2199,0.05,Cash,Completed
ORD15864,2023-11-03,C0338,P030,ST002,1,6499,0.05,Mada,Completed
ORD14823,2024-11-27,C0386,P045,ST003,1,599,0.1,Apple Pay,Completed
ORD16752,2024-01-04,C0427,P018,ST001,1,999,0%,Cash,Completed
ORD17107,2023-02-26,C0481,P001,ST002,2,5999,0.15,Apple Pay,Completed
ORD11536,2024-03-28,C0392,P014,ST001,3,5499,0,Mada,Completed
ORD15971,2024-04-23,C0227,P018,ST001,3,999,0,Bank Transfer,Completed
ORD13277,2024-03-14,C0485,P017,ST003,2,1899,0.1,Mada,Completed
ORD16190,2024-01-28,C0277,P049,ST002,1,399,0,Visa,Completed
ORD16904,2024-03-18,C0326,P043,ST002,3,1899,0.05,Mada,Completed
ORD13248,2024-06-02,C0058,P003,ST002,1,3499,0.1,Mada,Completed
ORD14743,2024-04-04,C0114,P028,ST004,1,4299,0,Mada,Completed
ORD15563,2024-09-03,C0466,P014,ST003,3,5499,0,Mastercard,Completed
ORD11970,2024-03-02,C0498,P040,ST001,1,349,0%,Cash,Completed
ORD14183,2023-11-04,C0392,P006,ST002,1,3999,0.05,Cash,Completed
ORD11347,2023-01-01,C0356,P007,ST004,1,2999,0.15,Mada,Returned
ORD10523,2024-05-27,C0129,P038,ST002,3,2199,0.15,Mada,Completed
ORD14178,2023-06-30,C0198,P039,ST001,1,1499,0,Cash,Completed
ORD16526,2024-07-25,C0157,P025,ST004,2,2299,0.1,Mada,Completed
ORD12271,2024-04-21,C0125,P001,ST003,1,5999,0.1,Mada,Completed
ORD14203,2023-06-01,C0258,P045,ST003,1,599,0.1,Apple Pay,Completed
ORD13876,2023-12-07,C0273,P049,ST001,2,399,0.05,Mada,Completed
ORD12411,2023-08-19,C0250,P023,ST001,1,3699,0,Cash,Completed
ORD16028,2023-10-27,C0160,P029,ST001,1,4999,0.2,Mada,Completed
ORD13832,2023-07-19,C0035,P041,ST003,2,10999,0,Mada,Completed
ORD13862,18/03/2023,C0453,P030,ST002,2,6499,0, Mada  ,Completed
ORD14294,2024-08-11,C0152,P050,ST003,1,599,0,Apple Pay,Completed
ORD10282,2024-03-21,C0097,P029,ST002,1,4999,0.05,Mada,Completed
ORD15140,2023-03-01,C0056,P008,ST003,1,8999,0,Visa,Completed
ORD10245,2023-01-06,C0033,P031,ST003,3,2699,0,Visa,Completed
ORD16617,2023-01-18,C0322,P002,ST001,2,4299,0.15,Visa,Completed
ORD14409,2024-04-24,C0132,P006,ST001,1,3999,0.15,Mada,Completed
ORD10834,2024-07-26,C0329,P045,ST001,1,599,0,Visa,Completed
ORD15649,2023-03-12,C0159,P045,ST003,1,599,0,Bank Transfer,Completed
ORD11823,2024-03-07,C0277,P016,ST001,1,3699,0.1,Visa,Completed
ORD17149,2023-04-01,C0009,P012,ST001,3,7299,0,Visa,Completed
ORD15907,2023-10-31,C0340,P024,ST003,2,3999,0,Mastercard,Returned
ORD12838,2024-01-02,C0307,P008,ST002,1,8999,0,Apple Pay,Completed
ORD12477,2024-03-13,C0063,P037,ST003,1,2299,0%,Visa,Returned
ORD14307,2023-03-17,C0171,P001,ST003,2,5999,0.1,Visa,Completed
ORD16883,2024-11-23,C0195,P006,ST003,3,3999,0,Mada,Completed
ORD10530,2023-08-30,C0451,P011,ST003,3,2799,0.05,Mastercard,Completed
ORD15682,2024-03-22,C0294,P043,ST001,2,1899,0,Mastercard,Completed
ORD16490,2024-06-21,C0058,P003,ST004,1,3499,0,Visa,Completed
ORD16410,2024-11-05,C0486,P003,ST001,4,3499,0,Mada,Completed
ORD11049,2024-10-10,C0129,P036,ST003,1,599,0.05,Mastercard,Completed
ORD10524,2024-04-11,C0121,P048,ST003,1,89,0.05,Mada,Completed
ORD14981,2024-06-04,C0358,P031,ST001,1,2699,0,Mada,Completed
ORD14423,2023-11-12,C0154,P010,ST002,1,6999,0.1,Apple Pay,Completed
ORD11405,2023-02-19,C0294,P016,ST003,2,3699,0.1,Visa,Completed
ORD10097,2024-02-15,C0470,P042,ST002,1,11499,0,Mada,Completed
ORD15189,2023-12-10,C0204,P018,ST002,1,999,0,Apple Pay,Completed
ORD14214,2024-03-02,C0059,P001,ST001,1,5999,0,Visa,Completed
ORD11539,2023-09-04,C0330,P013,ST002,1,4299,0,Mada,Completed
ORD11765,29/03/2023,C0393,P031,ST003,1,2699,0.1,Mastercard,Completed
ORD16088,02/10/2023,C0380,P018,ST003,1,999,0,Apple Pay,Completed
ORD13090,2023-01-14,C0020,P029,ST001,1,4999,0, Mastercard  ,Completed
ORD11096,2024-09-11,C0010,P019,ST001,1,2299,0,Mastercard,Completed
ORD10748,2024-11-25,C0029,P028,ST002,1,4299,0,Bank Transfer,Completed
ORD10847,2024-09-26,C0161,P024,ST001,1,3999,0.05,Mastercard,Completed
ORD11107,2023-07-01,C0350,P022,ST001,2,1799,0.05,Visa,Completed
ORD13837,2023-06-28,C0402,P034,ST003,1,3299,0.2,Apple Pay,Completed
ORD16419,2024-04-08,C0364,P001,ST001,1,5999,0,Visa,Completed
ORD16564,2024-01-13,C0096,P006,ST003,2,3999,0.05,Mada,Completed
ORD14373,2024-05-12,C0298,P002,ST003,1,4299,0.1,Mada,Completed
ORD14927,2023-06-05,C0237,P040,ST002,1,349,0.15,Mada,Completed
ORD15787,2023-07-25,C0449,P018,ST001,2,999,0%,Mada,Completed
ORD16295,2024-05-07,C0159,P020,ST002,1,1499,0.1,Visa,Completed
ORD16502,2024-04-10,C0238,P047,ST001,1,119,0,Apple Pay,Completed
ORD14041,2023-06-01,C0141,P004,ST002,2,4599,0.15,Mada,Completed
ORD10320,2023-02-15,C0437,P044,ST001,1,1099,0.1,Cash,Completed
ORD14842,2024-01-09,C0322,P015,ST001,2,2899,0, Cash  ,Completed
ORD17246,2023-09-17,C0230,P044,ST001,1,1099,0.2,Apple Pay,Completed
ORD16882,2024-01-16,C0383,P008,ST002,1,8999,0,Mastercard,Completed
ORD10614,2024-04-06,C0073,P004,ST001,1,4599,0,Mada,Completed
ORD15955,2023-05-02,C0334,P021,ST002,3,849,0.1,Visa,Completed
ORD13158,2024-10-22,C0006,P047,ST001,1,119,0,Mada,Completed
ORD16663,2024-03-15,C0049,P036,ST003,1,599,0.1,Mastercard,Completed
ORD16811,2024-10-07,C0070,P021,ST002,3,849,0.1,Mada,Completed
ORD13930,2024-01-05,C0280,P030,ST001,2,6499,0,Mada,Completed
ORD15434,2024-06-20,C0158,P047,ST002,2,119,0,Mada,Completed
ORD11305,2023-08-28,C0403,P041,ST004,3,10999,0.2,Mada,Completed
ORD16340,2024-07-06,C0225,P031,ST001,3,2699,0.05,Mastercard,Completed
ORD11152,2024-02-25,C0263,P004,ST003,2,4599,0,Mastercard,Completed
ORD13875,2023-10-25,C0295,P007,ST001,1,2999,0,Bank Transfer,Completed
ORD14505,2023-06-09,C0389,P015,ST001,1,2899,0,Mastercard,Completed
ORD13102,2024-04-01,C0228,P012,ST002,1,7299,0,Mastercard,Completed
ORD11985,14/04/2024,C0304,P033,ST001,1,2699,0,Apple Pay,Completed
ORD14694,2023-10-02,C0387,P029,ST002,1,4999,0,Cash,Completed
ORD15004,2024-04-04,C0242,P046,ST001,1,1199,0.1,Mada,Completed
ORD15922,2024-02-12,C0239,P044,ST001,2,1099,0,Mada,Completed
ORD11348,2024-02-20,C0013,P041,ST001,1,10999,0.1,Mada,Completed
ORD10219,2023-12-06,C0056,P023,ST002,2,3699,0,Mastercard,Completed
ORD16075,2024-08-06,C0433,P029,ST001,1,4999,0,Apple Pay,Completed
ORD14858,2024-12-12,C0199,P044,ST003,2,1099,0,Visa,Completed
ORD16031,2024-09-22,C0220,P047,ST002,1,119,0.1,Mada,Completed
ORD12229,2023-07-21,C0006,P017,ST002,1,1899,0.1,Apple Pay,Completed
ORD16775,2023-05-12,C0499,P013,ST001,3,4299,0.1,Mada,Completed
ORD13328,2024-10-26,C0153,P026,ST003,1,6799,0,Visa,Completed
ORD14524,2023-03-21,C0199,P008,ST001,2,8999,0.05,Mada,Returned
ORD10355,2024-02-28,C0323,P040,ST003,1,349,0,Mada,Completed
ORD16257,2023-01-22,C0131,P001,ST001,1,5999,0.1,Visa,Completed
ORD10909,2024-08-12,C0359,P007,ST001,1,2999,0.1,Visa,Completed
ORD11709,2023-06-13,C0141,P049,ST002,1,399,0.05,Mada,Completed
ORD17018,2023-02-15,C0475,P032,ST004,1,2199,0.1,Mada,Completed
ORD12270,2024-03-08,C0137,P016,ST002,1,3699,0,Visa,Completed
ORD16586,2024-07-16,C0045,P049,ST001,2,399,0.15,Mada,Completed
ORD16988,2023-02-21,C0174,P003,ST003,1,3499,0,Mada,Completed
ORD12018,2024-09-09,C0100,P032,ST001,1,2199,0,Mada,Completed
ORD16723,2024-06-02,C0072,P001,ST002,1,5999,0,Visa,Completed
ORD16300,2024-04-02,C0431,P001,ST002,1,5999,0,Apple Pay,Completed
ORD13807,2024-04-13,C0185,P025,ST002,1,2299,0.1,Visa,Completed
ORD16550,2024-01-27,C0221,P044,ST001,1,1099,0,Mastercard,Completed
ORD16232,2023-10-28,C0045,P012,ST001,1,7299,0,Mada,Completed
ORD14310,2024-06-23,C0381,P007,ST002,1,2999,0,Mada,Completed
ORD13348,2023-09-15,C0053,P012,ST002,4,7299,0,Visa,Completed
ORD12060,2024-04-26,C0208,P033,ST003,1,2699,0,Visa,Completed
ORD11767,2023-01-18,C0143,P012,ST003,1,7299,0.1,Bank Transfer,Completed
ORD11006,2024-03-12,C0065,P037,ST001,1,2299,0,Mada,Completed
ORD16919,2023-06-27,C0148,P024,ST003,1,3999,0.05,Mada,Completed
ORD13567,2023-01-04,C0285,P018,ST001,2,999,0,Visa,Completed
ORD12965,2024-04-06,C0252,P026,ST003,1,6799,0,Mada,Returned
ORD14865,2024-12-13,C0274,P013,ST003,1,4299,0.15,Apple Pay,Completed
ORD12079,2023-07-05,C0468,P049,ST002,1,399,0.15,Cash,Completed
ORD13335,04/02/2024,C0485,P047,ST002,1,119,0,Mada,Completed
ORD10390,2024-03-03,C0332,P043,ST004,1,1899,0,Cash,Completed
ORD16384,2024-06-16,C0279,P041,ST001,1,10999,0.1,Mada,Completed
ORD14462,2023-03-22,C0113,P028,ST001,1,4299,0.15,Mastercard,Completed
ORD12476,2023-06-20,C0418,P007,ST003,1,2999,0.05,Mastercard,Completed
ORD13027,2023-04-17,C0119,P022,ST004,3,1799,0.05,Mastercard,Completed
ORD10975,2023-08-10,c0374,P040,ST001,1,349,0,Cash,Completed
ORD14830,2024-03-25,C0349,P026,ST001,1,6799,0,Mada,Returned
ORD11685,2023-08-30,C0359,P005,ST004,2,1599,0,Mastercard,Completed
ORD16620,2024-02-28,C0467,P003,ST004,2,3499,0,Apple Pay,Completed
ORD16146,2023-07-17,C0469,P016,ST001,2,3699,0,Visa,Completed
ORD14496,2023-06-07,C0293,P010,ST003,2,6999,0,Mastercard,Completed
ORD11805,2024-02-20,C0138,P015,ST002,1,2899,0.15,Mada,Completed
ORD11769,2024-02-04,C0190,P001,ST001,3,5999,0,Mada,Completed
ORD10323,2023-05-25,C0023,P025,ST003,1,2299,0.05,Mada,Completed
ORD10499,2024-03-27,C0310,P044,ST001,1,1099,0,Mada,Completed
ORD10382,2023-06-27,C0304,P046,ST001,1,1199,0,Mada,Completed
ORD12075,2024-04-19,C0200,P033,ST001,1,2699,0,Mada,Completed
ORD17014,2023-11-05,C0491,P025,ST003,1,2299,0,Visa,Completed
ORD10377,2024-04-26,C0094,P040,ST001,1,349,0,Mastercard,Completed
ORD11759,2023-09-01,C0256,P008,ST001,4,8999,0.05,Apple Pay,Completed
ORD16500,2023-07-09,C0224,P006,ST002,1,3999,0,Cash,Completed
ORD10327,2024-06-26,C0181,P048,ST002,1,89,0,Mada,Completed
ORD16780,2024-03-22,C0073,P043,ST001,1,1899,0,Mada,Completed
ORD13493,11/08/2024,C0230,P046,ST002,1,1199,0,Mada,Completed
ORD14355,2024-05-01,C0134,P049,ST002,1,399,0,Mastercard,Completed
ORD10579,2023-02-18,C0424,P017,ST002,1,1899,0,Visa,Completed
ORD12558,2024-03-16,C0493,P018,ST001,1,999,0,Mada,Completed
ORD13869,2023-11-23,C0309,P044,ST002,1,1099,0.05,Cash,Completed
ORD14964,2023-04-09,C0083,P039,ST002,1,1499,0.05,Mada,Completed
ORD16483,2023-12-09,C0229,P041,ST003,3,10999,0,Visa,Completed
ORD10254,2024-11-24,C0427,P023,ST002,1,3699,0,Mada,Completed
ORD14175,2024-01-13,C0112,P016,ST002,2,3699,0.05,Cash,Completed
ORD10540,2023-09-30,C0111,P009,ST002,1,4999,0,Mada,Cancelled
ORD13751,2024-04-10,C0120,P011,ST001,1,2799,0,Mada,Completed
ORD14291,2024-11-11,C0480,P001,ST001,1,5999,0.2,Mada,Completed
ORD16053,2024-12-24,C0259,P046,ST003,1,1199,0,Bank Transfer,Completed
ORD15599,2024-10-05,C0011,P024,ST003,1,3999,0,Apple Pay,Completed
ORD16517,2023-03-11,C0416,P020,ST004,1,1499,0.1,Cash,Completed
ORD13735,2024-04-10,C0432,P011,ST001,1,2799,0,Cash,Completed
ORD11349,2023-08-01,C0061,P005,ST003,1,1599,0,Visa,Completed
ORD11327,2023-07-29,C0103,P007,ST001,1,2999,0.1,Cash,Completed
ORD14846,2024-03-01,C0488,P003,ST003,1,3499,0,Mada,Completed
ORD15316,2024-03-18,C0136,P038,ST001,2,2199,0.05, Visa  ,Completed
ORD16209,2024-06-22,C0185,P050,ST002,4,599,0,Visa,Completed
ORD15868,2024-05-07,C0108,P011,ST003,1,2799,0%,Mada,Completed
ORD13662,2024-04-27,C0230,P013,ST001,2,4299,0,Mastercard,Completed
ORD17066,2024-03-30,C0411,P036,ST003,1,599,5%,Mada,Completed
ORD13044,2023-10-14,C0374,P043,ST001,1,1899,0.05,Cash,Completed
ORD10866,2023-08-17,C0064,P008,ST002,1,8999,0,Cash,Completed
ORD11697,2024-08-24,C0037,P033,ST004,1,2699,0.1,Apple Pay,Returned
ORD17082,2024-01-29,C0305,P040,ST003,4,349,0,Mada,Completed
ORD13638,2024-04-16,C0414,P007,ST001,1,2999,0.2,Mada,Completed
ORD16506,2024-07-05,C0069,P050,ST002,3,599,0.1,Visa,Completed
ORD17078,2023-01-29,C0261,P011,ST002,1,2799,0.05,Visa,Completed
ORD12541,2023-07-08,C0431,P028,ST002,1,4299,0,Cash,Completed
ORD14369,2024-04-01,C0331,P027,ST002,1,3499,0,Mastercard,Completed
ORD13436,2024-11-05,C0014,P031,ST001,1,2699,0.05,Mastercard,Completed
ORD10812,2023-01-13,C0426,P002,ST002,1,4299,0,Mada,Completed
ORD10926,2024-08-22,C0416,P003,ST001,1,3499,0,Visa,Completed
ORD13859,2024-11-04,C0141,P007,ST004,4,2999,0.15,Mada,Completed
ORD16841,2024-04-04,C0472,P020,ST003,1,1499,0.1,Mastercard,Completed
ORD13570,2023-05-18,C0332,P007,ST002,1,2999,0,Cash,Completed
ORD11833,2023-04-07,C0174,P046,ST002,1,1199,0.2,Visa,Completed
ORD10444,2024-03-03,C0218,P031,ST001,1,2699,0,Visa,Completed
ORD10625,2024-03-22,C0391,P036,ST001,2,599,0.05,Mada,Completed
ORD11011,2024-08-23,C0249,P044,ST004,1,1099,0,Cash,Completed
ORD11750,2023-12-05,C0359,P001,ST003,1,5999,0.15,Cash,Completed
ORD15718,2024-03-04,C0161,P011,ST001,4,2799,0,Mada,Completed
ORD14125,2024-03-16,C0077,P050,ST003,1,599,0,Cash,Completed
ORD17181,2023-01-28,C0486,P008,ST001,1,8999,0.05,Visa,Completed
ORD11993,2024-09-14,c0430,P008,ST003,1,8999,0,Apple Pay,Completed
ORD15374,13/11/2023,C0306,P044,ST001,1,1099,0,Mastercard,Completed
ORD10040,2024-03-26,C0347,P002,ST003,2,4299,0.05,Apple Pay,Completed
ORD11976,2024-07-20,C0393,P040,ST004,1,349,0.1,Mada,Completed
ORD12303,2024-09-26,C0025,P039,ST002,1,1499,0.15,Apple Pay,Completed
ORD14608,2023-12-02,C0275,P034,ST003,3,3299,0,Visa,Completed
ORD12742,2023-09-01,C0196,P007,ST002,3,2999,0.05,Mastercard,Completed
ORD16866,2023-02-02,C0108,P007,ST001,1,2999,0,Mastercard,Completed
ORD16084,2024-01-20,C0227,P022,ST002,2,1799,0,Mada,Completed
ORD15571,2024-04-28,C0392,P014,ST002,1,5499,0,Visa,Completed
ORD13344,2024-03-29,C0271,P048,ST003,1,89,0,Visa,Completed
ORD15697,2024-04-07,C0027,P039,ST001,1,1499,0,Mastercard,Completed
ORD14860,2023-01-18,C0408,P042,ST002,3,11499,0.05,Mada,Completed
ORD13818,2024-11-27,C0381,P027,ST001,1,3499,0.1,Cash,Completed
ORD15057,2023-07-23,C0062,P025,ST002,1,2299,0,Mada,Cancelled
ORD15260,2023-12-05,C0482,P049,ST001,1,399,0,Mastercard,Completed
ORD10774,2024-03-10,C0347,P009,ST004,1,4999,0,Mastercard,Completed
ORD12085,2024-02-28,C0238,P033,ST002,1,2699,0,Mada,Completed
ORD12448,2024-01-18,C0125,P047,ST001,1,119,0,Mada,Completed
ORD13009,2024-06-16,C0104,P025,ST001,1,2299,0,Cash,Completed
ORD12919,2024-08-12,C0180,P029,ST001,1,4999,0.05,Visa,Completed
ORD13413,2023-06-07,c0264,P030,ST001,1,6499,0.15,Apple Pay,Completed
ORD15136,2023-02-08,C0371,P023,ST002,1,3699,0.05,Bank Transfer,Completed
ORD14103,2023-01-05,C0334,P012,ST003,1,7299,0.05,Apple Pay,Completed
ORD13484,2023-04-18,C0097,P011,ST001,1,2799,0.1,Apple Pay,Completed
ORD14143,2024-03-06,C0221,P048,ST004,1,89,0.1,Cash,Completed
ORD10503,2024-11-06,C0200,P032,ST003,1,2199,0,Mada,Completed
ORD15225,2024-05-15,C0095,P046,ST001,1,1199,0,Mada,Completed
ORD10332,2023-05-29,c0486,P011,ST002,1,2799,0,Mada,Completed
ORD14405,2024-09-17,C0008,P038,ST002,1,2199,0.15,Visa,Completed
ORD13864,2023-11-27,c0302,P004,ST003,1,4599,0,Mada,Completed
ORD12944,2024-11-28,C0029,P004,ST001,1,4599,0.05,Apple Pay,Completed
ORD10665,2023-10-11,C0171,P005,ST001,1,1599,0,Mada,Completed
ORD13915,2024-06-23,C0334,P013,ST002,1,4299,0,Mada,Completed
ORD14767,2024-04-25,C0328,P036,ST001,1,599,0,Visa,Completed
ORD12053,2023-04-15,C0297,P018,ST001,1,999,0,Mada,Completed
ORD15085,2024-10-04,C0103,P003,ST002,1,3499,0,Apple Pay,Completed
ORD10021,2023-10-07,C0222,P015,ST002,1,2899,0.15,Mastercard,Completed
ORD14320,2023-04-17,C0110,P008,ST003,1,8999,0,Apple Pay,Completed
ORD12059,2023-02-05,C0034,P038,ST004,1,2199,0,Mada,Completed
ORD12321,10/08/2023,C0202,P004,ST002,1,4599,0.1,Visa,Completed
ORD12712,2023-07-02,C0211,P007,ST003,1,2999,0,Apple Pay,Completed
ORD12530,2023-01-10,C0090,P016,ST003,1,3699,0.15,Visa,Completed
ORD14086,2023-06-15,C0157,P043,ST002,2,1899,0.05,Apple Pay,Completed
ORD11660,2024-09-24,C0271,P047,ST002,1,119,0.05,Apple Pay,Completed
ORD11066,2023-08-01,C0047,P036,ST004,2,599,0.1,Mada,Completed
ORD14582,2024-01-30,C0100,P033,ST001,1,2699,0,Cash,Completed
ORD11941,2024-10-13,C0480,P007,ST001,1,2999,0.1,Apple Pay,Completed
ORD13609,2023-04-26,C0493,P049,ST001,1,399,0.1,Cash,Completed
ORD15893,2024-03-13,C0341,P006,ST003,2,3999,0,Mada,Completed
ORD15650,2023-06-10,C0066,P012,ST004,1,7299,0,Mastercard,Completed
ORD10394,2023-02-08,C0041,P008,ST003,1,8999,0.15,Cash,Completed
ORD11130,2024-07-19,C0463,P047,ST003,2,119,0,Mada,Completed
ORD13970,2023-10-11,C0205,P027,ST002,1,3499,0,Visa,Completed
ORD12319,2023-05-16,C0473,P021,ST001,1,849,0,Mada,Completed
ORD11241,2023-11-18,C0181,P004,ST002,3,4599,0,Mada,Returned
ORD15454,2023-05-04,C0425,P003,ST002,1,3499,0.05, Mada  ,Completed
ORD16495,2024-05-18,C0085,P038,ST003,1,2199,0,Mada,Completed
ORD10946,2024-10-22,C0398,P012,ST002,1,7299,0.15,Mada,Completed
ORD14039,2024-11-06,C0457,P007,ST002,3,2999,0.05,Apple Pay,Completed
ORD17193,2024-04-17,C0465,P015,ST001,1,2899,0,Mastercard,Completed
ORD17052,2023-04-13,C0300,P034,ST003,1,3299,0.05,Apple Pay,Completed
ORD13245,2024-11-17,C0227,P047,ST004,2,119,0,Mada,Returned
ORD12576,2024-03-05,C0289,P024,ST001,2,3999,0,Visa,Completed
ORD14430,2023-10-21,C0246,P020,ST002,1,1499,0,Mastercard,Completed
ORD10031,2023-11-30,C0103,P026,ST003,1,6799,0.15,Visa,Completed
ORD12900,2024-03-24,C0279,P036,ST003,1,599,0,Visa,Completed
ORD15139,2024-03-22,C0289,P049,ST004,1,399,0.05,Mada,Completed
ORD11667,2024-07-16,C0434,P020,ST002,2,1499,0,Apple Pay,Completed
ORD15895,2024-04-30,C0406,P018,ST001,1,999,0,Cash,Completed
ORD12142,2023-05-19,C0201,P012,ST002,1,7299,0.1,Cash,Completed
ORD16903,2024-06-12,C0416,P041,ST002,1,10999,0,Apple Pay,Completed
ORD16838,2024-08-04,C0125,P037,ST002,1,2299,0.15,Mada,Completed
ORD12510,2024-04-14,C0446,P033,ST001,1,2699,0,Mada,Completed
ORD11375,2024-04-03,C0033,P022,ST003,1,1799,0.05,Mada,Completed
ORD12014,2024-04-04,C0044,P033,ST002,1,2699,0,Mada,Completed
ORD11451,2023-08-17,C0343,P042,ST001,2,11499,0.1,Mada,Completed
ORD14956,2023-04-16,C0178,P022,ST001,1,1799,0.1,Visa,Completed
ORD10854,2023-10-04,C0153,P010,ST001,1,6999,0,Visa,Completed
ORD12597,2024-03-01,C0073,P006,ST002,1,3999,0,Mada,Completed
ORD13564,25/04/2024,c0094,P028,ST002,,4299,0.15,Mastercard,Completed
ORD11254,2023-12-16,C0330,P012,ST001,1,7299,0,Visa,Completed
ORD10568,2024-03-07,C0014,P002,ST001,1,4299,0,Mastercard,Completed
ORD13326,2023-03-24,C0388,P011,ST001,1,2799,0,Mastercard,Completed
ORD16118,2023-02-08,C0401,P048,ST002,1,89,0.15,Mada,Completed
ORD13831,2024-04-06,C0187,P041,ST001,1,10999,0,Mada,Completed
ORD12197,2023-04-11,C0247,P029,ST001,1,4999,0,Cash,Completed
ORD13803,2023-12-05,C0337,P027,ST002,1,3499,0,Visa,Completed
ORD11920,2024-04-28,C0022,P050,ST001,1,599,0,Mastercard,Completed
ORD16589,03/07/2023,C0384,P005,ST004,1,1599,0.15,Mada,Completed
ORD17065,2024-02-25,C0199,P041,ST002,1,10999,0.2,Mada,Completed
ORD12767,2024-05-03,C0064,P004,ST003,1,4599,0,Mada,Completed
ORD10120,2024-04-07,C0374,P027,ST004,1,3499,0.05,Mastercard,Completed
ORD16548,2024-01-15,C0413,P041,ST002,1,10999,0.05,Mada,Returned
ORD16011,2023-04-16,C0213,P030,ST004,1,6499,0.1,Apple Pay,Completed
ORD15009,2024-09-16,C0121,P021,ST002,2,849,0,Mada,Completed
ORD13543,2024-04-09,C0028,P027,ST001,1,3499,0,Visa,Completed
ORD11275,2024-04-16,C0419,P011,ST002,2,2799,0,Visa,Completed
ORD16557,2023-05-04,C0248,P010,ST002,1,6999,0.15,Mada,Completed
ORD12496,2024-06-30,C0357,P021,ST002,1,849,0,Apple Pay,Completed
ORD10520,2023-07-26,c0282,P017,ST001,2,1899,0,Apple Pay,Completed
ORD10084,2023-07-03,C0239,P003,ST002,3,3499,0,Cash,Completed
ORD12611,2024-02-22,C0171,P034,ST001,1,3299,0,Apple Pay,Completed
ORD15179,2024-04-16,C0427,P031,ST003,2,2699,0.05,Mastercard,Completed
ORD15088,2023-03-29,C0358,P032,ST002,1,2199,0,Mada,Completed
ORD16359,2023-07-29,C0175,P023,ST002,1,3699,0.1,Mada,Completed
ORD11277,2024-03-20,C0479,P026,ST001,3,6799,0,Mastercard,Completed
ORD16530,2024-03-25,C0498,P027,ST003,1,3499,0.1,Apple Pay,Completed
ORD16577,2023-04-28,C0177,P023,ST001,1,3699,0,Mada,Completed
ORD12268,2023-07-08,C0461,P034,ST001,1,3299,0.1,Mada,Completed
ORD10271,2024-10-22,C0231,P024,ST003,1,3999,0,Mada,Completed
ORD13721,2023-06-10,C0178,P038,ST001,2,2199,0.2,Mastercard,Completed
ORD13748,2023-11-13,C0373,P025,ST001,1,2299,0,Apple Pay,Completed
ORD10400,2023-05-16,c0090,P017,ST001,1,1899,0,Cash,Completed
ORD11319,2023-12-18,C0405,P035,ST002,1,849,0,Mada,Completed
ORD10783,2023-12-29,C0021,P046,ST001,1,1199,0,Visa,Completed
ORD15435,2024-06-06,C0023,P032,ST002,3,2199,0.05,Apple Pay,Completed
ORD15978,2024-01-11,C0059,P015,ST002,3,2899,0.05,Visa,Completed
ORD13323,2024-09-27,C0323,P002,ST002,1,4299,0.05,Mada,Completed
ORD13679,2024-03-06,C0030,P039,ST002,1,1499,0.1,Mada,Completed
ORD11792,2024-05-31,C0416,P046,ST001,1,1199,0,Cash,Completed
ORD14984,2024-01-11,C0196,P024,ST002,1,3999,0.05,Mastercard,Completed
ORD16987,2023-05-22,C0026,P033,ST002,1,2699,0,Mada,Returned
ORD16804,2023-08-23,C0013,P033,ST001,1,2699,0.1,Mada,Completed
ORD13393,2023-02-01,c0465,P032,ST002,1,2199,0,Mada,Completed
ORD14311,2024-08-18,C0341,P029,ST001,1,4999,0,Mada,Completed
ORD16149,2023-07-07,C0320,P033,ST001,1,2699,0, Mada  ,Completed
ORD13544,2024-04-29,C0456,P047,ST001,1,119,0,Apple Pay,Returned
ORD10206,2024-12-20,C0236,P005,ST002,1,1599,0,Mada,Completed
ORD12937,2023-11-30,C0339,P014,ST004,3,5499,0.1,Apple Pay,Completed
ORD11454,2023-11-10,C0339,P032,ST003,4,2199,0,Cash,Completed
ORD15986,2024-08-05,C0257,P043,ST001,1,1899,0.05,Mastercard,Completed
ORD11669,2024-09-05,C0442,P047,ST002,3,119,0,Visa,Completed
ORD14993,2023-03-21,C0206,P024,ST001,1,3999,0.1,Visa,Completed
ORD12681,2023-11-14,C0232,P011,ST003,1,2799,0,Mada,Completed
ORD14596,2024-03-04,C0237,P022,ST003,1,1799,0.1,Apple Pay,Completed
ORD11909,2024-03-12,C0290,P029,ST004,1,4999,0.1,Mada,Completed
ORD16718,2024-04-21,C0358,P018,ST003,1,999,0,Cash,Completed
ORD13528,2023-08-18,c0182,P027,ST001,1,3499,0.15,Mada,Completed
ORD11638,2023-09-30,C0317,P037,ST002,3,2299,0,Apple Pay,Completed
ORD12743,2023-02-08,C0128,P024,ST003,2,3999,0,Mada,Completed
ORD11776,2023-01-23,C0435,P045,ST001,2,599,0,Visa,Returned
ORD14048,2023-05-04,C0024,P039,ST001,1,1499,0,Cash,Completed
ORD17197,2024-05-05,C0281,P027,ST001,1,3499,0,Mada,Returned
ORD14820,2024-11-29,C0272,P023,ST002,2,3699,0,Cash,Completed
ORD12798,2024-04-28,C0419,P017,ST002,1,1899,0.05,Apple Pay,Completed
ORD12808,2024-06-23,C0208,P017,ST001,1,1899,0.05,Visa,Completed
ORD12210,2024-03-12,C0164,P014,ST001,2,5499,0.05,Mada,Completed
ORD12560,2023-10-28,C0363,P018,ST001,2,999,0,Mada,Completed
ORD16114,2024-03-24,C0455,P010,ST003,1,6999,0.1,Mada,Cancelled
ORD13948,2024-04-06,C0199,P036,ST003,2,599,0.05,Mastercard,Completed
ORD14302,2023-03-27,C0471,P040,ST001,1,349,0.2,Mada,Completed
ORD15503,2023-04-23,C0100,P050,ST002,1,599,0,Visa,Completed
ORD14375,2023-10-04,c0478,P009,ST003,1,4999,0,Mada,Completed
ORD11460,2023-10-12,C0097,P006,ST002,1,3999,0,Mada,Completed
ORD12066,2024-07-18,C0489,P031,ST001,1,2699,0,Mada,Completed
ORD13106,2024-07-31,C0046,P032,ST001,1,2199,0.2,Mada,Completed
ORD14647,2023-06-05,C0375,P010,ST001,4,6999,0,Mada,Completed
ORD12834,2024-05-04,C0473,P046,ST001,1,1199,0.05,Mastercard,Completed
ORD11752,2023-09-18,C0423,P024,ST003,1,3999,0,Apple Pay,Completed
ORD11919,2023-02-14,C0364,P034,ST001,1,3299,0, Visa  ,Completed
ORD14209,2024-11-27,C0314,P008,ST002,1,8999,0.1, Bank Transfer  ,Completed
ORD16488,2024-05-28,C0018,P016,ST001,1,3699,0.2,Visa,Completed
ORD12461,2023-11-08,C0220,P050,ST002,2,599,0.05,Mada,Completed
ORD12619,2024-12-24,C0274,P016,ST002,2,3699,0,Mada,Completed
ORD13558,2023-02-07,C0289,P048,ST001,1,89,0.05,Cash,Completed
ORD13293,2023-01-03,C0154,P008,ST002,4,8999,0,Mada,Completed
ORD10422,2024-03-24,C0277,P016,ST004,1,3699,0,Visa,Completed
ORD15619,2024-03-15,C0332,P020,ST002,1,1499,0,Mada,Completed
ORD14864,2024-11-30,C0377,P050,ST004,1,599,0,Mada,Completed
ORD10905,17/01/2023,C0181,P002,ST001,1,4299,0,Apple Pay,Completed
ORD16319,2023-08-09,C0172,P049,ST001,1,399,0,Apple Pay,Completed
ORD14557,2023-10-26,C0195,P011,ST002,1,2799,0,Mada,Completed
ORD10723,2023-01-08,C0004,P003,ST003,1,3499,0, Visa  ,Completed
ORD14022,2023-07-09,C0257,P017,ST003,2,1899,0,Mada,Completed
ORD14070,2024-11-19,C0021,P018,ST002,2,999,0.15,Visa,Completed
ORD14868,2024-04-15,C0149,P007,ST002,2,2999,0,Mastercard,Completed
ORD13816,29/10/2023,C0225,P044,ST002,1,1099,0,Mada,Completed
ORD13173,2024-03-09,C0230,P037,ST002,2,2299,0.05,Mada,Completed
ORD13547,2024-01-09,C0009,P015,ST001,2,2899,0.15,Visa,Completed
ORD12823,2023-03-23,C0063,P014,ST002,1,5499,0,Cash,Completed
ORD14565,2024-11-06,C0112,P032,ST001,4,2199,0,Mastercard,Completed
ORD16708,2024-04-18,C0425,P013,ST001,3,4299,0.2,Mastercard,Completed
ORD11885,2024-06-30,c0135,P031,ST003,1,2699,0,Mada,Completed
ORD16485,2023-04-16,C0328,P022,ST002,3,1799,0.15,Mada,Completed
ORD10325,2023-10-27,C0364,P015,ST002,4,2899,0,Mada,Completed
ORD11883,2024-03-05,C0284,P023,ST002,1,3699,0.15,Bank Transfer,Completed
ORD12934,2023-09-11,C0410,P020,ST002,4,1499,0,Mastercard,Completed
ORD13914,2024-03-17,C0135,P002,ST002,1,4299,0,Mada,Completed
ORD12867,2024-11-01,C0206,P020,ST002,1,1499,0,Bank Transfer,Completed
ORD16466,2024-09-03,C0415,P026,ST001,2,6799,0,Cash,Completed
ORD13202,2024-06-19,C0072,P036,ST001,1,599,0,Mada,Completed
ORD16567,2023-06-03,C0039,P003,ST002,2,3499,0,Mastercard,Completed
ORD16806,2023-04-24,C0264,P015,ST001,4,2899,0.2,Mada,Completed
ORD15425,2024-09-22,C0145,P005,ST002,1,1599,0.2,Mada,Completed
ORD10419,2023-12-08,C0188,P041,ST002,4,10999,0.05,Bank Transfer,Completed
ORD14439,2024-03-14,C0203,P034,ST002,3,3299,0,Visa,Completed
ORD10038,2024-11-26,C0472,P002,ST001,1,4299,0,Mada,Returned
ORD14546,2023-11-14,C0470,P049,ST002,1,399,0,Mastercard,Completed
ORD13983,2023-01-03,C0442,P021,ST003,1,849,0,Mastercard,Completed
ORD15946,2024-04-04,C0427,P029,ST001,1,4999,0,Mada,Completed
ORD11790,2024-03-24,C0103,P029,ST002,1,4999,0,Visa,Completed
ORD15837,21/10/2023,C0140,P017,ST002,2,1899,0,Mada,Cancelled
ORD14693,2024-01-14,C0315,P025,ST001,1,2299,0.2,Cash,Completed
ORD14896,2023-05-18,C0478,P045,ST001,1,599,0.1,Mastercard,Completed
ORD10184,2024-04-02,C0231,P044,ST004,1,1099,0.1,Mastercard,Completed
ORD13843,2023-02-13,C0178,P008,ST001,1,8999,0,Mada,Completed
ORD13986,2023-12-29,C0170,P035,ST002,1,849,0.1,Mada,Completed
ORD14892,2023-06-07,C0403,P034,ST002,1,3299,0.05,Apple Pay,Completed
ORD12639,2023-01-24,C0117,P023,ST002,1,3699,0,Visa,Completed
ORD16409,2024-04-12,C0417,P009,ST003,1,4999,0,Mastercard,Completed
ORD14160,2024-04-16,C0259,P028,ST002,1,4299,0.05,Mastercard,Completed
ORD10792,2024-03-09,C0459,P023,ST002,1,3699,0,Mada,Completed
ORD14329,2024-05-22,C0485,P013,ST001,2,4299,0,Apple Pay,Completed
ORD12858,2024-07-31,C0314,P001,ST001,2,5999,0,Mada,Completed
ORD16772,2024-03-18,C0186,P017,ST003,1,1899,0.1,Mastercard,Completed
ORD16624,2023-08-17,C0294,P047,ST003,2,119,0,Bank Transfer,Completed
ORD11168,2023-09-12,C0391,P034,ST001,1,3299,0.05,Mastercard,Completed
ORD13979,2024-05-19,C0015,P029,ST004,1,4999,0.05,Apple Pay,Completed
ORD14734,2024-12-08,C0046,P022,ST001,1,1799,0,Visa,Completed
ORD14429,2024-08-10,C0247,P013,ST001,1,4299,0,Apple Pay,Completed
ORD14595,2023-02-25,C0160,P028,ST001,2,4299,0,Mastercard,Completed
ORD16210,2023-03-09,C0347,P037,ST003,2,2299,0,Mastercard,Completed
ORD10898,2024-08-20,C0495,P010,ST001,2,6999,0.1,Mastercard,Completed
ORD11378,2024-09-19,C0352,P050,ST001,1,599,0,Visa,Completed
ORD15345,2024-04-19,C0149,P008,ST002,2,8999,0,Mastercard,Returned
ORD10220,2023-10-15,C0321,P035,ST001,1,849,0.05,Mada,Completed
ORD16494,2024-03-18,C0252,P046,ST003,1,1199,0.05,Mada,Completed
ORD16214,2024-05-31,C0382,P041,ST002,1,10999,0,Mada,Completed
ORD10446,2023-10-30,C0361,P002,ST004,1,4299,0,Mastercard,Completed
ORD16668,2023-09-09,C0250,P038,ST001,1,2199,0,Visa,Completed
ORD13618,2023-09-15,C0400,P031,ST004,2,2699,0.05,Bank Transfer,Completed
ORD16785,2023-07-02,C0158,P014,ST002,1,5499,0,Mada,Completed
ORD12921,2024-03-19,C0271,P033,ST001,1,2699,0.05,Cash,Completed
ORD13451,2023-10-14,C0192,P050,ST004,3,599,0,Mada,Completed
ORD11072,2024-04-25,C0263,P037,ST001,1,2299,0,Mada,Completed
ORD16342,2023-04-06,C0373,P005,ST003,1,1599,0,Mada,Completed
ORD11334,2024-03-16,C0446,P008,ST001,1,8999,0,Mastercard,Completed
ORD17222,2024-12-11,C0296,P040,ST001,1,349,0,Visa,Completed
ORD12684,2024-03-03,C0144,P049,ST001,1,399,0,Mada,Completed
ORD13542,2023-08-15,C0012,P027,ST001,3,3499,0,Mada,Completed
ORD15825,2023-09-04,C0128,P047,ST002,4,119,0.05,Visa,Completed
ORD16231,2023-11-07,C0240,P030,ST002,1,6499,0,Mastercard,Completed
ORD16927,2024-12-17,C0121,P007,ST003,1,2999,0,Mada,Completed
ORD16004,2024-09-01,C0425,P040,ST001,1,349,0.1,Mada,Completed
ORD16472,2024-08-15,C0144,P035,ST002,2,849,0,Visa,Completed
ORD12855,2023-09-08,C0228,P043,ST002,1,1899,0,Visa,Completed
ORD11361,2024-12-26,C0224,P007,ST002,1,2999,0,Visa,Completed
ORD14890,2024-03-05,C0279,P001,ST002,1,5999,0,Apple Pay,Completed
ORD13374,2023-10-08,C0383,P036,ST004,2,599,0,Visa,Completed
ORD17187,2023-09-20,C0424,P033,ST001,1,2699,0,Mada,Completed
ORD16259,2023-10-30,C0333,P015,ST004,2,2899,0,Visa,Completed
ORD15283,2024-05-10,C0334,P013,ST002,1,4299,0.05,Cash,Completed
ORD14872,2023-07-11,C0467,P043,ST001,2,1899,0.1,Bank Transfer,Completed
ORD11084,2024-05-12,C0133,P028,ST003,2,4299,0,Mada,Completed
ORD15092,2024-10-29,C0201,P003,ST002,4,3499,0,Mada,Completed
ORD13176,2024-08-25,C0258,P014,ST002,3,5499,0.1,Mada,Completed
ORD17142,2023-06-14,C0220,P026,ST002,1,6799,0,Mastercard,Completed
ORD10505,2024-08-28,C0032,P023,ST002,2,3699,0,Mada,Completed
ORD12331,2023-02-23,C0053,P001,ST002,1,5999,0.1,Apple Pay,Completed
ORD13966,2023-05-10,C0051,P045,ST002,1,599,0,Mada,Completed
ORD12103,2023-03-01,C0362,P042,ST001,1,11499,0.1,Apple Pay,Completed
ORD15759,2024-02-03,C0132,P015,ST002,2,2899,0,Visa,Completed
ORD13741,2023-12-16,C0189,P037,ST002,1,2299,0,Cash,Completed
ORD10894,2023-11-17,C0435,P020,ST001,1,1499,0,Apple Pay,Completed
ORD16906,2024-01-14,C0397,P024,ST002,4,3999,0,Mastercard,Completed
ORD12999,2024-10-05,C0105,P023,ST002,4,3699,0.05,Apple Pay,Completed
ORD10310,2023-09-13,C0112,P006,ST003,1,3999,0,Cash,Completed
ORD16915,2024-04-12,C0488,P038,ST004,1,2199,0.1,Mada,Completed
ORD14108,2024-01-08,C0253,P024,ST001,1,3999,0,Mada,Completed
ORD12425,2023-09-18,C0107,P025,ST002,1,2299,0,Cash,Completed
ORD12880,2024-04-12,C0187,P024,ST001,2,3999,0,Mada,Completed
ORD12033,2023-11-03,C0407,P022,ST001,2,1799,0.1,Visa,Completed
ORD16647,2024-11-30,C0166,P021,ST001,2,849,0.1,Mastercard,Completed
ORD16351,2024-04-16,C0272,P033,ST003,3,2699,0.1,Visa,Completed
ORD13978,2024-04-01,C0118,P007,ST002,1,2999,0,Cash,Completed
ORD14632,2024-04-23,C0268,P045,ST001,1,599,0,Apple Pay,Completed
ORD14127,2024-07-27,C0434,P045,ST001,1,599,0,Mada,Completed
ORD16156,2023-03-20,C0409,P011,ST001,2,2799,0,Cash,Completed
ORD11631,2024-09-26,C0480,P032,ST002,3,2199,0.05,Visa,Completed
ORD10391,2024-05-13,C0213,P009,ST004,1,4999,0.05,Apple Pay,Completed
ORD11798,2023-10-07,C0281,P048,ST002,1,89,0,Cash,Completed
ORD14990,2024-04-21,C0341,P015,ST001,1,2899,0,Apple Pay,Completed
ORD15205,2023-06-20,C0212,P003,ST002,1,3499,0,Apple Pay,Completed
ORD17024,2023-01-13,C0497,P008,ST001,1,8999,0.1,Mada,Completed
ORD15185,2024-04-19,C0366,P030,ST002,1,6499,0,Apple Pay,Completed
ORD13510,2024-03-22,C0266,P016,ST003,1,3699,0.05,Mastercard,Completed
ORD10669,2024-04-24,C0395,P006,ST002,1,3999,0,Visa,Completed
ORD12101,2024-03-11,C0165,P018,ST003,1,999,0,Mastercard,Completed
ORD11346,2024-02-09,C0353,P015,ST003,1,2899,0.05,Mada,Completed
ORD13255,2023-10-15,C0441,P026,ST002,1,6799,0.05,Bank Transfer,Completed
ORD14838,2023-02-19,C0465,P030,ST001,3,6499,0,Visa,Completed
ORD15442,2023-05-30,C0165,P030,ST003,2,6499,0,Cash,Completed
ORD15966,2024-06-08,C0129,P040,ST001,1,349,0.05,Mada,Completed
ORD10338,2023-03-09,C0167,P029,ST004,2,4999,0,Apple Pay,Completed
ORD16801,2024-12-05,C0015,P008,ST004,1,8999,0,Mada,Completed
ORD15302,2024-04-09,C0497,P029,ST001,1,4999,0,Visa,Completed
ORD11065,2024-08-22,C0331,P014,ST002,4,5499,0,Cash,Completed
ORD10512,2024-08-10,C0297,P048,ST001,3,89,0.05,Mada,Completed
ORD15403,2023-09-27,C0396,P049,ST002,1,399,0,Visa,Completed
ORD11908,2024-02-21,C0379,P015,ST001,1,2899,0,Mada,Completed
ORD12828,2024-06-13,C0170,P048,ST002,2,89,0.1,Mastercard,Completed
ORD16182,2023-09-14,C0172,P026,ST002,1,6799,0,Visa,Completed
ORD13003,2024-03-25,C0271,P002,ST004,1,4299,0,Mada,Completed
ORD13443,2024-04-22,C0496,P013,ST002,3,4299,0,Apple Pay,Completed
ORD14762,2024-11-06,C0151,P026,ST002,1,6799,0.05,Visa,Completed
ORD11850,2024-12-02,C0332,P037,ST003,1,2299,0,Mada,Completed
ORD12126,2024-05-29,C0215,P034,ST003,1,3299,0,Bank Transfer,Completed
ORD16853,2023-01-10,C0233,P021,ST003,1,849,0,Mada,Returned
ORD11739,2023-09-27,C0471,P028,ST002,1,4299,0.05,Mada,Completed
ORD12709,2024-07-13,C0284,P027,ST003,1,3499,0.05,Mastercard,Completed
ORD14919,2024-01-04,C0482,P022,ST001,1,1799,0,Visa,Completed
ORD10988,2024-06-04,C0337,P014,ST003,1,5499,0,Visa,Completed
ORD11374,2024-04-26,C0350,P045,ST002,1,599,0,Mastercard,Completed
ORD11930,2024-04-15,C0020,P005,ST003,1,1599,0,Apple Pay,Completed
ORD14698,2023-02-18,C0444,P004,ST004,1,4599,0,Apple Pay,Cancelled
ORD15053,2024-03-12,c0046,P034,ST003,3,3299,0,Apple Pay,Completed
ORD14789,2024-06-24,C0201,P015,ST002,2,2899,0.1,Visa,Completed
ORD16843,2024-03-26,C0356,P035,ST004,1,849,0,Mada,Completed
ORD10066,2024-01-27,C0036,P009,ST003,1,4999,0.05,Mada,Completed
ORD14289,2023-02-12,C0233,P013,ST001,1,4299,0.05,Mada,Completed
ORD13161,2024-04-26,C0285,P037,ST001,1,2299,0.2,Mastercard,Completed
ORD14793,2024-04-21,C0359,P035,ST001,1,849,0.1,Visa,Completed
ORD14737,2024-04-03,C0304,P018,ST002,1,999,0,Apple Pay,Completed
ORD15300,2024-10-04,C0091,P005,ST001,1,1599,0.2,Mada,Completed
ORD11409,2024-06-20,C0038,P032,ST001,1,2199,0,Visa,Completed
ORD15195,2024-09-24,C0376,P022,ST002,3,1799,0,Apple Pay,Completed
ORD15628,2023-02-26,C0169,P016,ST002,1,3699,0,Visa,Completed
ORD10148,2024-12-31,C0088,P043,ST003,1,1899,0,Apple Pay,Completed
ORD15513,2024-03-07,C0193,P016,ST002,2,3699,0,Mastercard,Completed
ORD14267,2023-04-01,C0038,P008,ST001,2,8999,0,Mastercard,Completed
ORD12212,2024-11-10,C0097,P020,ST003,1,1499,0, Mada  ,Completed
ORD15147,2024-06-08,C0374,P037,ST003,2,2299,0,Mada,Completed
ORD16558,2023-09-29,C0187,P015,ST001,4,2899,0,Visa,Completed
ORD11021,2023-12-28,C0275,P042,ST002,1,11499,0,Mada,Completed
ORD10055,2024-06-10,C0211,P007,ST003,1,2999,0.1,Bank Transfer,Completed
ORD15355,2024-08-16,C0147,P037,ST002,1,2299,0.1,Mastercard,Completed
ORD10581,2023-02-17,C0310,P010,ST002,2,6999,0.1,Cash,Completed
ORD14572,2024-06-03,C0085,P046,ST002,2,1199,0,Mada,Completed
ORD13656,2023-08-11,C0275,P005,ST002,1,1599,0,Bank Transfer,Completed
ORD11700,2023-09-23,C0432,P021,ST002,1,849,0,Mada,Completed
ORD13486,2024-01-09,C0371,P050,ST003,1,599,0,Apple Pay,Completed
ORD10287,2024-11-12,C0373,P020,ST003,3,1499,0,Apple Pay,Completed
ORD12662,2023-05-19,C0227,P007,ST002,1,2999,0,Mada,Completed
ORD14541,2023-01-05,C0282,P046,ST001,1,1199,0.05,Apple Pay,Completed
ORD16024,2024-03-16,C0358,P005,ST002,1,1599,0,Mastercard,Completed
ORD16073,2023-08-28,C0362,P041,ST001,1,10999,0.15,Mada,Completed
ORD16034,2023-07-10,C0214,P038,ST001,1,2199,0%,Visa,Completed
ORD11353,2024-04-25,C0126,P031,ST004,1,2699,0,Cash,Completed
ORD11973,2024-03-02,C0353,P028,ST001,1,4299,0,Cash,Completed
ORD11340,2023-11-25,C0178,P012,ST001,1,7299,0,Mada,Completed
ORD12890,2024-05-23,c0039,P043,ST001,1,1899,0,Visa,Completed
ORD10308,2024-03-07,C0422,P002,ST003,2,4299,0.15,Mastercard,Completed
ORD10399,2023-10-26,C0040,P019,ST002,1,2299,0,Mada,Completed
ORD11784,2023-01-01,C0113,P047,ST001,1,119,0.05,Apple Pay,Completed
ORD14485,2024-04-26,C0027,P019,ST003,1,2299,0.1,Apple Pay,Completed
ORD15980,2024-10-23,C0342,P008,ST003,4,8999,0.05,Visa,Completed
ORD12116,2023-06-23,C0235,P007,ST001,1,2999,0,Mada,Completed
ORD12912,2024-04-20,C0159,P004,ST002,1,4599,0,Bank Transfer,Completed
ORD10709,2024-04-09,C0241,P031,ST002,1,2699,0,Apple Pay,Completed
ORD11370,18/01/2024,C0315,P015,ST002,1,2899,0,Visa,Completed
ORD13767,2024-06-19,C0202,P045,ST002,1,599,0,Mada,Completed
ORD17104,2024-06-14,C0041,P030,ST002,1,6499,0,Visa,Completed
ORD13997,2024-06-20,C0426,P005,ST001,2,1599,0.1,Mastercard,Completed
ORD15803,2024-05-08,C0193,P031,ST002,1,2699,0,Visa,Completed
ORD17186,2024-01-23,C0363,P031,ST001,1,2699,0.15,Mada,Completed
ORD15785,2023-03-24,C0273,P048,ST004,2,89,0.2,Apple Pay,Completed
ORD12289,2024-09-27,C0280,P037,ST004,3,2299,0.1,Bank Transfer,Completed
ORD11950,2024-04-10,C0091,P019,ST001,1,2299,0,Mada,Completed
ORD11329,2023-09-16,C0171,P001,ST001,1,5999,0,Apple Pay,Completed
ORD14674,2024-01-06,C0259,P039,ST001,1,1499,0,Mada,Completed
ORD10636,2023-08-20,C0169,P005,ST002,3,1599,0,Mastercard,Completed
ORD15153,2023-06-25,C0039,P011,ST001,1,2799,0,Visa,Completed
ORD11785,2024-02-24,C0434,P011,ST001,1,2799,0,Bank Transfer,Completed
ORD13779,2023-03-19,C0424,P023,ST002,1,3699,0,Bank Transfer,Completed
ORD11711,2023-02-12,C0386,P017,ST001,1,1899,0,Mastercard,Completed
ORD13320,2024-04-18,C0052,P001,ST002,1,5999,0,Apple Pay,Completed
ORD13580,2024-03-06,c0109,P014,ST002,1,5499,0.05,Mada,Completed
ORD16454,2024-04-14,C0059,P031,ST001,2,2699,0.05,Mada,Completed
ORD10784,2023-12-06,C0137,P013,ST001,3,4299,0.15,Visa,Completed
ORD14064,2024-03-16,C0380,P036,ST001,3,599,0,Mada,Completed
ORD15594,2023-10-06,C0220,P016,ST001,1,3699,0.15,Mada,Completed
ORD15898,2023-04-22,C0239,P047,ST002,2,119,0,Apple Pay,Completed
ORD15127,2024-04-06,C0290,P019,ST003,1,2299,0.15,Mada,Completed
ORD10993,2024-03-04,C0466,P009,ST003,3,4999,0,Mastercard,Completed
ORD12813,2024-10-22,C0131,P022,ST001,1,1799,0.05,Mastercard,Completed
ORD12298,2024-05-20,C0116,P035,ST002,1,849,0,Mada,Completed
ORD16568,2024-06-20,C0321,P004,ST004,1,4599,0,Visa,Completed
ORD11971,2024-06-07,C0442,P045,ST002,2,599,0,Mada,Completed
ORD13168,2024-03-20,C0309,P031,ST004,1,2699,0.05,Mastercard,Completed
ORD11116,2023-02-10,C0404,P033,ST003,1,2699,0,Mada,Completed
ORD11352,2024-07-05,C0498,P038,ST002,1,2199,0,Bank Transfer,Completed
ORD11757,2024-04-08,C0277,P006,ST001,2,3999,0.2,Visa,Completed
ORD14715,2024-03-16,C0122,P011,ST003,1,2799,0,Mada,Completed
ORD16957,2024-06-25,C0056,P041,ST001,1,10999,0.1,Mada,Completed
ORD14742,2024-03-25,C0169,P019,ST002,1,2299,0,Mada,Completed
ORD10204,2023-10-31,C0498,P033,ST001,1,2699,0,Visa,Returned
ORD15703,2023-07-31,C0039,P020,ST003,1,1499,0,Visa,Completed
ORD14263,2023-01-22,C0477,P013,ST003,1,4299,0,Mada,Completed
ORD15565,2023-02-27,C0276,P048,ST002,4,89,0.1,Bank Transfer,Completed
ORD13361,2024-10-19,C0486,P014,ST002,1,5499,0.1,Mastercard,Returned
ORD14130,2024-08-11,C0346,P020,ST003,1,1499,0,Mada,Completed
ORD14019,2023-08-09,C0143,P044,ST001,1,1099,0.05,Cash,Completed
ORD13051,2023-04-05,C0064,P016,ST001,1,3699,0,Visa,Completed
ORD15099,2023-09-07,c0005,P019,ST001,1,2299,0%,Bank Transfer,Completed
ORD13140,2024-03-23,C0339,P016,ST003,1,3699,0,Apple Pay,Returned
ORD10858,2024-04-01,C0163,P030,ST001,3,6499,0,Bank Transfer,Completed
ORD14387,2024-01-03,C0496,P034,ST002,2,3299,0,Visa,Completed
ORD13038,2024-06-17,c0299,P036,ST002,1,599,0.05,Mastercard,Completed
ORD16440,2023-07-01,C0021,P034,ST004,1,3299,0,Mastercard,Completed
ORD12754,2024-06-01,C0134,P007,ST001,1,2999,0.05,Cash,Completed
ORD13922,2023-09-14,C0129,P040,ST002,1,349,0.1,Cash,Completed
ORD15042,2023-10-23,C0332,P026,ST003,1,6799,0,Mastercard,Completed
ORD17165,2024-03-19,C0364,P030,ST004,1,6499,0.1,Apple Pay,Completed
ORD15222,2023-12-20,C0257,P043,ST001,1,1899,0,Cash,Completed
ORD16913,2023-09-10,C0167,P017,ST002,2,1899,0.15,Visa,Completed
ORD16845,2023-11-20,C0069,P044,ST001,1,1099,0,Apple Pay,Completed
ORD12598,2023-07-18,C0179,P014,ST001,2,5499,0.15,Visa,Completed
ORD13712,2024-04-12,C0312,P046,ST003,1,1199,0.15,Cash,Completed
ORD11481,2024-10-18,C0382,P046,ST001,1,1199,0.2,Mada,Completed
ORD10291,2024-04-21,C0120,P035,ST001,2,849,0,Mastercard,Completed
ORD15908,2024-04-20,C0260,P045,ST002,1,599,0.1,Apple Pay,Completed
ORD11774,2024-10-12,c0038,P043,ST004,1,1899,0.1,Visa,Completed
ORD14495,2023-02-12,C0310,P024,ST003,1,3999,0,Mada,Completed
ORD12645,2023-03-09,C0215,P036,ST003,4,599,0.05,Apple Pay,Completed
ORD11029,2024-05-23,C0115,P049,ST004,1,399,0,Mada,Completed
ORD10279,2024-03-16,C0452,P001,ST002,1,5999,0,Visa,Completed
ORD11172,2023-02-05,C0307,P027,ST001,1,3499,0,Mada,Completed
ORD13336,2024-06-01,C0201,P039,ST002,4,1499,0,Mada,Completed
ORD16967,2024-04-27,C0120,P008,ST002,1,8999,0,Mada,Completed
ORD13526,2024-04-16,C0035,P001,ST002,1,5999,0,Mada,Completed
ORD13391,2024-03-10,C0365,P016,ST003,1,3699,0.05,Mastercard,Completed
ORD13187,2024-04-03,C0139,P032,ST002,1,2199,0,Mada,Completed
ORD11525,2024-10-13,C0025,P009,ST002,1,4999,0,Apple Pay,Completed
ORD12907,2023-04-01,C0263,P013,ST002,1,4299,0,Mastercard,Returned
ORD17122,2024-04-25,C0255,P022,ST004,1,1799,0,Mada,Completed
ORD10960,2024-03-12,C0042,P027,ST004,1,3499,0.05,Visa,Completed
ORD13908,2024-05-18,C0325,P011,ST003,2,2799,0,Mastercard,Completed
ORD13696,2024-10-29,C0454,P038,ST002,1,2199,0,Mada,Completed
ORD16197,2024-03-07,C0047,P048,ST003,1,89,0,Mada,Completed
ORD16367,2024-05-21,C0479,P035,ST001,1,849,0.1,Mada,Completed
ORD13155,2023-02-24,C0489,P040,ST001,1,349,0.05,Visa,Completed
ORD14755,2024-01-20,C0053,P001,ST003,1,5999,0.1,Mastercard,Completed
ORD15958,2023-07-19,C0281,P008,ST002,1,8999,0.1,Mada,Completed
ORD14966,2023-11-27,C0144,P032,ST001,4,2199,0,Mastercard,Completed
ORD10366,2024-05-23,C0058,P020,ST002,1,1499,0%,Mada,Completed
ORD14148,2023-11-29,C0185,P040,ST001,1,349,0,Visa,Completed
ORD14236,2024-07-02,C0247,P027,ST001,1,3499,0,Apple Pay,Completed
ORD10114,2024-09-18,C0122,P032,ST002,1,2199,0.05,Mada,Completed
ORD14617,2023-03-24,C0389,P047,ST002,1,119,0,Mada,Completed
ORD16551,2023-12-22,C0192,P013,ST002,1,4299,0,Mastercard,Completed
ORD12564,2023-09-21,C0155,P009,ST001,1,4999,0,Cash,Completed
ORD13429,2024-05-02,C0107,P024,ST002,2,3999,0,Mada,Completed
ORD14400,2024-10-21,C0491,P033,ST003,1,2699,0,Mada,Completed
ORD10445,2024-12-14,C0209,P036,ST001,2,599,0.05,Mada,Completed
ORD16671,2024-03-16,C0182,P023,ST001,1,3699,0,Mada,Completed
ORD16176,2024-04-13,C0144,P043,ST001,2,1899,0.05,Mada,Completed
ORD11738,2024-01-02,C0070,P001,ST003,3,5999,0,Visa,Cancelled
ORD11147,2023-12-17,C0384,P019,ST002,1,2299,0,Bank Transfer,Completed
ORD11673,2024-04-15,C0061,P008,ST002,1,8999,0,Visa,Completed
ORD16290,2024-03-07,C0224,P017,ST001,2,1899,0,Apple Pay,Completed
ORD10205,2023-01-08,C0218,P041,ST001,2,10999,0.1,Mada,Completed
ORD15250,2023-03-25,C0232,P001,ST002,1,5999,0,Visa,Completed
ORD17128,2024-03-21,C0284,P014,ST001,4,5499,0,Apple Pay,Completed
ORD10481,2024-03-17,C0354,P013,ST001,2,4299,0,Visa,Completed
ORD14839,2024-09-25,C0083,P035,ST001,1,849,0,Mada,Completed
ORD12096,2024-03-18,C0487,P022,ST003,1,1799,0.2,Apple Pay,Completed
ORD14699,2023-09-11,C0240,P037,ST003,1,2299,0,Apple Pay,Completed
ORD13191,2023-08-07,C0223,P001,ST003,1,5999,0.15,Visa,Completed
ORD15857,2024-08-07,C0428,P025,ST001,1,2299,0,Apple Pay,Completed
ORD11320,2023-04-02,C0117,P008,ST002,2,8999,0.1,Mastercard,Completed
ORD14527,2023-01-15,C0460,P018,ST002,1,999,0,Mada,Completed
ORD12102,2024-09-03,C0227,P046,ST002,1,1199,0,Mada,Completed
ORD16937,2024-04-02,C0104,P044,ST001,1,1099,0,Mastercard,Completed
ORD11496,2024-03-08,C0379,P003,ST002,1,3499,0,Mastercard,Completed
ORD12748,2023-05-08,C0302,P001,ST002,1,5999,0,Mada,Completed
ORD12961,2023-02-21,C0215,P037,ST003,1,2299,0.05,Visa,Completed
ORD11515,2023-11-26,C0400,P022,ST003,1,1799,0.1,Mastercard,Completed
ORD16970,2023-07-03,C0478,P043,ST003,1,1899,0.1,Mada,Completed
ORD13636,2024-01-15,C0363,P013,ST001,2,4299,0.1,Mada,Completed
ORD14333,2024-07-02,C0028,P048,ST003,1,89,0.05,Apple Pay,Completed
ORD10590,2024-06-16,C0370,P044,ST002,1,1099,0.1,Apple Pay,Completed
ORD12770,2023-09-29,C0333,P024,ST004,1,3999,0.05,Mada,Completed
ORD11176,13/08/2023,C0049,P010,ST003,1,6999,0,Mada,Completed
ORD12125,2024-04-19,C0347,P028,ST003,1,4299,0,Mada,Completed
ORD14970,2023-12-09,C0478,P011,ST003,1,2799,0,Mada,Completed
ORD10454,2024-11-20,C0045,P005,ST004,1,1599,0.1,Apple Pay,Completed
ORD12884,2023-06-12,C0280,P007,ST001,1,2999,0.1,Bank Transfer,Completed
ORD13071,2024-02-29,C0128,P044,ST001,1,1099,0.1,Cash,Completed
ORD12330,2024-02-12,C0077,P011,ST001,1,2799,0.05,Mastercard,Completed
ORD11137,2024-05-22,C0442,P028,ST001,1,4299,0,Mastercard,Completed
ORD16374,2024-01-13,C0405,P024,ST003,1,3999,0,Visa,Completed
ORD10977,2024-08-04,C0122,P025,ST001,1,2299,0.2,Mada,Completed
ORD15858,2023-10-20,C0460,P017,ST002,2,1899,0.1,Cash,Completed
ORD16268,2023-08-15,C0334,P012,ST001,1,7299,0,Mastercard,Completed
ORD13021,2023-08-20,C0079,P008,ST003,3,8999,0,Visa,Completed
ORD13866,2024-09-26,C0242,P014,ST004,1,5499,0,Mastercard,Completed
ORD16515,2023-05-09,C0037,P024,ST001,2,3999,0.05,Visa,Completed
ORD11439,2023-12-01,C0301,P046,ST002,1,1199,0,Mada,Completed
ORD16763,2024-08-27,C0493,P014,ST003,4,5499,0,Mada,Completed
ORD13808,2024-03-23,C0432,P048,ST001,1,89,0,Mada,Completed
ORD12692,21/08/2024,C0187,P042,ST002,1,11499,0,Visa,Completed
ORD16270,2024-12-04,C0455,P012,ST001,2,7299,0.1,Mada,Completed
ORD10817,2024-12-01,c0115,P008,ST003,1,8999,0.2,Bank Transfer,Completed
ORD10664,2024-03-28,C0257,P023,ST002,3,3699,0,Mastercard,Completed
ORD11896,2024-04-06,C0416,P012,ST002,1,7299,0.1,Mada,Completed
ORD12234,2023-09-26,C0378,P032,ST001,2,2199,0.05,Mada,Completed
ORD10440,2024-03-09,C0176,P030,ST001,1,6499,0,Mada,Completed
ORD14949,2023-11-24,C0040,P016,ST004,1,3699,0,Bank Transfer,Returned
ORD14882,2024-03-10,C0339,P030,ST003,2,6499,0,Mada,Completed
ORD11173,2024-03-03,C0213,P005,ST002,1,1599,0,Visa,Completed
ORD11185,2023-03-26,C0262,P012,ST004,1,7299,0.15,Apple Pay,Completed
ORD11641,01/08/2024,C0296,P002,ST004,1,4299,0,Apple Pay,Returned
ORD17098,2024-03-15,C0290,P029,ST004,1,4999,0.1,Bank Transfer,Completed
ORD15552,2023-06-27,C0216,P002,ST002,1,4299,0,Cash,Completed
ORD12960,2024-03-09,C0151,P042,ST004,1,11499,0,Apple Pay,Completed
ORD12035,2024-05-29,C0126,P035,ST002,1,849,0,Bank Transfer,Completed
ORD10154,2024-10-08,C0087,P029,ST001,1,4999,0.1,Mada,Completed
ORD10542,2023-11-28,C0377,P014,ST002,1,5499,0.05,Mada,Completed
ORD13400,2023-11-15,C0035,P041,ST001,1,10999,0,Bank Transfer,Completed
ORD15953,2023-12-19,C0094,P047,ST001,1,119,0.05,Mada,Completed
ORD12522,2024-09-27,C0421,P017,ST003,3,1899,0.15,Mastercard,Completed
ORD10802,2024-04-17,C0152,P034,ST003,1,3299,0.1,Mastercard,Completed
ORD16056,2023-12-08,C0316,P042,ST001,1,11499,0,Cash,Returned
ORD12046,2024-04-15,C0421,P006,ST003,1,3999,0.1,Mastercard,Completed
ORD12768,2024-01-01,C0199,P012,ST003,1,7299,0.1,Visa,Completed
ORD12805,2023-07-08,C0307,P027,ST001,3,3499,0.1,Mada,Completed
ORD11395,2024-04-25,C0232,P037,ST003,1,2299,0.05, Mada  ,Completed
ORD15464,2023-06-15,C0483,P039,ST001,1,1499,0,Mada,Completed
ORD14857,2023-10-26,C0276,P021,ST001,1,849,0.15,Mastercard,Completed
ORD11251,2024-05-24,c0118,P003,ST002,1,3499,0,Visa,Completed
ORD14798,2024-04-18,C0230,P006,ST002,1,3999,0,Cash,Completed
ORD13387,2024-01-08,C0076,P009,ST002,1,4999,0.05,Mada,Completed
ORD16224,2024-02-09,C0402,P009,ST001,1,4999,0,Visa,Completed
ORD16060,2024-11-27,C0210,P011,ST003,1,2799,0, Mada  ,Completed
ORD13420,2024-04-23,C0465,P039,ST003,1,1499,0.1,Cash,Completed
ORD14934,2024-07-31,C0034,P002,ST002,2,4299,0, Visa  ,Completed
ORD11512,2023-08-26,C0453,P004,ST001,1,4599,0.05,Visa,Completed
ORD12081,2024-11-21,C0210,P007,ST002,1,2999,0,Visa,Completed
ORD14185,2023-06-17,C0236,P038,ST002,1,2199,0,Mada,Completed
ORD11855,2024-07-27,C0145,P009,ST001,1,4999,0.15,Bank Transfer,Completed
ORD15373,2023-01-03,C0458,P043,ST001,3,1899,0.05,Mada,Returned
ORD17240,2023-03-27,C0480,P006,ST002,1,3999,0,Cash,Completed
ORD15557,2024-08-24,C0337,P025,ST002,1,2299,0.05,Cash,Completed
ORD13813,2024-01-06,C0311,P043,ST001,1,1899,0, Mada  ,Completed
ORD12635,2024-04-17,C0023,P004,ST002,2,4599,0,Mastercard,Completed
ORD13581,2024-07-22,C0264,P021,ST001,1,849,0,Cash,Completed
ORD12567,2023-04-30,C0118,P042,ST001,1,11499,0,Visa,Completed
ORD14410,2024-09-27,C0190,P021,ST003,1,849,0,Mastercard,Completed
ORD11238,2024-04-03,C0043,P041,ST001,1,10999,0,Visa,Completed
ORD11801,2024-04-04,C0290,P024,ST002,3,3999,0,Apple Pay,Completed
ORD13571,2024-02-15,C0493,P032,ST001,1,2199,0.05,Visa,Completed
ORD14725,2023-07-09,C0355,P028,ST003,1,4299,0,Apple Pay,Completed
ORD11384,2023-04-21,C0390,P008,ST002,1,8999,0,Mada,Completed
ORD16706,2023-03-20,C0217,P045,ST004,1,599,0.05,Mada,Completed
ORD15251,2024-11-15,C0248,P006,ST002,1,3999,0.05,Mastercard,Completed
ORD16047,2023-08-01,C0226,P001,ST003,2,5999,0.1,Mastercard,Completed
ORD11019,2023-08-13,C0449,P020,ST003,1,1499,0,Mada,Completed
ORD15779,2024-03-06,C0301,P035,ST002,1,849,0,Visa,Completed
ORD12502,2023-05-23,C0239,P047,ST001,2,119,0.15,Mastercard,Completed
ORD10780,2024-03-20,C0456,P020,ST002,1,1499,0,Visa,Completed
ORD16389,2024-04-22,C0329,P006,ST001,1,3999,0.15,Apple Pay,Completed
ORD15348,2024-05-19,C0031,P003,ST001,1,3499,0.1,Cash,Completed
ORD16299,2023-02-07,C0342,P010,ST001,1,6999,0,Mastercard,Completed
ORD12120,2024-03-12,C0262,P027,ST001,4,3499,0,Mastercard,Completed
ORD10233,2024-04-04,C0308,P031,ST002,1,2699,0.1,Mastercard,Completed
ORD10726,2024-04-12,C0272,P009,ST002,1,4999,0,Mastercard,Completed
ORD11379,2023-11-25,C0449,P034,ST002,1,3299,0.05,Mada,Completed
ORD13240,2023-07-26,C0237,P040,ST003,1,349,0,Visa,Completed
ORD16793,2024-04-16,C0143,P048,ST004,1,89,0.05,Mada,Completed
ORD12444,2023-08-23,C0130,P049,ST001,1,399,0,Mada,Completed
ORD12063,2023-06-20,C0446,P005,ST004,1,1599,0,Mada,Completed
ORD10214,2023-07-08,C0291,P013,ST003,1,4299,0.05,Apple Pay,Completed
ORD13452,2024-06-30,C0127,P013,ST002,1,4299,0.05,Visa,Completed
ORD12143,2024-01-29,C0204,P036,ST003,1,599,0,Mada,Completed
ORD15228,2023-03-12,C0304,P012,ST002,2,7299,0,Apple Pay,Completed
ORD10911,2024-12-23,C0379,P033,ST001,3,2699,0.05,Apple Pay,Completed
ORD15215,2024-06-18,C0302,P002,ST002,1,4299,0,Mada,Completed
ORD10994,2023-05-22,C0216,P022,ST003,1,1799,0,Mada,Completed
ORD12793,2023-11-22,C0398,P014,ST001,3,5499,0.15,Mastercard,Completed
ORD11415,2023-07-18,C0365,P001,ST002,4,5999,0,Mada,Completed
ORD14083,2023-05-07,C0434,P017,ST002,1,1899,0.05,Cash,Completed
ORD14707,2023-02-05,C0179,P019,ST004,4,2299,0.1,Mada,Completed
ORD14692,2023-04-06,C0178,P012,ST001,1,7299,0.15, Mada  ,Completed
ORD15055,2024-03-07,C0129,P037,ST001,1,2299,0.1,Apple Pay,Completed
ORD17036,2023-03-05,C0393,P039,ST002,1,1499,0,Visa,Completed
ORD12346,2023-08-18,C0352,P042,ST003,1,11499,0, Mastercard  ,Completed
ORD11737,2024-02-10,C0089,P036,ST002,1,599,0.1,Apple Pay,Completed
ORD11045,2024-09-11,C0087,P040,ST003,1,349,0,Mada,Completed
ORD12665,2024-08-26,C0221,P037,ST001,1,2299,0.05,Cash,Completed
ORD16722,2023-01-17,C0404,P016,ST001,1,3699,0, Apple Pay  ,Completed
ORD14718,2024-04-15,C0237,P011,ST002,1,2799,0,Apple Pay,Completed
ORD10345,2023-06-17,C0044,P008,ST001,1,8999,0.05,Visa,Completed
ORD10883,2023-07-17,C0299,P046,ST001,1,1199,0,Mastercard,Completed
ORD16521,2024-06-23,C0029,P010,ST001,3,6999,0.1,Mada,Completed
ORD16096,2023-09-04,C0299,P049,ST004,1,399,0,Visa,Completed
ORD15814,2024-07-01,C0135,P010,ST002,2,6999,0,Mada,Completed
ORD16972,12/09/2024,C0055,P032,ST003,1,2199,0, Mastercard  ,Completed
ORD10979,2024-10-30,C0434,P037,ST001,1,2299,0.1,Visa,Completed
ORD16248,2023-01-11,C0283,P049,ST001,1,399,0,Cash,Completed
ORD14055,2023-02-28,C0055,P043,ST001,1,1899,0,Mada,Completed
ORD15077,2024-08-21,C0318,P037,ST002,1,2299,0,Mada,Completed
ORD15854,2024-08-18,C0452,P005,ST001,2,1599,0.1,Visa,Completed
ORD13998,2024-07-31,C0149,P036,ST004,1,599,0,Mastercard,Completed
ORD12670,2023-05-29,C0348,P026,ST003,1,6799,0,Mada,Completed
ORD11770,2023-04-03,C0229,P015,ST003,4,2899,0, Mada  ,Completed
ORD12898,2023-08-25,C0495,P017,ST001,2,1899,0,Cash,Completed
ORD15550,2024-05-17,C0460,P019,ST003,1,2299,0.05,Mada,Completed
ORD15508,2024-04-27,C0034,P050,ST001,1,599,0,Mada,Completed
ORD10917,2024-06-14,C0266,P039,ST003,1,1499,0,Mada,Completed
ORD10935,2023-07-29,C0328,P032,ST002,1,2199,0.1,Mada,Completed
ORD12071,2024-04-04,C0172,P010,ST001,2,6999,0,Mada,Completed
ORD14588,2024-02-28,C0459,P029,ST001,1,4999,0.05,Mada,Completed
ORD11401,2024-08-09,C0483,P048,ST003,1,89,0,Mada,Completed
ORD12438,2024-04-28,C0445,P024,ST002,1,3999,0,Apple Pay,Completed
ORD16594,2024-04-09,C0131,P011,ST001,1,2799,0,Visa,Completed
ORD11035,2023-03-21,C0102,P011,ST003,1,2799,0,Bank Transfer,Completed
ORD10167,2023-08-25,C0090,P017,ST004,1,1899,0, Apple Pay  ,Completed
ORD16120,2024-03-15,C0451,P026,ST002,1,6799,0,Mastercard,Completed
ORD10983,2024-03-02,C0433,P017,ST004,4,1899,0,Visa,Completed
ORD14723,2023-04-17,C0456,P001,ST004,1,5999,0.15,Apple Pay,Completed
ORD14904,2024-06-04,C0473,P007,ST003,1,2999,0.1,Apple Pay,Completed
ORD14277,2023-02-02,C0055,P046,ST002,1,1199,0,Mastercard,Completed
ORD11858,2024-01-18,C0354,P030,ST001,2,6499,0,Mada,Completed
ORD13366,2023-07-05,C0118,P048,ST003,1,89,0,Bank Transfer,Completed
ORD13896,2024-05-30,C0241,P022,ST001,1,1799,0,Mastercard,Completed
ORD16974,2024-03-10,C0209,P036,ST003,1,599,0.1,Mada,Completed
ORD16407,2024-10-20,C0153,P023,ST002,1,3699,0.1,Visa,Completed
ORD15400,2024-10-16,C0012,P012,ST001,1,7299,0,Mada,Completed
ORD15828,2023-05-28,C0278,P040,ST001,1,349,0,Cash,Returned
ORD10281,2024-09-19,C0138,P019,ST003,1,2299,0,Apple Pay,Completed
ORD15236,2024-08-10,C0342,P007,ST001,2,2999,0,Mada,Completed
ORD16584,2023-02-22,C0467,P005,ST002,1,1599,0,Mada,Completed
ORD13934,2024-04-03,C0449,P011,ST004,1,2799,0,Cash,Completed
ORD16916,2024-03-10,C0356,P018,ST002,3,999,0,Apple Pay,Completed
ORD10143,2024-01-21,C0423,P014,ST002,1,5499,0.05,Mastercard,Completed
ORD13496,2023-09-29,C0348,P007,ST003,1,2999,0,Cash,Completed
ORD10250,2023-12-23,C0477,P015,ST003,1,2899,0,Mada,Completed
ORD11640,2023-05-04,c0404,P030,ST001,1,6499,0,Mada,Completed
ORD16709,2024-01-10,C0486,P004,ST001,1,4599,0.1,Apple Pay,Completed
ORD13531,2023-12-15,C0281,P016,ST002,1,3699,0.1,Visa,Completed
ORD12235,2024-06-01,C0373,P018,ST002,1,999,0,Visa,Completed
ORD12883,2024-03-22,C0136,P013,ST001,2,4299,0,Mada,Completed
ORD15284,2024-04-04,C0436,P010,ST002,2,6999,0,Mada,Completed
ORD14090,2024-05-10,C0382,P045,ST004,1,599,0.2,Visa,Completed
ORD14936,2023-12-11,C0290,P029,ST002,1,4999,0,Mada,Completed
ORD16445,2024-05-26,C0109,P033,ST003,1,2699,0.05,Mada,Completed
ORD10014,2024-10-31,C0029,P026,ST001,1,6799,0,Cash,Completed
ORD13992,2024-03-19,C0113,P037,ST002,1,2299,0,Mada,Completed
ORD14920,2023-01-26,C0245,P025,ST002,1,2299,0.15,Mastercard,Completed
ORD13448,2023-10-09,C0067,P021,ST004,1,849,0.05,Cash,Completed
ORD11772,2024-07-29,C0194,P036,ST002,1,599,0, Mastercard  ,Completed
ORD14427,2023-04-07,C0335,P038,ST004,1,2199,20%,Apple Pay,Completed
ORD16834,2024-03-05,C0197,P036,ST002,1,599,0.1,Mastercard,Completed
ORD13899,2024-03-11,C0272,P028,ST004,1,4299,0.1,Mastercard,Completed
ORD16541,2024-02-23,C0346,P007,ST003,1,2999,0.1,Visa,Completed
ORD11264,2023-05-17,C0486,P014,ST001,1,5499,0,Mastercard,Completed
ORD16395,2024-03-17,C0163,P012,ST003,2,7299,0,Mada,Completed
ORD11345,2024-11-11,C0429,P022,ST003,1,1799,0,Visa,Completed
ORD11724,2024-12-14,C0350,P008,ST001,1,8999,0,Mada,Completed
ORD11723,2023-05-08,C0400,P044,ST003,1,1099,0.1,Visa,Completed
ORD15762,2023-10-07,C0443,P008,ST004,1,8999,0.05,Apple Pay,Completed
ORD14787,2024-04-07,C0347,P031,ST004,1,2699,0,Apple Pay,Completed
ORD16115,2024-03-01,C0383,P030,ST002,1,6499,0.15,Visa,Completed
ORD15336,2024-09-30,C0057,P038,ST001,1,2199,0,Cash,Completed
ORD12223,2023-10-17,C0051,P020,ST004,1,1499,0,Mada,Completed
ORD15505,29/08/2024,C0331,P033,ST002,1,2699,0,Visa,Completed
ORD16516,2024-08-30,C0442,P009,ST002,3,4999,0,Mastercard,Completed
ORD10810,2024-05-17,C0091,P019,ST001,1,2299,0,Mastercard,Completed
ORD14208,2023-07-29,C0154,P034,ST002,1,3299,0,Mastercard,Completed
ORD12138,2024-03-25,C0306,P010,ST002,1,6999,0,Mastercard,Completed
ORD15836,2023-02-17,C0147,P047,ST001,1,119,0,Visa,Completed
ORD14944,2024-01-20,C0364,P047,ST001,1,119,0,Mada,Completed
ORD12667,2023-12-04,C0469,P035,ST003,1,849,0.1,Cash,Completed
ORD16837,2024-06-06,C0450,P004,ST001,3,4599,0.1,Visa,Completed
ORD11932,2024-03-08,C0473,P049,ST001,1,399,0.1,Mada,Completed
ORD13918,2024-01-18,C0412,P042,ST001,1,11499,0,Mada,Completed
ORD14918,2024-03-19,C0246,P049,ST003,1,399,0,Bank Transfer,Completed
ORD13578,2024-08-27,C0042,P023,ST001,1,3699,0,Mada,Completed
ORD12419,2024-03-12,C0469,P031,ST001,1,2699,0,Mada,Completed
ORD13239,2023-04-27,C0258,P047,ST001,4,119,0,Visa,Completed
ORD12169,2024-04-19,C0301,P017,ST001,1,1899,0.1,Mada,Completed
ORD11062,2023-07-15,C0092,P020,ST003,1,1499,0.05,Mastercard,Completed
ORD11581,2024-01-02,C0240,P023,ST001,3,3699,0,Mada,Completed
ORD10437,2024-08-16,C0057,P044,ST001,2,1099,0,Mada,Completed
ORD11807,2024-01-01,C0359,P011,ST001,2,2799,0.1,Mada,Completed
ORD12100,2023-12-04,C0326,P020,ST003,1,1499,0,Apple Pay,Completed
ORD16106,2024-03-25,C0479,P004,ST003,1,4599,0,Mada,Completed
ORD13595,2024-09-29,C0301,P010,ST001,2,6999,0.1,Visa,Completed
ORD16058,2024-09-24,c0095,P037,ST001,1,2299,0.05,Mada,Completed
ORD11363,2023-07-11,C0035,P035,ST002,1,849,0,Mastercard,Returned
ORD15817,2024-03-16,C0430,P007,ST002,3,2999,0,Mada,Completed
ORD12997,2023-06-08,C0265,P023,ST002,1,3699,0,Cash,Completed
ORD13462,2024-04-29,C0177,P022,ST001,1,1799,0.1,Cash,Completed
ORD12901,2023-01-12,C0128,P022,ST001,3,1799,0,Visa,Completed
ORD11318,2024-03-17,C0498,P046,ST001,1,1199,0.1,Mada,Completed
ORD12602,2024-04-05,C0195,P019,ST001,3,2299,0.2,Visa,Completed
ORD11200,2024-05-14,C0342,P025,ST003,1,2299,0.1,Mastercard,Completed
ORD11608,2024-03-06,C0437,P035,ST001,1,849,0.05,Mada,Completed
ORD13261,2023-12-12,C0458,P008,ST002,1,8999,0.1,Visa,Completed
ORD10721,2024-02-23,C0151,P007,ST004,2,2999,0,Mada,Completed
ORD13306,2024-03-26,C0437,P012,ST004,1,7299,0,Mada,Completed
ORD14279,2024-11-11,C0419,P007,ST002,1,2999,0, Mada  ,Completed
ORD11427,2023-09-12,C0212,P007,ST001,1,2999,0,Visa,Completed
ORD15878,2023-03-09,C0250,P029,ST003,1,4999,0.1,Mada,Completed
ORD10284,2023-12-17,C0406,P032,ST003,4,2199,0, Mada  ,Completed
ORD11659,2024-09-12,C0067,P008,ST003,1,8999,0,Mada,Completed
ORD13812,2024-03-08,C0063,P010,ST003,1,6999,0,Cash,Completed
ORD14642,2023-08-17,C0353,P025,ST003,2,2299,0, Apple Pay  ,Completed
ORD12893,2023-01-11,C0122,P031,ST003,1,2699,0.2,Visa,Completed
ORD17086,2023-10-16,C0476,P042,ST001,1,11499,0.1,Cash,Completed
ORD16643,2023-05-20,C0013,P020,ST001,1,1499,0,Mada,Completed
ORD10610,2024-03-19,C0062,P049,ST002,1,399,0.1,Visa,Completed
ORD16177,2023-05-10,C0070,P046,ST003,1,1199,0.05,Mada,Completed
ORD16438,2024-09-05,C0247,P010,ST001,1,6999,0.05,Bank Transfer,Completed
ORD15258,2024-04-05,C0215,P031,ST003,1,2699,0,Mastercard,Completed
ORD11465,2024-03-01,C0333,P002,ST002,4,4299,0.15,Cash,Completed
ORD14107,2024-03-11,C0341,P029,ST001,1,4999,0.05,Visa,Completed
ORD16174,2023-02-09,C0058,P009,ST002,1,4999,0.15,Mada,Completed
ORD13427,2024-01-17,C0387,P005,ST001,1,1599,0,Mada,Completed
ORD13569,15/11/2024,C0044,P032,ST002,2,2199,0.1,Mastercard,Completed
ORD14556,2023-01-11,C0306,P043,ST002,2,1899,0,Mastercard,Completed
ORD11565,2023-08-22,C0333,P043,ST001,1,1899,0.15,Bank Transfer,Completed
ORD11815,2023-09-07,C0037,P022,ST003,1,1799,0,Visa,Completed
ORD14841,2023-12-20,C0170,P041,ST001,2,10999,0,Visa,Completed
ORD10585,2023-05-06,C0428,P027,ST002,2,3499,0,Mada,Completed
ORD12658,2024-04-27,C0355,P012,ST003,2,7299,0,Visa,Completed
ORD16169,2023-06-28,C0454,P046,ST001,2,1199,0.05,Bank Transfer,Completed
ORD11246,2024-11-15,C0105,P046,ST003,2,1199,0.05,Mastercard,Completed
ORD10298,2023-05-13,C0293,P007,ST001,1,2999,0,Visa,Completed
ORD12304,2024-03-19,C0160,P001,ST001,1,5999,0,Mada,Completed
ORD16536,2024-04-12,C0378,P037,ST002,1,2299,0,Cash,Completed
ORD12790,2024-11-19,C0043,P031,ST003,1,2699,0.1,Cash,Completed
ORD15823,2024-04-15,C0229,P021,ST004,2,849,0,Mada,Completed
ORD12897,2024-09-21,C0166,P038,ST001,1,2199,0,Mastercard,Completed
ORD12591,2023-12-16,C0221,P030,ST004,1,6499,0.1,Apple Pay,Completed
ORD10082,2024-01-08,C0380,P003,ST001,1,3499,0.15,Mada,Completed
ORD15618,2023-10-16,C0428,P015,ST003,2,2899,0,Mada,Completed
ORD11838,2024-04-19,C0377,P013,ST002,1,4299,0.05,Mada,Completed
ORD11194,2023-04-16,C0064,P015,ST002,1,2899,0,Mastercard,Completed
ORD15610,2024-01-04,C0111,P023,ST002,3,3699,0.05,Mada,Completed
ORD15807,2024-08-18,C0349,P037,ST001,1,2299,0,Mastercard,Completed
ORD13198,2023-03-11,C0448,P011,ST002,1,2799,0,Mada,Completed
ORD13938,2024-05-30,C0248,P045,ST001,1,599,0,Mada,Completed
ORD15847,2023-10-14,C0414,P024,ST002,1,3999,0.05,Mastercard,Completed
ORD10341,2023-09-09,C0392,P048,ST002,1,89,0,Mada,Completed
ORD15601,2023-09-12,C0078,P020,ST004,1,1499,0,Apple Pay,Completed
ORD16371,2024-03-23,C0155,P028,ST003,1,4299,0,Apple Pay,Completed
ORD15600,2024-10-21,C0412,P035,ST001,2,849,0,Mastercard,Completed
ORD13006,2024-07-14,C0071,P007,ST001,1,2999,0.05,Bank Transfer,Returned
ORD11553,2024-04-17,C0434,P028,ST002,1,4299,0,Cash,Completed
ORD10516,2024-04-23,C0479,P040,ST002,2,349,0.15, Mastercard  ,Completed
ORD16064,2024-03-15,C0223,P028,ST002,1,4299,0,Mada,Completed
ORD14911,05/03/2024,C0096,P025,ST003,2,2299,0,Mastercard,Completed
ORD15590,2024-01-20,C0068,P034,ST002,1,3299,0,Apple Pay,Completed
ORD10155,2024-04-21,C0020,P028,ST002,3,4299,0,Cash,Completed
ORD16110,2024-12-10,C0183,P006,ST003,2,3999,0,Mada,Completed
ORD14317,2024-04-27,C0001,P017,ST003,1,1899,0.1,Visa,Completed
ORD14813,2024-01-23,C0427,P039,ST004,2,1499,0,Visa,Completed
ORD16059,2023-11-13,C0225,P028,ST003,1,4299,0.1,Cash,Completed
ORD11404,2023-11-30,C0459,P033,ST003,2,2699,0,Mada,Completed
ORD12625,2023-04-17,C0254,P031,ST002,1,2699,0,Apple Pay,Completed
ORD13619,2023-11-17,C0275,P049,ST003,2,399,0,Cash,Completed
ORD10754,2024-07-04,C0402,P002,ST003,1,4299,0.1,Visa,Completed
ORD12470,2024-05-20,C0329,P007,ST001,1,2999,0,Mastercard,Completed
ORD14207,2023-11-21,C0369,P006,ST002,1,3999,0, Visa  ,Completed
ORD14804,2024-03-15,C0389,P043,ST001,2,1899,0,Cash,Completed
ORD10395,2023-10-14,C0380,P040,ST001,1,349,0,Mastercard,Completed
ORD10374,2024-04-22,C0092,P025,ST001,1,2299,0,Apple Pay,Completed
ORD15204,2024-01-11,C0102,P048,ST001,,89,0.1,Apple Pay,Completed
ORD16235,2023-01-23,C0231,P043,ST003,1,1899,0.1,Mada,Completed
ORD13322,2024-12-23,C0357,P010,ST003,1,6999,0,Mada,Completed
ORD15532,2024-01-07,C0017,P012,ST004,2,7299,0.15,Mada,Completed
ORD12617,2024-03-26,C0330,P035,ST004,3,849,0,Mada,Returned
ORD12098,2024-08-26,C0371,P016,ST003,1,3699,0.1,Bank Transfer,Completed
ORD15038,2024-03-06,C0014,P035,ST001,1,849,0.1,Visa,Completed
ORD12816,2023-07-06,c0135,P023,ST002,2,3699,0.1,Apple Pay,Completed
ORD11162,2024-04-01,C0026,P048,ST002,2,89,0,Visa,Completed
ORD15028,06/02/2023,C0160,P024,ST004,2,3999,0.15,Mastercard,Completed
ORD13924,2023-05-19,C0187,P042,ST001,3,11499,0,Bank Transfer,Completed
ORD10032,2024-04-17,c0435,P019,ST001,2,2299,0,Visa,Completed
ORD13786,2023-09-29,C0007,P013,ST001,1,4299,0.15,Mada,Completed
ORD12629,2024-02-09,C0347,P012,ST001,1,7299,0.05,Visa,Completed
ORD13537,2023-07-04,C0111,P007,ST002,3,2999,0.1,Bank Transfer,Completed
ORD12621,2024-04-14,C0178,P050,ST004,1,599,0,Mada,Completed
ORD12517,2023-01-25,C0169,P019,ST001,3,2299,0.05,Mada,Completed
ORD11842,2023-12-19,C0463,P029,ST002,1,4999,0,Mastercard,Completed
ORD15382,2024-07-07,C0296,P050,ST001,1,599,0,Visa,Completed
ORD14235,2024-05-28,C0064,P050,ST003,3,599,0,Mada,Completed
ORD10392,2024-12-13,C0197,P033,ST001,1,2699,0.1,Mada,Completed
ORD14199,2024-03-11,C0285,P007,ST002,1,2999,0.15,Apple Pay,Completed
ORD10942,2023-01-12,C0022,P042,ST001,2,11499,0.05,Visa,Completed
ORD15867,2024-04-08,C0167,P012,ST002,1,7299,0,Apple Pay,Completed
ORD12174,2024-03-11,C0016,P038,ST001,2,2199,0,Cash,Completed
ORD14709,2024-07-19,C0382,P050,ST001,1,599,0.05,Visa,Completed
ORD12648,2023-11-03,C0243,P002,ST001,2,4299,0.1,Visa,Completed
ORD17004,2023-06-02,C0202,P030,ST002,1,6499,0,Apple Pay,Completed
ORD12578,2024-12-08,C0261,P004,ST002,1,4599,0,Cash,Completed
ORD12605,2023-12-09,C0020,P008,ST002,1,8999,0.15,Mada,Completed
ORD15121,2024-04-10,C0101,P020,ST001,1,1499,0.1,Apple Pay,Completed
ORD11903,2023-12-03,C0327,P033,ST001,1,2699,0.1,Mada,Completed
ORD11175,2024-07-06,C0426,P046,ST002,1,1199,0,Mada,Completed
ORD15230,2023-06-02,C0034,P048,ST002,1,89,0.15,Mada,Returned
ORD16033,2024-03-20,C0201,P002,ST003,3,4299,0.1,Apple Pay,Completed
ORD14768,2023-08-17,C0381,P017,ST002,1,1899,0,Apple Pay,Completed
ORD15597,2023-02-18,C0140,P001,ST002,1,5999,0.2,Apple Pay,Completed
ORD14228,2024-04-16,C0169,P043,ST004,1,1899,0,Cash,Completed
ORD16778,2024-01-17,C0056,P004,ST001,1,4599,0, Apple Pay  ,Completed
ORD13262,2023-01-25,C0121,P034,ST004,2,3299,0.1,Visa,Completed
ORD10602,2024-04-05,C0109,P033,ST004,2,2699,0,Mada,Completed
ORD13647,2023-02-08,C0130,P033,ST001,1,2699,0,Mada,Completed
ORD16001,2024-05-29,C0359,P017,ST001,1,1899,0,Mada,Completed
ORD12616,2024-03-02,C0302,P038,ST003,1,2199,0.1,Mastercard,Completed
ORD14941,2023-10-17,C0029,P027,ST002,1,3499,0,Mada,Completed
ORD11324,2024-08-18,C0004,P011,ST002,1,2799,0,Cash,Completed
ORD11614,2024-04-12,C0198,P042,ST002,1,11499,0,Mastercard,Completed
ORD12184,2023-11-08,C0301,P032,ST001,1,2199,0.05,Visa,Completed
ORD11516,2023-01-25,C0414,P006,ST003,1,3999,0.1,Mada,Completed
ORD11117,2023-09-26,C0337,P008,ST002,1,8999,0,Apple Pay,Completed
ORD13289,2024-07-08,C0366,P011,ST001,1,2799,0.1,Visa,Completed
ORD16540,2024-09-08,C0349,P037,ST004,1,2299,0,Visa,Completed
ORD10053,2024-08-25,C0072,P040,ST003,1,349,0,Apple Pay,Completed
ORD14434,2024-12-25,C0441,P043,ST003,1,1899,0.1,Apple Pay,Completed
ORD14584,2024-09-09,C0138,P042,ST001,1,11499,0.05,Cash,Completed
ORD15486,2024-10-23,C0149,P029,ST003,1,4999,0,Apple Pay,Completed
ORD16721,2023-02-11,C0187,P018,ST002,2,999,0.05,Visa,Completed
ORD12488,2023-10-17,C0025,P043,ST003,1,1899,0.1,Mastercard,Completed
ORD11098,2024-09-18,C0169,P030,ST003,1,6499,0.05,Visa,Completed
ORD16641,2024-03-25,C0151,P009,ST003,1,4999,0,Mada,Completed
ORD16252,2023-11-29,C0227,P014,ST001,4,5499,0.1,Apple Pay,Completed
ORD10177,2023-12-05,C0419,P015,ST001,1,2899,0,Visa,Completed
ORD13481,2023-05-10,C0017,P034,ST001,2,3299,0.1,Apple Pay,Completed
ORD10689,2024-11-22,C0367,P041,ST001,2,10999,0.05,Mada,Completed
ORD11444,2024-08-03,C0250,P011,ST001,3,2799,0,Mada,Completed
ORD17224,2023-11-14,C0060,P019,ST001,1,2299,0.1,Visa,Completed
ORD11849,2024-08-18,C0495,P017,ST003,1,1899,0,Bank Transfer,Completed
ORD12968,2023-09-06,C0351,P042,ST004,2,11499,0.05,Mastercard,Completed
ORD12474,2023-03-21,C0052,P015,ST002,1,2899,0,Cash,Completed
ORD13613,2023-03-17,C0127,P012,ST001,3,7299,0,Visa,Completed
ORD12324,2024-03-21,C0174,P024,ST001,1,3999,0.05,Mada,Completed
ORD10076,2023-11-14,C0223,P016,ST003,1,3699,0,Mastercard,Completed
ORD15119,2024-01-13,C0462,P041,ST001,1,10999,0,Mada,Completed
ORD11267,2023-06-10,C0356,P028,ST004,1,4299,0,Mastercard,Completed
ORD10720,2024-05-29,C0094,P014,ST002,1,5499,0,Mada,Completed
ORD10300,2023-08-02,C0185,P006,ST004,1,3999,0.05,Apple Pay,Completed
ORD13683,2023-02-24,C0159,P009,ST002,1,4999,0.2,Mastercard,Completed
ORD15118,2023-03-10,C0359,P032,ST001,1,2199,0,Mada,Completed
ORD12732,2024-09-07,C0343,P045,ST002,2,599,0,Visa,Completed
ORD11423,2023-12-17,C0286,P031,ST004,3,2699,0,Apple Pay,Completed
ORD13597,2023-07-13,C0429,P004,ST002,1,4599,0.1, Apple Pay  ,Completed
ORD15415,2024-12-27,C0047,P038,ST002,1,2199,0,Apple Pay,Completed
ORD16814,2024-03-15,C0449,P048,ST001,1,89,0.2,Cash,Completed
ORD13310,2024-03-28,C0088,P043,ST003,3,1899,0,Visa,Returned
ORD12261,2024-04-01,C0328,P033,ST001,1,2699,0,Bank Transfer,Completed
ORD11380,2024-09-04,C0192,P012,ST003,2,7299,0.1,Visa,Completed
ORD10820,2024-05-26,C0442,P046,ST004,2,1199,0.1,Mada,Completed
ORD13879,2024-03-28,C0319,P014,ST002,1,5499,0.05,Apple Pay,Completed
ORD16627,2024-04-15,C0264,P046,ST002,3,1199,0,Cash,Completed
ORD12258,2023-04-27,C0472,P038,ST002,2,2199,0.1,Visa,Completed
ORD13123,2024-08-09,C0473,P021,ST002,1,849,0.1,Mada,Completed
ORD10757,2023-03-31,C0153,P003,ST003,1,3499,0,Visa,Completed
ORD16360,2023-06-10,C0362,P035,ST001,1,849,0,Visa,Completed
ORD16297,2023-08-12,C0232,P008,ST001,1,8999,0,Mada,Completed
ORD10070,2023-11-05,C0028,P013,ST002,1,4299,0%,Cash,Completed
ORD11048,2024-04-30,C0432,P021,ST003,1,849,0.1,Mada,Completed
ORD12012,2024-04-28,c0081,P010,ST003,1,6999,0,Mada,Completed
ORD10736,2023-08-27,C0304,P006,ST001,1,3999,0,Cash,Completed
ORD10873,2023-11-27,C0079,P028,ST001,1,4299,0.1,Cash,Completed
ORD10260,2024-03-09,C0398,P033,ST002,1,2699,0.1,Bank Transfer,Completed
ORD11997,2024-07-11,C0114,P017,ST002,1,1899,0,Apple Pay,Completed
ORD12393,2024-07-15,C0247,P018,ST002,1,999,0,Visa,Completed
ORD16265,2024-04-06,C0095,P047,ST001,4,119,0.2,Visa,Completed
ORD12942,2024-04-12,C0256,P018,ST001,1,999,0,Mastercard,Completed
ORD14688,2023-05-19,C0048,P038,ST003,1,2199,0%,Cash,Completed
ORD12759,2024-11-29,C0193,P032,ST003,1,2199,0,Mada,Completed
ORD10142,2024-09-07,C0496,P039,ST001,2,1499,0,Mada,Completed
ORD11342,03/01/2024,C0022,P035,ST002,2,849,0,Apple Pay,Completed
ORD11034,2024-10-29,C0042,P036,ST002,2,599,0.2,Visa,Completed
ORD14952,2024-01-02,C0079,P038,ST002,1,2199,0,Apple Pay,Completed
ORD13435,2024-01-29,C0010,P017,ST004,2,1899,0.05,Mastercard,Completed
ORD12407,2023-01-28,C0495,P026,ST002,1,6799,0.1,Apple Pay,Completed
ORD14637,2024-02-23,C0436,P002,ST002,1,4299,0,Apple Pay,Completed
ORD15490,2024-01-26,C0010,P025,ST001,1,2299,0.05,Visa,Completed
ORD16477,2024-12-13,C0072,P010,ST003,1,6999,0.15, Visa  ,Completed
ORD14377,2024-03-27,C0465,P002,ST001,2,4299,0.2,Cash,Completed
ORD14691,2023-01-14,C0339,P022,ST002,1,1799,0.15,Mada,Completed
ORD13752,2024-09-10,C0293,P027,ST002,1,3499,0,Mastercard,Completed
ORD13640,2024-04-05,C0415,P045,ST002,1,599,0,Bank Transfer,Completed
ORD15268,2024-03-09,C0448,P005,ST001,1,1599,0,Mada,Returned
ORD12253,2024-11-11,C0328,P016,ST003,3,3699,0,Mada,Completed
ORD15544,2024-04-21,C0442,P009,ST001,1,4999,0, Mada  ,Completed
ORD12342,2023-01-27,C0074,P016,ST002,1,3699,0.1,Mastercard,Completed
ORD14561,2023-08-17,C0355,P018,ST004,1,999,0.1,Cash,Completed
ORD10401,2024-11-05,C0271,P045,ST001,1,599,0,Mada,Completed
ORD10311,2024-05-09,C0049,P045,ST003,1,599,0.1,Mada,Completed
ORD16452,2024-10-22,C0044,P032,ST003,1,2199,0.05,Mada,Completed
ORD16891,2023-08-29,C0494,P033,ST003,1,2699,0.05,Apple Pay,Completed
ORD10813,2023-09-12,C0005,P041,ST001,1,10999,0.1,Mada,Returned
ORD13961,2023-03-07,C0249,P011,ST001,1,2799,0,Mada,Completed
ORD14164,2023-11-28,C0290,P038,ST001,2,2199,0.1,Visa,Completed
ORD12129,2024-04-01,C0374,P016,ST003,1,3699,0,Visa,Completed
ORD14690,2023-11-01,C0058,P013,ST001,1,4299,0,Cash,Completed
ORD14392,14/03/2023,C0487,P041,ST001,1,10999,0,Apple Pay,Completed
ORD13790,2023-04-19,C0382,P038,ST003,1,2199,0.1,Mastercard,Completed
ORD12252,2023-11-12,C0368,P038,ST001,1,2199,0,Visa,Completed
ORD16864,2023-01-04,C0295,P043,ST002,1,1899,0,Visa,Completed
ORD10160,2024-05-31,C0328,P042,ST002,2,11499,0,Visa,Completed
ORD10178,2024-08-09,C0382,P029,ST003,1,4999,0.2,Mada,Completed
ORD12848,2023-12-24,C0378,P044,ST003,1,1099,0,Bank Transfer,Completed
ORD14323,2023-11-21,C0448,P026,ST001,1,6799,0.05,Apple Pay,Completed
ORD13302,2023-04-22,C0242,P001,ST001,1,5999,0.2,Cash,Completed
ORD13143,2023-03-10,C0435,P012,ST003,1,7299,0,Mada,Completed
ORD11123,13/06/2024,C0301,P011,ST002,4,2799,0.05,Mada,Completed
ORD10985,2024-01-16,C0074,P005,ST003,1,1599,0.1,Mastercard,Completed
ORD10722,2023-03-07,C0005,P031,ST002,1,2699,0.1,Cash,Completed
ORD17155,2024-05-30,C0203,P022,ST003,1,1799,0,Mada,Completed
ORD15586,2023-03-29,C0123,P039,ST002,1,1499,0.15,Mada,Completed
ORD14548,2024-06-04,C0463,P023,ST002,1,3699,0.1,Visa,Returned
ORD14538,2024-03-19,C0221,P006,ST004,1,3999,0,Apple Pay,Completed
ORD13314,2023-03-05,C0209,P014,ST002,1,5499,0.15,Mada,Completed
ORD12232,2024-05-27,C0090,P021,ST002,1,849,0.15,Cash,Completed
ORD10632,2023-08-22,C0497,P018,ST003,1,999,0.05, Visa  ,Completed
ORD15067,2023-10-03,C0425,P018,ST001,1,999,0,Visa,Completed
ORD15108,2024-08-17,C0425,P009,ST002,2,4999,0,Visa,Completed
ORD16000,2023-04-30,C0049,P027,ST002,,3499,0,Visa,Completed
ORD13194,2023-05-02,C0070,P024,ST001,1,3999,0.1,Cash,Completed
ORD16725,2024-09-26,C0493,P005,ST004,1,1599,0.15,Mastercard,Completed
ORD12082,2023-11-04,C0424,P044,ST001,1,1099,0.15,Mastercard,Completed
ORD14616,2024-03-12,C0457,P028,ST001,2,4299,0,Mada,Returned
ORD16379,2024-03-02,C0120,P020,ST001,1,1499,0.15,Mada,Completed
ORD12443,2023-10-05,C0073,P017,ST004,2,1899,0,Apple Pay,Completed
ORD13644,2023-03-31,C0460,P014,ST003,1,5499,0.2,Visa,Completed
ORD16945,2024-03-03,C0298,P044,ST004,1,1099,0,Mada,Completed
ORD11845,2023-05-03,C0421,P016,ST001,2,3699,0.05,Mastercard,Completed
ORD11519,2024-03-20,C0467,P035,ST003,1,849,0,Mada,Completed
ORD15246,2024-08-29,C0476,P050,ST001,1,599,0,Mada,Completed
ORD11441,2024-10-21,C0243,P020,ST003,3,1499,0,Visa,Completed
ORD11462,2024-12-07,C0200,P041,ST004,1,10999,0,Visa,Completed
ORD11196,2023-06-22,C0053,P032,ST003,2,2199,0,Cash,Completed
ORD15685,2024-12-25,C0003,P028,ST002,1,4299,0.15,Apple Pay,Completed
ORD10978,2023-09-13,C0186,P037,ST001,1,2299,0.05,Mada,Completed
ORD17203,2024-03-31,C0274,P050,ST004,1,599,0,Mastercard,Completed
ORD13836,2024-08-18,C0176,P006,ST003,3,3999,0,Apple Pay,Completed
ORD15892,2023-06-17,C0025,P029,ST003,1,4999,0,Apple Pay,Completed
ORD12345,2024-09-24,C0122,P017,ST003,1,1899,0,Cash,Completed
ORD13968,2023-06-05,C0257,P019,ST003,2,2299,5%,Cash,Completed
ORD16618,2023-06-18,C0040,P043,ST002,1,1899,0.05,Visa,Completed
ORD15566,2024-11-17,C0024,P035,ST002,4,849,0.2,Mastercard,Completed
ORD15443,2024-10-08,C0220,P039,ST001,2,1499,0,Mada,Completed
ORD15243,2024-01-25,C0044,P049,ST003,1,399,0,Apple Pay,Completed
ORD12479,2024-08-15,C0385,P025,ST002,,2299,0,Apple Pay,Completed
ORD10278,2024-03-12,C0485,P035,ST001,1,849,0.15,Mada,Completed
ORD10901,2024-03-22,C0107,P025,ST001,1,2299,0,Cash,Completed
ORD12284,2024-04-22,C0490,P040,ST001,1,349,0.15,Cash,Completed
ORD15255,2024-03-30,C0286,P029,ST003,1,4999,0.05,Mada,Completed
ORD15940,2024-05-16,C0363,P045,ST001,2,599,0.05,Mastercard,Completed
ORD16356,2024-01-04,C0221,P016,ST004,1,3699,0.1,Mada,Completed
ORD13957,2023-06-13,C0090,P049,ST001,1,399,0.1, Mada  ,Completed
ORD13242,2024-12-13,C0157,P003,ST004,1,3499,0,Mada,Completed
ORD12959,2024-02-20,C0332,P015,ST003,2,2899,0.1,Mada,Completed
ORD16585,2024-03-24,C0050,P003,ST001,2,3499,0,Mada,Completed
ORD14361,2024-03-03,C0279,P035,ST004,1,849,0.05,Cash,Completed
ORD14156,2024-04-30,C0269,P048,ST001,4,89,0.05,Mada,Completed
ORD16227,2023-10-30,C0300,P021,ST001,1,849,0,Apple Pay,Completed
ORD16181,2023-03-09,C0103,P044,ST001,2,1099,0,Mada,Completed
ORD11359,2024-03-08,C0366,P044,ST001,1,1099,0,Cash,Completed
ORD16933,2024-12-06,C0385,P048,ST002,2,89,0.1,Mada,Completed
ORD10798,2024-03-04,C0500,P049,ST001,2,399,0.15,Visa,Completed
ORD17091,2024-04-10,C0075,P037,ST001,3,2299,0.1,Mada,Completed
ORD15359,2023-10-18,C0265,P045,ST001,2,599,0, Mada  ,Completed
ORD14790,2024-03-05,C0315,P027,ST003,1,3499,0.05,Mada,Completed
ORD12535,2023-05-23,C0310,P018,ST001,1,999,0.1, Mada  ,Completed
ORD17132,2024-08-22,C0215,P049,ST001,1,399,0.15,Bank Transfer,Completed
ORD10529,2024-03-29,C0155,P026,ST004,3,6799,0.15,Apple Pay,Completed
ORD10307,2024-01-04,C0146,P026,ST002,1,6799,0,Visa,Completed
ORD10896,2024-03-22,C0463,P047,ST001,3,119,0,Mada,Completed
ORD16104,2024-03-04,C0105,P036,ST001,1,599,0.05,Mada,Completed
ORD15362,2023-03-20,C0317,P015,ST002,2,2899,0.05,Mada,Completed
ORD13431,2024-07-11,C0312,P032,ST001,2,2199,0,Mastercard,Completed
ORD13212,2024-04-16,C0110,P050,ST002,1,599,0,Visa,Completed
ORD17005,2024-03-09,C0238,P044,ST002,1,1099,0,Mada,Completed
ORD15369,2024-10-17,C0082,P012,ST004,3,7299,0.15,Visa,Completed
ORD11618,2023-04-21,C0318,P007,ST001,1,2999,0,Apple Pay,Completed
ORD10266,2024-03-23,C0323,P014,ST001,2,5499,0,Cash,Completed
ORD11398,2024-06-27,C0047,P025,ST003,1,2299,0.1,Mada,Completed
ORD13956,2024-06-17,C0364,P020,ST001,2,1499,0.1,Apple Pay,Completed
ORD14251,2024-07-17,C0432,P048,ST002,1,89,0.05,Mada,Completed
ORD16275,2023-03-14,C0059,P045,ST002,2,599,0.1,Cash,Completed
ORD13204,2024-09-12,C0355,P035,ST001,1,849,0,Bank Transfer,Completed
ORD15462,2023-05-18,C0183,P021,ST003,3,849,0.1,Mastercard,Completed
ORD14641,2023-12-07,C0409,P038,ST001,1,2199,0.2,Mada,Completed
ORD15612,2023-12-08,C0318,P041,ST001,1,10999,0,Cash,Returned
ORD15952,2023-01-08,C0110,P045,ST002,1,599,0,Mada,Completed
ORD13538,2024-03-21,c0064,P047,ST002,2,119,0.05,Visa,Completed
ORD11089,2024-04-10,C0273,P039,ST002,1,1499,0.05,Mada,Completed
ORD15347,2023-10-09,C0335,P046,ST002,1,1199,0.1,Bank Transfer,Completed
ORD10668,2024-03-28,C0120,P015,ST002,1,2899,0,Cash,Completed
ORD13819,2024-06-26,C0293,P022,ST002,2,1799,0,Mada,Completed
ORD16754,2023-05-23,C0253,P014,ST001,1,5499,0.15,Mastercard,Completed
ORD14720,2023-11-09,C0203,P013,ST004,1,4299,0,Mada,Completed
ORD12779,2023-09-09,C0040,P049,ST002,1,399,0.1,Mastercard,Completed
ORD11111,2024-04-28,C0016,P021,ST004,1,849,0,Visa,Completed
ORD14626,2024-01-15,C0124,P017,ST003,1,1899,0,Mada,Completed
ORD12636,2023-09-26,C0428,P012,ST003,1,7299,0,Mada,Completed
ORD11532,2023-02-13,C0350,P047,ST003,1,119,0,Mada,Completed
ORD16198,2024-06-07,C0298,P020,ST003,1,1499,0.15,Visa,Completed
ORD11893,2024-04-29,C0024,P021,ST002,1,849,0.1,Mada,Completed
ORD10639,2023-04-08,C0194,P006,ST002,4,3999,0.15,Apple Pay,Completed
ORD15479,2024-04-13,C0376,P007,ST002,1,2999,0.05,Bank Transfer,Completed
ORD13260,2024-05-19,C0073,P021,ST002,3,849,0.1,Mastercard,Completed
ORD12644,2024-04-18,C0482,P014,ST004,1,5499,0,Mada,Completed
ORD12151,2023-08-25,C0048,P022,ST004,1,1799,0,Mada,Completed
ORD15151,04/04/2023,C0319,P046,ST002,4,1199,0,Mada,Completed
ORD14326,2024-03-05,C0452,P004,ST001,1,4599,0.1,Cash,Completed
ORD13697,2023-06-10,C0023,P023,ST001,1,3699,0.05,Visa,Completed
ORD13349,2023-08-29,C0445,P034,ST001,1,3299,0,Mastercard,Completed
ORD11261,2024-03-13,C0413,P011,ST004,1,2799,0,Mada,Completed
ORD16002,2023-09-18,C0162,P023,ST004,1,3699,0.1,Mada,Completed
ORD12787,12/03/2024,C0158,P006,ST001,1,3999,0,Visa,Completed
ORD14677,2024-10-10,C0487,P033,ST003,1,2699,0.05,Apple Pay,Completed
ORD15778,2024-02-09,C0265,P039,ST001,2,1499,0.15,Cash,Completed
ORD12456,2024-02-16,C0437,P048,ST001,1,89,0,Mada,Completed
ORD13610,2024-08-14,C0079,P019,ST002,2,2299,0, Mada  ,Completed
ORD17230,2023-10-27,C0078,P029,ST001,,4999,0,Apple Pay,Returned
ORD17038,2024-03-14,C0451,P029,ST001,1,4999,0,Visa,Completed
ORD14341,2024-02-12,C0326,P014,ST002,1,5499,0.05,Mada,Completed
ORD12582,2024-06-12,C0231,P029,ST002,1,4999,0.1,Mada,Completed
ORD13705,2023-05-28,C0350,P015,ST001,1,2899,0,Mada,Completed
ORD15412,12/05/2024,C0368,P014,ST001,2,5499,0,Mada,Completed
ORD15683,2024-10-06,C0170,P025,ST001,1,2299,0.05,Mada,Completed
ORD12945,2023-12-16,C0191,P013,ST002,1,4299,0,Visa,Completed
ORD10695,2023-08-12,C0275,P032,ST003,4,2199,0,Apple Pay,Completed
ORD13708,2024-04-08,C0481,P008,ST002,3,8999,0,Apple Pay,Completed
ORD15445,2024-01-29,C0104,P037,ST003,1,2299,0.1,Mastercard,Completed
ORD17080,2024-07-07,C0200,P007,ST003,1,2999,0,Mastercard,Completed
ORD12539,2024-04-01,C0025,P003,ST001,1,3499,0.05,Mada,Completed
ORD15561,2023-09-13,C0316,P041,ST002,1,10999,0.05,Visa,Completed
ORD12086,2023-01-10,C0119,P030,ST001,1,6499,0,Mastercard,Completed
ORD15299,2024-03-24,C0069,P030,ST003,1,6499,0.05,Mada,Completed
ORD16728,28/07/2024,c0087,P003,ST002,2,3499,0,Mada,Completed
ORD16880,2024-03-05,C0209,P036,ST003,1,599,0,Mastercard,Completed
ORD15648,2023-01-12,c0437,P042,ST001,1,11499,0,Mada,Completed
ORD16508,2024-09-06,C0438,P033,ST003,1,2699,0,Cash,Completed
ORD12737,2024-08-14,C0196,P041,ST001,3,10999,0,Visa,Completed
ORD10517,2024-06-18,C0154,P016,ST002,1,3699,0.05,Visa,Completed
ORD16046,2023-09-28,C0371,P041,ST004,3,10999,0.1,Mada,Completed
ORD11448,2024-08-27,C0021,P028,ST002,2,4299,0.05,Cash,Completed
ORD16747,03/05/2024,C0047,P041,ST003,1,10999,0,Mada,Completed
ORD17095,2023-10-20,C0341,P010,ST003,3,6999,0,Apple Pay,Completed
ORD11208,2023-11-17,C0363,P049,ST002,1,399,0,Mada,Completed
ORD15123,2024-10-07,C0222,P012,ST002,2,7299,0,Apple Pay,Completed
ORD16616,2024-03-21,C0098,P035,ST003,1,849,0,Cash,Completed
ORD11057,2024-11-19,C0008,P038,ST003,1,2199,0,Visa,Completed
ORD16135,2024-08-08,C0358,P031,ST002,1,2699,0.05,Visa,Completed
ORD13634,2024-05-31,C0479,P009,ST004,2,4999,0,Mada,Completed
ORD13856,2023-04-01,C0440,P018,ST003,1,999,0.15,Visa,Completed
ORD14432,2024-02-15,C0228,P022,ST001,1,1799,0,Mada,Completed
ORD11960,2024-04-19,C0371,P042,ST003,1,11499,0.1,Cash,Completed
ORD14418,2023-02-27,C0115,P026,ST002,2,6799,0,Apple Pay,Completed
ORD13702,2023-09-06,C0213,P032,ST003,1,2199,0,Mada,Completed
ORD13356,2024-05-08,C0036,P007,ST002,4,2999,10%,Mada,Completed
ORD16971,2023-11-28,C0063,P040,ST003,1,349,0.05,Mastercard,Completed
ORD17064,2024-10-09,C0375,P033,ST003,1,2699,0%,Apple Pay,Completed
ORD10045,2023-11-01,C0157,P044,ST002,1,1099,0,Visa,Completed
ORD13776,2024-09-12,C0419,P001,ST001,1,5999,0.2,Apple Pay,Completed
ORD13607,2024-04-29,C0156,P046,ST002,1,1199,0.05,Mada,Completed
ORD11644,2024-08-14,C0214,P021,ST002,1,849,0,Cash,Completed
ORD11248,2024-04-02,C0037,P029,ST003,1,4999,0.05,Mada,Completed
ORD12069,2023-01-15,C0052,P042,ST003,1,11499,0,Apple Pay,Completed
ORD14484,2024-09-15,C0290,P032,ST004,2,2199,0,Mastercard,Completed
ORD16221,2024-08-12,C0326,P022,ST003,1,1799,0.1,Mada,Completed
ORD15856,15/05/2023,C0197,P038,ST001,1,2199,0.05,Mada,Returned
ORD15212,2023-06-15,C0267,P024,ST001,2,3999,0.1,Apple Pay,Returned
ORD10743,2023-08-19,C0201,P050,ST001,1,599,0,Apple Pay,Completed
ORD15919,2024-10-08,C0499,P013,ST001,1,4299,0.1,Mada,Completed
ORD14140,2024-07-28,C0476,P003,ST003,1,3499,0.15,Apple Pay,Completed
ORD12398,2023-01-28,C0029,P015,ST003,1,2899,0.1,Apple Pay,Completed
ORD12293,2023-06-17,C0162,P043,ST004,1,1899,0.05,Mada,Completed
ORD12953,2023-08-05,C0010,P006,ST002,1,3999,0,Visa,Completed
ORD10077,2023-02-26,C0071,P048,ST003,1,89,0,Mada,Completed
ORD12353,2024-12-17,C0411,P020,ST002,1,1499,0,Mada,Completed
ORD13560,2024-07-15,C0456,P005,ST003,1,1599,0,Mastercard,Completed
ORD12240,2023-08-30,C0117,P028,ST003,1,4299,0.1,Visa,Completed
ORD14971,2023-07-11,C0363,P039,ST001,1,1499,0,Visa,Completed
ORD10293,2024-05-11,C0096,P035,ST002,1,849,0,Mada,Completed
ORD10618,2023-05-09,C0401,P006,ST002,2,3999,0,Visa,Returned
ORD16101,2024-05-17,C0011,P041,ST001,1,10999,0.1,Cash,Completed
ORD11466,2023-01-08,C0267,P006,ST003,1,3999,0,Mada,Completed
ORD16449,2024-10-12,C0073,P050,ST003,1,599,0,Mada,Completed
ORD10477,2023-05-03,C0030,P002,ST003,2,4299,0,Visa,Completed
ORD15315,2024-04-04,C0409,P049,ST002,1,399,0,Mada,Completed
ORD10420,2023-03-24,C0021,P019,ST003,1,2299,0,Mastercard,Returned
ORD10489,2023-04-12,C0145,P034,ST003,1,3299,0,Cash,Completed
ORD14847,2023-09-26,C0149,P046,ST001,2,1199,0,Mada,Completed
ORD10230,2023-05-02,C0246,P022,ST002,1,1799,0,Mastercard,Completed
ORD16962,2024-03-22,C0304,P020,ST001,1,1499,0.1,Mada,Completed
ORD10294,2024-04-24,C0231,P036,ST003,1,599,0,Mada,Completed
ORD12110,24/03/2024,C0291,P012,ST003,1,7299,0.15,Apple Pay,Completed
ORD11589,2024-08-09,C0225,P032,ST003,2,2199,0.05,Visa,Completed
ORD11247,2023-10-07,C0098,P027,ST001,1,3499,0.1,Visa,Completed
ORD13139,2023-08-10,C0371,P027,ST001,2,3499,0,Mada,Completed
ORD15834,2023-03-22,C0367,P003,ST002,1,3499,0.1,Mada,Completed
ORD12140,2024-03-05,C0008,P001,ST001,1,5999,0,Cash,Completed
ORD13951,2023-12-22,C0482,P028,ST003,1,4299,0,Visa,Completed
ORD12274,2024-06-06,C0128,P046,ST001,1,1199,0.2,Mada,Completed
ORD16363,2024-04-02,C0141,P038,ST003,3,2199,0.15,Visa,Completed
ORD10518,2023-03-07,C0132,P018,ST003,2,999,0.05,Mada,Completed
ORD11999,2024-09-01,C0213,P048,ST001,4,89,0,Mada,Returned
ORD12990,2024-01-03,C0098,P029,ST002,1,4999,0,Mastercard,Completed
ORD10443,2023-09-10,C0077,P015,ST002,2,2899,0,Apple Pay,Completed
ORD11186,2023-08-16,C0078,P048,ST001,1,89,0.05,Visa,Completed
ORD12057,2023-12-03,C0137,P009,ST003,2,4999,0,Mada,Completed
ORD15727,2024-03-25,C0126,P029,ST002,3,4999,0.1,Mastercard,Completed
ORD15301,2023-02-23,C0077,P033,ST002,2,2699,0,Apple Pay,Completed
ORD12435,2024-03-05,C0021,P015,ST003,1,2899,0,Bank Transfer,Completed
ORD10389,2024-02-20,C0285,P043,ST002,1,1899,0,Apple Pay,Completed
ORD11297,2024-02-17,C0198,P029,ST003,1,4999,0.05,Mada,Completed
ORD12361,2024-09-27,C0410,P001,ST003,2,5999,0,Mada,Completed
ORD11256,2023-09-09,C0030,P011,ST001,1,2799,0.15,Mada,Completed
ORD15570,2024-07-03,C0011,P006,ST003,1,3999,0,Apple Pay,Completed
ORD11437,2024-09-13,C0356,P026,ST001,2,6799,0.05,Visa,Completed
ORD11281,2024-03-24,C0195,P020,ST002,1,1499,0.15,Mastercard,Completed
ORD14899,2023-08-24,C0495,P034,ST002,1,3299,0,Visa,Completed
ORD10681,2024-12-18,C0317,P012,ST002,1,7299,0,Visa,Completed
ORD17219,2023-01-12,C0482,P043,ST002,3,1899,0.15,Cash,Returned
ORD11450,2023-03-06,C0119,P030,ST003,3,6499,0.05,Apple Pay,Completed
ORD14044,2023-12-21,C0277,P028,ST003,1,4299,0,Apple Pay,Completed
ORD13523,2023-02-24,C0471,P005,ST003,1,1599,0,Apple Pay,Completed
ORD10412,2023-10-11,C0083,P043,ST003,2,1899,0,Mada,Completed
ORD10099,2024-04-27,C0089,P032,ST003,1,2199,0.05,Apple Pay,Completed
ORD12656,2024-12-01,C0389,P049,ST003,1,399,0.1,Mada,Completed
ORD10972,2024-08-25,C0197,P006,ST003,1,3999,0.1,Apple Pay,Completed
ORD10029,2024-03-26,C0165,P042,ST003,4,11499,0,Mastercard,Completed
ORD11290,2023-05-28,C0039,P013,ST002,1,4299,0.05,Apple Pay,Completed
ORD14625,2024-04-19,C0121,P044,ST001,1,1099,0,Cash,Completed
ORD10558,2023-11-14,C0263,P023,ST002,1,3699,0.1,Visa,Completed
ORD12515,2023-05-15,C0480,P028,ST001,1,4299,0.05,Bank Transfer,Completed
ORD14345,2023-05-23,C0095,P011,ST001,1,2799,0.15,Visa,Completed
ORD13405,2024-03-13,C0152,P043,ST001,1,1899,0,Apple Pay,Completed
ORD11502,2024-12-13,C0089,P037,ST004,1,2299,0,Mada,Completed
ORD12183,2024-04-23,C0233,P026,ST002,1,6799,0.1,Mastercard,Completed
ORD15902,2023-04-17,C0345,P045,ST002,1,599,0,Mada,Completed
ORD14895,2024-03-19,C0348,P004,ST004,1,4599,0.1,Visa,Completed
ORD16092,2024-03-15,C0210,P024,ST002,1,3999,0.05,Mada,Completed
ORD17031,2024-06-11,C0459,P001,ST002,1,5999,0.05,Apple Pay,Completed
ORD12376,2024-06-27,C0181,P004,ST001,1,4599,0,Mada,Completed
ORD14493,2023-08-02,C0137,P045,ST002,1,599,0,Mada,Completed
ORD15056,2024-10-05,C0282,P002,ST002,1,4299,0.1,Visa,Completed
ORD12379,2023-11-22,C0126,P047,ST003,1,119,0,Mada,Completed
ORD10947,2024-12-15,C0016,P040,ST001,2,349,0,Mada,Completed
ORD14407,2024-08-28,C0439,P027,ST003,1,3499,0.05,Visa,Completed
ORD15655,2023-12-22,C0066,P006,ST001,1,3999,0,Mada,Completed
ORD16674,2024-03-02,C0142,P012,ST002,1,7299,0,Mada,Completed
ORD14610,2024-04-02,C0401,P043,ST002,1,1899,0.05,Mada,Completed
ORD16427,2024-02-09,C0188,P026,ST001,2,6799,0%,Bank Transfer,Completed
ORD15841,2024-03-22,C0188,P006,ST003,1,3999,0.15,Visa,Completed
ORD12314,2023-12-13,C0058,P026,ST001,1,6799,0.05,Visa,Completed
ORD11665,2023-03-09,C0342,P001,ST003,2,5999,0,Mada,Completed
ORD12439,2023-04-23,C0291,P049,ST001,1,399,0,Cash,Completed
ORD13091,2024-03-22,C0102,P010,ST001,2,6999,0.05, Mada  ,Cancelled
ORD13827,2024-12-25,C0500,P020,ST001,1,1499,0.1,Mastercard,Completed
ORD11037,2023-01-10,C0139,P019,ST002,1,2299,0.1,Mastercard,Completed
ORD14917,2023-06-10,C0128,P037,ST001,1,2299,0,Cash,Completed
ORD13882,2024-04-21,C0040,P017,ST002,1,1899,0,Visa,Completed
ORD10361,2024-09-22,C0345,P013,ST003,1,4299,0,Visa,Completed
ORD11058,2024-04-03,C0259,P003,ST001,1,3499,0,Mastercard,Completed
ORD15414,2024-03-07,C0291,P021,ST002,1,849,0,Mada,Completed
ORD12568,2023-04-06,C0331,P010,ST002,2,6999,0,Mada,Completed
ORD11179,2023-02-05,C0094,P041,ST003,1,10999,0,Mastercard,Completed
ORD12979,2023-01-23,C0029,P013,ST002,1,4299,0,Mada,Completed
ORD12587,2024-10-21,C0127,P029,ST002,1,4999,0,Mada,Completed
ORD14169,2023-08-29,C0248,P030,ST004,1,6499,0,Mada,Completed
ORD16337,2024-12-21,C0383,P020,ST001,3,1499,0,Bank Transfer,Completed
ORD12475,2024-11-02,C0067,P002,ST001,1,4299,0,Visa,Completed
ORD16189,2023-03-14,C0468,P024,ST001,1,3999,0,Mastercard,Completed
ORD14273,2023-05-07,C0328,P049,ST003,1,399,0.15,Cash,Completed
ORD11980,12/02/2024,C0001,P036,ST001,1,599,0.1,Mada,Returned
ORD10057,2024-10-09,C0207,P041,ST002,2,10999,0.1,Mada,Completed
ORD13910,2024-11-25,C0341,P004,ST002,1,4599,0.1, Mada  ,Completed
ORD11563,2024-03-16,C0286,P004,ST002,1,4599,0.05,Visa,Completed
ORD13585,2024-04-17,C0142,P001,ST002,2,5999,0,Apple Pay,Completed
ORD16314,2023-03-16,C0207,P035,ST001,1,849,0,Mastercard,Completed
ORD10990,2024-06-24,c0138,P043,ST002,1,1899,0,Mastercard,Completed
ORD14181,2024-09-11,C0334,P026,ST002,1,6799,0,Visa,Completed
ORD11582,2023-01-11,C0084,P011,ST004,1,2799,0,Mada,Completed
ORD12372,2024-02-09,C0214,P035,ST001,1,849,0.1,Visa,Completed
ORD15549,2024-04-18,C0351,P026,ST003,1,6799,0,Visa,Completed
ORD15616,2023-05-25,C0402,P035,ST002,1,849,0,Mada,Completed
ORD14574,2024-04-02,C0185,P048,ST002,4,89,0.15,Cash,Completed
ORD12203,2024-04-17,C0380,P039,ST001,4,1499,0,Mada,Completed
ORD17241,2024-03-26,C0416,P039,ST003,1,1499,0,Visa,Completed
ORD11166,2024-02-14,C0223,P024,ST001,3,3999,0.1,Mastercard,Completed
ORD16274,2024-08-02,C0375,P027,ST003,2,3499,0,Mada,Completed
ORD10952,2023-06-15,C0492,P013,ST002,1,4299,0,Mada,Completed
ORD17164,2024-01-16,C0232,P031,ST002,4,2699,0,Visa,Completed
ORD14908,2024-07-24,C0463,P030,ST001,2,6499,0,Apple Pay,Completed
ORD14977,2024-10-22,C0213,P045,ST001,1,599,0, Mastercard  ,Completed
ORD13203,2024-11-09,C0488,P003,ST002,3,3499,0,Visa,Completed
ORD13507,2024-06-14,C0018,P042,ST002,1,11499,0.2,Cash,Completed
ORD14112,2024-04-02,C0129,P038,ST002,1,2199,0.1,Mada,Completed
ORD15960,2024-11-25,C0287,P009,ST002,1,4999,0.1,Visa,Completed
ORD10767,2023-11-10,c0444,P007,ST003,1,2999,0.05,Mada,Completed
ORD12841,2024-04-25,C0308,P048,ST002,1,89,0.1,Visa,Completed
ORD11736,2024-06-13,C0008,P001,ST004,2,5999,0.2,Mastercard,Completed
ORD10800,2024-03-24,C0498,P032,ST003,1,2199,0.1,Visa,Completed
ORD12506,2024-02-04,C0196,P024,ST003,1,3999,0,Visa,Completed
ORD10641,2024-04-13,C0404,P049,ST001,1,399,0.1,Mada,Completed
ORD12155,2024-04-09,C0307,P041,ST001,1,10999,0.05,Mada,Completed
ORD14149,2024-04-06,C0025,P017,ST002,1,1899,0.05,Mada,Completed
ORD10878,2024-04-13,C0093,P041,ST003,3,10999,0.1,Apple Pay,Completed
ORD15263,2024-04-08,C0258,P027,ST002,1,3499,0,Mada,Completed
ORD15607,2023-06-16,C0198,P050,ST002,2,599,0,Mada,Completed
ORD12675,2024-11-20,C0110,P022,ST002,2,1799,0.15,Visa,Completed
ORD11913,2024-03-21,C0473,P049,ST004,1,399,15%,Mada,Completed
ORD13698,2024-08-10,C0130,P015,ST002,1,2899,0.05,Visa,Completed
ORD15525,2023-11-21,C0376,P007,ST001,1,2999,0,Visa,Completed
ORD14088,2024-10-19,C0165,P027,ST001,1,3499,0.1,Visa,Cancelled
ORD13860,2024-02-21,C0300,P030,ST003,1,6499,0.15,Mada,Completed
ORD17097,2023-02-08,C0330,P017,ST004,1,1899,0,Visa,Completed
ORD16532,2023-10-27,C0365,P010,ST003,1,6999,0, Apple Pay  ,Completed
ORD14712,2024-08-07,C0413,P027,ST001,1,3499,0,Apple Pay,Returned
ORD10915,2023-08-22,C0412,P010,ST001,2,6999,0,Visa,Completed
ORD14687,2024-03-14,C0162,P023,ST003,1,3699,0,Apple Pay,Completed
ORD13026,2023-03-22,C0440,P005,ST001,1,1599,0,Mastercard,Cancelled
ORD11579,2024-05-18,C0290,P025,ST003,3,2299,0.2,Mastercard,Completed
ORD16684,2024-05-30,C0197,P039,ST004,1,1499,0.05,Mastercard,Completed
ORD15891,2024-07-24,C0463,P006,ST001,2,3999,0.1,Cash,Completed
ORD14587,2023-05-25,C0438,P043,ST002,1,1899,0,Mastercard,Completed
ORD11928,2024-12-10,C0406,P035,ST003,2,849,0,Apple Pay,Completed
ORD12344,2024-07-28,C0412,P049,ST001,1,399,0,Visa,Completed
ORD15970,2024-04-04,C0441,P006,ST004,2,3999,0,Apple Pay,Completed
ORD10256,2023-10-03,C0377,P013,ST003,1,4299,0,Mada,Completed
ORD10100,2023-10-09,C0332,P003,ST003,1,3499,0.05,Visa,Completed
ORD10068,2024-03-19,C0072,P023,ST003,3,3699,0,Mastercard,Completed
ORD11440,2024-03-10,C0247,P045,ST003,1,599,0,Mada,Completed
ORD17178,2023-01-27,C0002,P027,ST003,1,3499,0.05,Apple Pay,Completed
ORD15826,2023-01-11,C0071,P034,ST002,2,3299,0,Cash,Completed
ORD16233,2024-04-27,C0391,P040,ST002,1,349,0.1,Mada,Completed
ORD14347,2023-05-07,C0048,P045,ST003,1,599,0.15,Cash,Completed
ORD12705,2023-05-29,C0144,P029,ST001,1,4999,0,Visa,Completed
ORD14269,2024-07-08,C0089,P018,ST001,1,999,0,Visa,Completed
ORD11732,2023-07-08,C0172,P019,ST001,1,2299,0,Mada,Completed
ORD16017,2024-01-17,C0260,P005,ST001,1,1599,0,Apple Pay,Completed
ORD10747,2023-10-26,C0186,P048,ST001,1,89,0.05, Mastercard  ,Completed
ORD13657,2023-08-17,C0116,P011,ST002,1,2799,0,Visa,Completed
ORD15367,2024-03-28,C0310,P011,ST002,1,2799,0.15,Mastercard,Completed
ORD13055,2023-10-31,C0448,P021,ST002,1,849,0,Cash,Completed
ORD15389,2024-03-24,C0195,P049,ST003,1,399,0,Visa,Completed
ORD14713,2024-03-10,C0119,P029,ST001,1,4999,0.05,Mastercard,Completed
ORD14494,2023-04-05,C0002,P002,ST001,3,4299,0.15,Mastercard,Completed
ORD10216,2023-12-05,C0461,P016,ST003,1,3699,0.05,Visa,Completed
ORD15352,2023-02-24,C0138,P009,ST001,3,4999,0.1,Apple Pay,Completed
ORD16861,2024-05-22,C0080,P002,ST001,1,4299,0,Apple Pay,Completed
ORD16310,2024-02-28,C0071,P034,ST003,1,3299,0,Visa,Completed
ORD16195,2024-12-03,C0414,P012,ST004,1,7299,0.15,Visa,Completed
ORD11468,2024-10-15,C0481,P019,ST003,1,2299,0, Bank Transfer  ,Completed
ORD10732,2023-06-24,C0015,P006,ST003,1,3999,0.2,Apple Pay,Completed
ORD15128,2023-04-11,C0203,P042,ST001,2,11499,0,Visa,Completed
ORD15534,2023-09-15,C0105,P032,ST001,1,2199,0,Mastercard,Completed
ORD15069,2023-11-05,C0186,P034,ST001,1,3299,0,Visa,Completed
ORD14700,2024-08-15,C0322,P008,ST002,1,8999,0,Apple Pay,Completed
ORD16717,2024-03-31,C0276,P044,ST002,3,1099,0,Mada,Completed
ORD12918,2024-08-16,C0056,P031,ST001,1,2699,0,Bank Transfer,Completed
ORD12894,2024-09-10,C0326,P042,ST002,1,11499,0.1,Bank Transfer,Completed
ORD13646,2024-03-17,C0488,P016,ST003,1,3699,0,Mada,Completed
ORD15705,2023-11-05,C0452,P049,ST001,1,399,0,Mada,Completed
ORD14578,2024-07-30,C0450,P034,ST003,1,3299,0.1,Cash,Completed
ORD13762,2024-04-24,C0352,P010,ST003,1,6999,0,Visa,Completed
ORD12714,2023-06-20,C0040,P014,ST001,1,5499,0,Visa,Completed
ORD12385,2024-12-08,C0328,P001,ST004,1,5999,0,Mastercard,Returned
ORD11662,2023-01-14,C0054,P043,ST002,2,1899,0.1,Cash,Completed
ORD13681,2024-12-06,C0038,P042,ST001,1,11499,0,Mada,Completed
ORD14516,2024-11-12,C0286,P029,ST004,1,4999,0,Mada,Completed
ORD13287,2024-04-28,C0358,P037,ST004,1,2299,0,Mada,Completed
ORD17042,2024-01-14,C0250,P012,ST001,1,7299,0.2,Mada,Completed
ORD14422,2024-05-06,C0269,P004,ST001,1,4599,0,Mada,Completed
ORD11480,2024-09-11,C0354,P026,ST004,1,6799,0.05,Mada,Completed
ORD16531,2023-06-11,C0322,P007,ST002,2,2999,0,Mada,Completed
ORD16570,2023-03-31,C0117,P004,ST002,2,4599,0,Cash,Completed
ORD14256,2024-02-09,C0476,P049,ST003,3,399,0,Cash,Completed
ORD16571,2024-03-25,C0141,P027,ST002,1,3499,0, Visa  ,Completed
ORD11126,2024-01-01,C0434,P041,ST002,3,10999,0.1,Cash,Completed
ORD10387,2023-04-02,C0151,P033,ST002,1,2699,0,Apple Pay,Completed
ORD12772,2023-01-29,C0244,P031,ST003,1,2699,0,Mada,Completed
ORD10714,2024-09-11,C0340,P017,ST003,1,1899,0,Mada,Completed
ORD11077,2024-12-16,C0050,P030,ST002,1,6499,0.1,Mada,Completed
ORD13117,2023-02-22,C0255,P001,ST003,1,5999,0,Mastercard,Completed
ORD14486,2024-07-21,C0272,P031,ST001,1,2699,0,Mada,Completed
ORD10326,2024-09-03,C0365,P033,ST001,3,2699,0,Mada,Completed
ORD13939,2024-03-04,C0250,P015,ST002,1,2899,0,Mada,Completed
ORD15387,2024-12-10,C0025,P005,ST002,2,1599,0,Mada,Completed
ORD16497,2024-01-02,C0190,P010,ST003,3,6999,0,Visa,Completed
ORD15876,2024-03-21,C0464,P016,ST002,1,3699,0.05,Apple Pay,Completed
ORD11312,2023-07-19,C0420,P016,ST002,2,3699,0, Mada  ,Completed
ORD12733,2023-03-08,C0146,P018,ST002,1,999,0.1,Visa,Completed
ORD10541,2024-04-08,C0235,P016,ST002,1,3699,0.05,Visa,Completed
ORD12296,2024-08-20,C0236,P013,ST001,1,4299,0,Mada,Completed
ORD10674,2023-12-03,C0284,P020,ST002,1,1499,0,Apple Pay,Completed
ORD12957,2024-04-17,C0102,P017,ST003,1,1899,0.05,Mada,Completed
ORD16630,2024-02-19,C0127,P019,ST001,4,2299,0,Apple Pay,Completed
ORD15323,2024-04-20,C0278,P014,ST002,1,5499,0,Mada,Completed
ORD14684,2024-03-27,C0193,P044,ST001,1,1099,0,Mada,Completed
ORD10600,2023-08-08,C0399,P034,ST002,1,3299,0,Mada,Completed
ORD11285,2023-03-08,C0371,P050,ST003,1,599,0,Apple Pay,Completed
ORD12218,2023-03-30,C0011,P001,ST001,1,5999,0,Mada,Completed
ORD15969,2023-06-01,C0300,P033,ST001,2,2699,0,Mastercard,Completed
ORD15390,2024-04-22,C0082,P047,ST001,3,119,0.05,Mada,Completed
ORD11981,2023-08-20,C0498,P044,ST001,1,1099,0,Apple Pay,Completed
ORD15536,2024-05-06,C0151,P043,ST002,2,1899,0.05,Bank Transfer,Completed
ORD13598,2023-12-09,C0064,P011,ST001,,2799,0,Mada,Completed
ORD11851,2024-03-13,C0131,P008,ST001,1,8999,0.15,Visa,Completed
ORD15216,2024-03-26,C0210,P024,ST001,1,3999,0,Mada,Completed
ORD16680,12/02/2024,C0242,P043,ST001,,1899,0.2,Mada,Completed
ORD11326,2023-09-24,C0334,P029,ST003,1,4999,0.05,Cash,Completed
ORD12723,2023-08-01,C0112,P021,ST002,1,849,0,Mastercard,Completed
ORD14037,2024-04-17,C0213,P003,ST002,1,3499,0.2,Cash,Completed
ORD12111,05/03/2024,C0006,P017,ST001,3,1899,0.05,Visa,Completed
ORD14397,2023-10-13,C0297,P039,ST004,2,1499,0,Cash,Completed
ORD10139,2024-08-31,C0084,P031,ST004,1,2699,0,Mada,Completed
ORD15026,2023-12-15,C0472,P002,ST002,1,4299,0,Mastercard,Completed
ORD15491,2023-06-01,C0178,P027,ST004,1,3499,0,Cash,Completed
ORD17198,2023-03-04,C0304,P022,ST002,1,1799,0.1,Mada,Completed
ORD10251,2023-06-29,C0060,P005,ST001,1,1599,0,Bank Transfer,Completed
ORD13617,2023-10-24,C0076,P046,ST001,4,1199,0.05,Apple Pay,Completed
ORD10291,2024-04-21,C0120,P035,ST001,2,849,0,Mastercard,Completed
ORD15704,17/12/2023,C0206,P025,ST003,1,2299,0,Apple Pay,Completed
ORD10169,2024-11-10,C0191,P040,ST003,1,349,0.05,Mada,Completed
ORD14738,2024-03-07,C0022,P016,ST003,3,3699,0.1,Mastercard,Completed
ORD16950,2023-06-03,C0448,P017,ST003,2,1899,0,Mada,Completed
ORD12817,2024-12-10,C0325,P038,ST001,1,2199,0.1,Cash,Completed
ORD12548,2024-12-18,C0031,P043,ST001,1,1899,0.05,Mada,Completed
ORD14758,2024-02-18,C0109,P021,ST002,1,849,0,Mastercard,Completed
ORD15829,2024-04-27,C0028,P020,ST001,1,1499,0,Mada,Completed
ORD15977,2024-03-25,C0308,P004,ST003,1,4599,0.2, Cash  ,Completed
ORD11344,2024-12-10,C0295,P033,ST003,1,2699,0,Apple Pay,Completed
ORD11703,2024-11-17,C0366,P018,ST002,1,999,0,Apple Pay,Completed
ORD10247,2024-11-03,C0315,P039,ST001,1,1499,0.05,Mada,Completed
ORD10958,2023-11-16,C0480,P045,ST001,2,599,0,Mada,Completed
ORD15060,2024-04-23,C0039,P032,ST002,1,2199,0.15,Visa,Completed
ORD11925,2024-02-11,C0025,P015,ST001,3,2899,0,Mada,Completed
ORD12292,2024-10-29,C0158,P001,ST003,1,5999,0.1,Mada,Completed
ORD14172,03/12/2024,C0296,P027,ST001,1,3499,0.05,Visa,Completed
ORD12837,2024-09-23,C0183,P022,ST002,1,1799,0.05,Mada,Completed
ORD13048,2023-04-17,C0356,P037,ST001,2,2299,0.1,Mada,Completed
ORD12288,2024-08-06,C0319,P028,ST004,1,4299,0.1,Mastercard,Completed
ORD13144,2023-02-03,C0373,P011,ST002,3,2799,0,Mastercard,Completed
ORD13822,2023-06-19,C0400,P044,ST001,1,1099,0,Mada,Completed
ORD14261,2024-04-24,C0338,P047,ST002,4,119,0,Mastercard,Completed
ORD10196,2024-10-10,C0372,P035,ST003,,849,0,Mada,Returned
ORD13923,2024-03-05,C0121,P014,ST002,1,5499,0,Visa,Completed
ORD14666,2024-07-27,C0469,P039,ST001,1,1499,0, Visa  ,Completed
ORD12045,2024-02-15,C0004,P016,ST001,2,3699,0,Visa,Completed
ORD12565,2024-01-16,C0282,P013,ST001,1,4299,0,Mastercard,Returned
ORD15115,2023-10-08,C0101,P001,ST001,3,5999,0,Cash,Completed
ORD10335,2024-09-19,C0400,P044,ST001,1,1099,0,Visa,Completed
ORD15976,2023-12-14,C0249,P039,ST004,2,1499,0,Mastercard,Completed
ORD13024,2024-08-17,C0490,P047,ST002,1,119,0.15,Mastercard,Completed
ORD11108,2024-10-30,C0318,P002,ST001,1,4299,0,Mada,Completed
ORD14812,2024-08-29,C0119,P010,ST002,1,6999,0.1,Visa,Completed
ORD13013,2024-04-06,C0207,P010,ST001,1,6999,0,Mada,Completed
ORD13792,2023-09-18,C0242,P016,ST001,1,3699,0,Cash,Completed
ORD14318,2023-11-25,C0380,P042,ST004,1,11499,0,Mada,Completed
ORD16061,2023-01-19,C0354,P043,ST002,1,1899,0, Mastercard  ,Completed
ORD12809,2024-05-30,C0476,P006,ST001,1,3999,0,Mada,Completed
ORD11244,2024-01-26,C0417,P019,ST003,,2299,0,Mada,Completed
ORD10646,2024-04-25,C0337,P024,ST001,4,3999,0,Mada,Completed
ORD12735,2023-11-04,C0466,P044,ST004,1,1099,0,Visa,Completed
ORD10559,2024-02-02,C0189,P028,ST002,1,4299,0,Visa,Completed
ORD12080,2024-08-20,C0093,P029,ST003,2,4999,0,Mada,Completed
ORD13307,2023-10-03,C0185,P029,ST002,1,4999,0,Mada,Completed
ORD15515,2024-04-25,C0361,P049,ST003,1,399,0,Mada,Completed
ORD14837,2024-02-12,C0144,P020,ST001,1,1499,0.05,Mada,Completed
ORD16225,2024-04-11,C0439,P048,ST003,1,89,0.15,Mada,Completed
ORD10827,2024-03-07,C0357,P004,ST003,1,4599,0,Visa,Completed
ORD12042,2024-06-27,C0022,P007,ST002,2,2999,0.05,Mada,Completed
ORD16679,2023-06-22,C0193,P005,ST001,2,1599,0,Visa,Completed
ORD13716,2023-01-05,C0341,P005,ST002,1,1599,0,Bank Transfer,Completed
ORD13002,2024-11-15,C0258,P020,ST002,1,1499,0.1,Mastercard,Completed
ORD11215,2024-02-27,C0199,P026,ST002,1,6799,0.1,Cash,Completed
ORD14278,2023-12-16,C0097,P014,ST001,1,5499,0,Mastercard,Completed
ORD13557,2023-04-05,C0233,P035,ST003,1,849,0,Visa,Completed
ORD15233,2024-08-17,C0497,P022,ST003,4,1799,0.1,Apple Pay,Completed
ORD11957,2023-01-18,C0310,P023,ST003,1,3699,0,Mastercard,Completed
ORD14629,2024-04-26,C0237,P014,ST002,1,5499,0,Mada,Completed
ORD13872,2024-03-03,C0176,P045,ST002,1,599,0.1,Apple Pay,Completed
ORD14297,2024-08-10,C0307,P049,ST004,1,399,0,Mada,Completed
ORD13208,2024-05-07,C0096,P035,ST001,1,849,0.1,Visa,Completed
ORD13243,2024-06-22,C0297,P035,ST001,1,849,0.05,Visa,Completed
ORD13438,2023-07-05,C0030,P028,ST002,1,4299,0.05,Cash,Completed
ORD10381,2023-12-15,C0404,P028,ST003,2,4299,0,Mastercard,Completed
ORD15783,2023-04-09,C0242,P011,ST001,2,2799,0.1,Mada,Completed
ORD11095,2024-01-19,C0096,P028,ST001,1,4299,0.05,Mastercard,Completed
ORD14974,2023-11-30,C0075,P022,ST001,1,1799,0,Mada,Completed
ORD12249,2023-06-16,C0298,P001,ST004,1,5999,0.15,Cash,Completed
ORD17195,2024-06-22,C0012,P016,ST003,2,3699,0.1,Mastercard,Completed
ORD16658,2023-11-02,C0324,P041,ST002,1,10999,0.15,Mada,Completed
ORD12774,2024-04-27,c0404,P014,ST003,1,5499,0, Cash  ,Completed
ORD14350,2023-09-02,C0317,P024,ST001,1,3999,0,Mada,Completed
ORD16243,2023-12-22,C0413,P007,ST002,1,2999,0.15,Visa,Completed
ORD13655,2024-08-19,C0225,P030,ST003,1,6499,0,Apple Pay,Completed
ORD12861,2023-09-27,C0069,P043,ST001,1,1899,0,Apple Pay,Completed
ORD10652,2024-03-26,C0102,P049,ST002,1,399,0.2,Mada,Completed
ORD15509,2024-12-22,C0113,P037,ST002,3,2299,0.05,Cash,Completed
ORD12537,2023-05-03,C0108,P012,ST001,2,7299,0, Bank Transfer  ,Completed
ORD12896,2024-08-11,C0336,P043,ST001,1,1899,0.1,Visa,Completed
ORD11616,2024-03-27,C0102,P031,ST001,1,2699,0,Cash,Completed
ORD15877,2024-07-16,C0144,P015,ST001,1,2899,0,Visa,Cancelled
ORD15422,2023-06-03,C0425,P008,ST001,1,8999,0, Bank Transfer  ,Completed
ORD13252,2024-05-24,C0344,P005,ST002,1,1599,0.2,Cash,Completed
ORD16518,2023-12-29,C0174,P009,ST004,1,4999,0.1,Mada,Completed
ORD16404,2024-12-28,C0361,P007,ST002,1,2999,0,Mada,Completed
ORD10661,2023-02-07,C0157,P029,ST003,2,4999,0,Visa,Completed
ORD16199,2023-05-28,C0443,P050,ST003,1,599,0,Cash,Completed
ORD16188,2024-01-18,C0239,P047,ST001,1,119,0,Mada,Completed
ORD10358,2023-10-25,C0378,P002,ST001,1,4299,0.1,Cash,Completed
ORD10877,2024-04-28,C0012,P014,ST002,1,5499,0,Visa,Completed
ORD13601,2024-10-01,C0214,P044,ST001,1,1099,0.05,Cash,Completed
ORD10881,2024-03-01,C0065,P015,ST001,1,2899,0.05,Visa,Completed
ORD16124,2024-04-09,C0405,P017,ST003,1,1899,0.1,Bank Transfer,Completed
ORD15106,2024-08-16,C0385,P043,ST001,1,1899,0.15,Visa,Completed
ORD14498,2023-07-28,C0416,P004,ST002,1,4599,0,Mada,Completed
ORD11923,2023-07-14,C0285,P044,ST001,2,1099,0.15,Bank Transfer,Completed
ORD16984,2024-10-22,c0500,P036,ST003,1,599,0.15,Mastercard,Completed
ORD14999,2023-02-01,C0029,P002,ST002,1,4299,0,Mada,Completed
ORD15889,2023-12-25,C0208,P046,ST003,1,1199,0,Bank Transfer,Completed
ORD10151,2024-08-22,C0298,P031,ST003,1,2699,0.05,Mada,Completed
ORD10560,2024-04-15,C0254,P042,ST003,1,11499,0,Mastercard,Completed
ORD10153,2023-07-25,C0093,P030,ST004,1,6499,0.1,Visa,Completed
ORD10418,2024-07-07,C0291,P045,ST002,2,599,0,Bank Transfer,Completed
ORD12322,2023-09-02,C0329,P003,ST001,1,3499,0,Mastercard,Completed
ORD14926,2023-11-30,C0098,P037,ST001,1,2299,0,Apple Pay,Completed
ORD11968,2024-02-02,C0061,P026,ST001,1,6799,0.1,Cash,Completed
ORD12800,2023-04-15,C0047,P010,ST002,1,6999,0,Mada,Cancelled
ORD16229,2023-02-24,C0297,P016,ST002,2,3699,0,Mastercard,Completed
ORD16545,2024-04-10,C0092,P016,ST002,1,3699,0.1,Mada,Completed
ORD12135,2024-10-13,C0491,P001,ST003,1,5999,0,Mada,Completed
ORD11015,2024-03-25,C0340,P027,ST003,3,3499,0,Mada,Completed
ORD11617,2024-08-18,C0158,P006,ST003,2,3999,0,Mada,Completed
ORD10079,2023-05-01,C0365,P028,ST001,1,4299,0, Mastercard  ,Returned
ORD14810,2024-03-22,C0394,P049,ST001,1,399,0.15,Cash,Completed
ORD15341,2023-09-30,C0239,P041,ST001,3,10999,0,Cash,Completed
ORD15593,2024-04-24,C0480,P037,ST004,1,2299,0,Visa,Completed
ORD13689,2023-05-17,C0029,P038,ST002,1,2199,0%,Apple Pay,Completed
ORD10415,2024-03-28,C0398,P005,ST001,1,1599,0.05,Apple Pay,Completed
ORD10257,2023-08-23,C0062,P040,ST001,1,349,0.1,Mastercard,Completed
ORD14937,2023-06-24,C0444,P003,ST001,1,3499,0,Cash,Completed
ORD11489,2024-07-18,C0131,P008,ST004,1,8999,0,Mada,Completed
ORD10090,2023-03-28,C0291,P041,ST002,2,10999,0,Mastercard,Completed
ORD10992,2024-02-24,C0248,P033,ST002,1,2699,0,Visa,Completed
ORD16954,2024-08-06,C0049,P015,ST001,1,2899,0.1,Apple Pay,Returned
ORD10479,20/03/2023,C0086,P012,ST003,2,7299,0,Apple Pay,Completed
ORD16628,2023-07-22,C0166,P018,ST002,1,999,0,Apple Pay,Completed
ORD15112,2023-04-18,C0189,P043,ST001,3,1899,0.05,Apple Pay,Completed
ORD10470,2024-03-30,C0497,P029,ST002,1,4999,0.1,Cash,Completed
ORD12668,2024-03-27,C0401,P012,ST003,3,7299,0,Cash,Completed
ORD14719,2023-08-23,C0179,P018,ST001,2,999,0,Visa,Completed
ORD14327,2023-03-23,C0487,P026,ST002,1,6799,0,Apple Pay,Completed
ORD15172,2024-05-24,C0250,P018,ST002,1,999,0,Cash,Completed
ORD15033,2023-01-24,C0174,P003,ST004,1,3499,0.1,Mada,Completed
ORD13345,2023-08-31,C0207,P017,ST001,1,1899,0.05, Mastercard  ,Completed
ORD10485,2024-03-14,C0388,P008,ST003,1,8999,0.1,Mada,Completed
ORD13969,2024-09-05,C0465,P033,ST001,2,2699,0.15,Mada,Completed
ORD10788,2024-09-24,C0135,P016,ST002,1,3699,0,Mada,Cancelled
ORD15161,2023-08-05,C0319,P045,ST003,1,599,0,Mada,Completed
ORD16983,2024-04-26,C0209,P034,ST002,1,3299,0.1,Mada,Completed
ORD15052,2024-02-14,C0492,P021,ST003,1,849,0.2,Cash,Completed
ORD12563,2024-03-03,C0315,P015,ST001,1,2899,0.05,Cash,Completed
ORD16672,2024-04-28,C0082,P025,ST003,3,2299,0,Visa,Completed
ORD12765,2023-08-09,C0261,P014,ST003,1,5499,0,Visa,Completed
ORD14266,2023-06-08,C0484,P006,ST001,1,3999,0,Mada,Completed
ORD16129,2024-01-14,C0078,P016,ST001,1,3699,0,Mastercard,Completed
ORD12710,2023-01-10,C0444,P041,ST002,2,10999,0.1,Visa,Completed
ORD13759,2024-03-19,C0181,P031,ST003,4,2699,0,Visa,Completed
ORD14104,2024-08-01,C0382,P045,ST001,1,599,0.15,Mada,Completed
ORD16019,2024-07-09,C0057,P016,ST003,1,3699,0,Apple Pay,Completed
ORD11418,2024-11-13,C0423,P005,ST002,4,1599,0,Mastercard,Completed
ORD15927,2023-12-20,C0479,P012,ST001,3,7299,0.1,Visa,Returned
ORD10356,2024-12-06,C0270,P028,ST003,1,4299,0,Mastercard,Completed
ORD13602,2024-08-07,C0184,P004,ST004,1,4599,0.2,Mada,Completed
ORD15444,2023-10-09,C0330,P047,ST001,1,119,0,Mada,Completed
ORD12978,2023-02-21,C0151,P020,ST001,1,1499,0,Apple Pay,Completed
ORD14325,2024-11-07,C0450,P017,ST003,2,1899,0,Visa,Completed
ORD13480,2023-05-12,C0355,P035,ST003,1,849,0,Apple Pay,Completed
ORD16173,2023-01-05,C0007,P049,ST001,1,399,15%,Mastercard,Completed
ORD14217,2024-02-21,C0484,P013,ST001,2,4299,0,Apple Pay,Completed
ORD12282,2024-06-19,C0103,P039,ST003,2,1499,0,Cash,Completed
ORD11763,2024-07-25,C0043,P046,ST003,1,1199,0,Mada,Completed
ORD17184,2024-03-13,C0024,P034,ST001,1,3299,0.1,Mada,Completed
ORD11831,2023-01-05,C0224,P028,ST002,1,4299,0,Visa,Completed
ORD10435,2024-04-30,C0108,P003,ST001,1,3499,0,Mada,Completed
ORD11099,2024-04-11,C0256,P029,ST001,1,4999,0.1,Mastercard,Completed
ORD17133,2024-04-17,C0030,P005,ST003,1,1599,0,Mastercard,Returned
ORD13371,2024-09-06,c0418,P033,ST003,1,2699,0.2,Mada,Completed
ORD13214,2024-07-17,C0364,P029,ST004,3,4999,0,Mada,Completed
ORD15331,2023-08-05,C0442,P011,ST003,2,2799,0,Visa,Completed
ORD15453,2024-04-04,C0311,P024,ST002,2,3999,0.1,Cash,Completed
ORD13352,2024-03-24,C0180,P044,ST002,1,1099,0,Visa,Completed
ORD13206,2024-07-07,C0086,P006,ST004,2,3999,0.1,Mada,Completed
ORD14036,2024-09-22,C0181,P025,ST003,1,2299,0.1,Apple Pay,Completed
ORD13110,2024-03-07,C0004,P034,ST002,1,3299,0,Mada,Completed
ORD13093,2024-03-01,C0314,P028,ST001,2,4299,0.1,Mastercard,Completed
ORD11686,2023-10-04,C0402,P043,ST001,4,1899,0,Mada,Completed
ORD14554,2023-10-17,C0326,P031,ST001,3,2699,0,Visa,Completed
ORD16464,2024-01-06,C0029,P048,ST004,1,89,0,Apple Pay,Cancelled
ORD17168,2024-04-23,C0453,P036,ST003,1,599,0,Mada,Completed
ORD10439,2024-09-16,C0184,P009,ST002,1,4999,0,Mada,Returned
ORD13134,2024-07-18,C0245,P039,ST004,1,1499,0.05,Cash,Completed
ORD13258,2023-11-02,C0399,P049,ST001,1,399,0.1,Mada,Completed
ORD15896,2023-04-03,C0142,P044,ST001,1,1099,0.05,Mastercard,Completed
ORD15047,2024-09-13,C0226,P012,ST002,1,7299,0,Cash,Completed
ORD15885,2023-07-22,C0069,P017,ST001,1,1899,0.2,Mastercard,Completed
ORD14753,2023-08-02,C0420,P001,ST002,1,5999,0.1,Mada,Completed
ORD13794,2024-03-20,C0353,P003,ST003,1,3499,0.15,Mada,Completed
ORD10900,2023-10-31,C0106,P016,ST002,1,3699,0.05,Mada,Completed
ORD13355,2024-03-17,C0086,P048,ST001,1,89,0.1,Cash,Completed
ORD11852,2023-05-21,C0345,P042,ST003,1,11499,0,Mastercard,Completed
ORD10982,2024-10-07,C0351,P015,ST003,1,2899,0,Visa,Completed
ORD12262,2023-03-09,C0282,P034,ST002,1,3299,0.15,Apple Pay,Completed
ORD10292,2024-10-22,C0371,P013,ST002,1,4299,0,Apple Pay,Completed
ORD12358,2024-06-04,C0485,P026,ST002,2,6799,0.1,Mada,Completed
ORD13407,2023-10-21,C0363,P039,ST002,1,1499,0,Mada,Completed
ORD15458,2024-03-03,C0258,P030,ST003,1,6499,0.1,Apple Pay,Completed
ORD13346,2024-03-24,C0293,P010,ST001,1,6999,0,Apple Pay,Completed
ORD14032,2023-11-16,c0145,P019,ST002,2,2299,0.05,Mastercard,Completed
ORD15468,2023-05-12,C0291,P012,ST002,2,7299,0,Mada,Completed
ORD14515,2024-05-30,C0069,P050,ST002,1,599,0,Mada,Completed
ORD11840,2024-03-25,C0191,P009,ST003,1,4999,0,Mada,Completed
ORD11145,2024-03-06,C0488,P031,ST001,3,2699,0,Mada,Returned
ORD15745,2023-09-13,C0262,P038,ST002,4,2199,0,Mada,Completed
ORD10838,2024-03-10,C0257,P023,ST001,2,3699,0.15,Cash,Completed
ORD11854,2024-09-29,C0365,P016,ST001,1,3699,0.15,Mastercard,Completed
ORD14675,2024-07-19,C0048,P044,ST002,1,1099,0,Visa,Completed
ORD16642,2023-01-27,C0051,P046,ST001,2,1199,0,Mada,Completed
ORD13789,2023-08-19,C0093,P007,ST001,1,2999,0.15,Visa,Completed
ORD10069,2023-09-12,C0014,P039,ST002,1,1499,0.15,Mastercard,Completed
ORD15894,2024-03-16,C0233,P028,ST003,1,4299,0,Mada,Completed
ORD16111,2023-05-15,C0465,P004,ST001,2,4599,0.2,Mastercard,Completed
ORD11402,2023-01-18,C0138,P046,ST001,1,1199,0.1,Mada,Completed
ORD11944,2024-12-05,C0379,P046,ST002,1,1199,0,Mada,Completed
ORD11762,2024-06-18,C0431,P008,ST002,1,8999,0,Mastercard,Completed
ORD15608,2023-07-05,C0207,P010,ST001,2,6999,0,Apple Pay,Returned
ORD13458,2023-04-25,C0146,P004,ST001,1,4599,0.1,Mada,Completed
ORD15214,2023-07-19,C0296,P041,ST001,1,10999,0.1, Visa  ,Completed
ORD15754,2023-01-17,C0374,P038,ST004,1,2199,0,Mada,Completed
ORD15730,2023-01-24,c0326,P044,ST001,1,1099,0.1,Mastercard,Completed
ORD11548,2023-04-05,C0267,P048,ST001,2,89,0,Apple Pay,Completed
ORD10740,2023-08-13,C0435,P039,ST002,1,1499,0.05,Cash,Completed
ORD13781,2024-09-08,C0375,P003,ST003,1,3499,0,Mada,Completed
ORD10165,2024-04-07,C0344,P031,ST003,1,2699,0,Mada,Completed
ORD16049,2024-02-14,C0486,P046,ST001,1,1199,0.15,Mada,Completed
ORD15838,2023-03-05,C0478,P009,ST004,1,4999,0,Visa,Completed
ORD16992,2023-05-24,C0482,P024,ST001,1,3999,0,Mada,Completed
ORD16375,2023-07-13,C0285,P019,ST001,1,2299,0.05,Apple Pay,Completed
ORD10091,2023-05-14,C0426,P021,ST001,3,849,0,Mada,Completed
ORD15974,2023-08-23,C0339,P044,ST004,1,1099,0,Visa,Completed
ORD14763,2024-09-07,C0389,P033,ST002,1,2699,0,Apple Pay,Completed
ORD10397,2024-04-25,C0149,P023,ST001,3,3699,0.1,Mastercard,Completed
ORD17129,2024-07-24,C0065,P015,ST002,3,2899,0,Mada,Completed
ORD16511,2023-01-31,C0178,P030,ST001,1,6499,0.15,Mastercard,Completed
ORD11024,2023-06-10,C0140,P041,ST001,2,10999,0,Apple Pay,Completed
ORD14603,2024-06-09,C0435,P034,ST002,1,3299,0,Visa,Completed
ORD13057,2023-06-04,C0474,P042,ST001,1,11499,0,Bank Transfer,Completed
ORD14191,2024-10-23,C0342,P027,ST002,2,3499,0,Visa,Returned
ORD11526,2023-09-16,C0134,P036,ST001,3,599,0.05,Mada,Completed
ORD13046,2023-08-28,C0409,P049,ST004,1,399,0.05,Mada,Completed
ORD13505,2024-07-26,C0119,P041,ST001,1,10999,0,Mastercard,Completed
ORD14449,2023-02-01,C0162,P020,ST001,1,1499,0,Apple Pay,Completed
ORD17237,2023-08-30,C0112,P050,ST002,2,599,0.05,Mada,Completed
ORD10190,2023-12-27,C0458,P043,ST002,1,1899,0.05,Mada,Completed
ORD12200,2024-03-22,C0071,P035,ST003,3,849,0,Mada,Completed
ORD11505,2023-06-12,C0432,P024,ST001,1,3999,0,Mada,Completed
ORD14084,2024-04-02,C0397,P024,ST003,1,3999,0,Mada,Completed
ORD13583,2024-07-16,C0081,P033,ST001,1,2699,0,Apple Pay,Completed
ORD16219,2024-10-22,C0265,P001,ST001,2,5999,0,Mada,Completed
ORD10222,2024-07-10,C0115,P042,ST002,2,11499,0,Mastercard,Completed
ORD12402,2024-03-11,C0262,P004,ST002,1,4599,0,Cash,Returned
ORD13549,2024-03-28,C0076,P007,ST001,1,2999,0,Visa,Completed
ORD14394,2024-04-10,c0150,P007,ST004,1,2999,0,Mastercard,Completed
ORD15987,2024-05-27,C0058,P021,ST001,1,849,0,Apple Pay,Completed
ORD13664,2023-03-18,C0352,P036,ST001,1,599,0,Visa,Completed
ORD10267,2023-09-24,C0180,P017,ST002,1,1899,0%,Bank Transfer,Completed
ORD14205,2024-04-01,C0385,P041,ST001,1,10999,0,Mastercard,Completed
ORD14167,2024-02-08,C0102,P009,ST003,1,4999,0.1,Apple Pay,Completed
ORD16929,2023-06-05,C0360,P014,ST004,3,5499,0,Visa,Returned
ORD15039,2024-03-21,C0132,P001,ST001,1,5999,0.1,Apple Pay,Completed
ORD12170,2024-06-23,C0429,P031,ST003,1,2699,0,Cash,Completed
ORD12160,2024-05-30,C0289,P043,ST003,1,1899,0,Mada,Completed
ORD10006,2023-06-06,C0336,P037,ST001,2,2299,0,Mada,Completed
ORD14786,2023-04-19,C0322,P040,ST003,1,349,0.1,Mada,Completed
ORD11136,2023-11-13,C0164,P049,ST001,3,399,0,Visa,Completed
ORD15030,2024-09-02,C0048,P040,ST004,3,349,0,Cash,Completed
ORD11904,2024-03-19,C0194,P002,ST001,2,4299,0,Mada,Completed
ORD13128,2024-11-29,C0421,P049,ST001,4,399,0,Visa,Completed
ORD11878,2023-09-10,C0338,P040,ST003,1,349,0.1,Apple Pay,Completed
ORD12159,2023-11-22,C0152,P002,ST001,2,4299,0.1,Apple Pay,Completed
ORD16316,2023-08-03,C0470,P036,ST004,1,599,0,Cash,Completed
ORD16751,2023-04-10,C0257,P004,ST003,2,4599,0,Cash,Completed
ORD12084,2023-04-04,C0376,P026,ST002,4,6799,0.05,Visa,Completed
ORD10996,2024-12-29,C0086,P003,ST001,2,3499,0,Mada,Returned
ORD12467,2024-08-18,C0473,P029,ST001,2,4999,0.15,Visa,Completed
ORD11122,2023-09-21,C0007,P014,ST001,1,5499,0,Cash,Completed
ORD10403,2024-03-26,C0329,P037,ST001,1,2299,0,Apple Pay,Completed
ORD13760,2023-12-17,C0475,P028,ST001,1,4299,0.1,Visa,Completed
ORD13881,2023-09-25,C0143,P005,ST004,2,1599,0,Mastercard,Completed
ORD11063,2024-02-28,C0358,P013,ST001,1,4299,0,Mada,Completed
ORD15074,2023-04-28,C0273,P043,ST002,2,1899,0.1,Mada,Completed
ORD15386,2023-11-16,C0139,P031,ST003,4,2699,0,Visa,Completed
ORD13142,2023-12-12,C0330,P030,ST002,2,6499,0,Visa,Completed
ORD14636,2023-12-27,C0480,P009,ST003,1,4999,0.1,Mada,Completed
ORD14226,2023-12-26,C0283,P030,ST001,1,6499,0,Bank Transfer,Completed
ORD14067,2024-01-02,C0022,P048,ST002,1,89,0.1, Visa  ,Completed
ORD15167,2024-11-25,C0270,P003,ST002,1,3499,0,Mastercard,Completed
ORD14590,2024-04-27,C0318,P027,ST003,1,3499,0.15,Visa,Completed
ORD10483,2024-05-06,C0306,P009,ST003,2,4999,0.1,Bank Transfer,Completed
ORD11371,2024-02-21,C0255,P011,ST003,1,2799,0,Visa,Completed
ORD17232,2023-06-22,C0462,P016,ST004,1,3699,0,Mastercard,Completed
ORD11134,2024-09-21,C0253,P017,ST004,2,1899,0.05,Mada,Completed
ORD14834,2023-01-12,C0114,P025,ST001,1,2299,0.1, Mada  ,Completed
ORD10474,2024-04-19,C0428,P010,ST003,1,6999,0.15,Mada,Completed
ORD15760,2023-05-26,c0114,P049,ST001,1,399,0,Visa,Completed
ORD16909,2024-03-22,C0414,P002,ST003,2,4299,0,Visa,Completed
ORD10115,2024-12-26,C0035,P001,ST001,1,5999,0,Cash,Completed
ORD16426,2024-08-07,C0319,P044,ST004,1,1099,0,Mada,Completed
ORD12566,2024-12-17,C0238,P023,ST001,4,3699,0.05,Mada,Completed
ORD11766,2023-07-19,C0051,P038,ST002,1,2199,0.05,Mada,Completed
ORD17215,2023-10-24,C0188,P037,ST001,3,2299,0.15,Cash,Completed
ORD14523,2023-01-24,C0277,P022,ST003,2,1799,0,Mada,Returned
ORD13338,2023-06-07,C0454,P049,ST001,1,399,0.1,Mastercard,Completed
ORD14426,2024-03-06,c0284,P005,ST001,4,1599,0,Mastercard,Completed
ORD15831,2023-10-02,C0351,P016,ST001,1,3699,0.05,Mada,Completed
ORD16662,2023-02-17,C0098,P003,ST001,1,3499,0,Bank Transfer,Completed
ORD11668,02/04/2024,C0286,P024,ST002,1,3999,0,Mada,Completed
ORD16831,2023-04-01,C0382,P047,ST001,1,119,0.1,Mada,Completed
ORD10922,2023-12-22,C0349,P032,ST004,3,2199,0,Bank Transfer,Completed
ORD16745,2024-05-18,C0469,P036,ST001,1,599,0,Mada,Completed
ORD15579,2023-03-03,C0314,P027,ST002,2,3499,0.2,Apple Pay,Completed
ORD10043,2023-04-15,C0135,P024,ST002,1,3999,0,Visa,Completed
ORD12719,2023-08-12,C0055,P021,ST001,2,849,0.1,Mada,Completed
ORD11875,2024-09-10,C0112,P045,ST004,2,599,0.1,Visa,Completed
ORD14511,2024-04-12,C0002,P045,ST001,3,599,0,Mastercard,Completed
ORD11195,2024-04-09,C0058,P003,ST004,1,3499,0.1,Visa,Completed
ORD15700,2024-01-27,C0462,P018,ST003,1,999,0,Apple Pay,Completed
ORD10882,2023-04-05,C0224,P019,ST002,1,2299,0.1,Visa,Completed
ORD11004,2024-03-25,C0474,P017,ST001,4,1899,0.1,Mada,Completed
ORD13375,2023-02-13,C0132,P045,ST003,1,599,0.15,Cash,Completed
ORD15102,2024-09-11,C0049,P049,ST002,1,399,0,Visa,Completed
ORD10840,2024-04-16,C0238,P003,ST002,1,3499,0,Mastercard,Completed
ORD14233,2023-10-23,C0053,P011,ST003,1,2799,0,Mada,Completed
ORD11888,2024-11-11,C0194,P047,ST001,3,119,0,Apple Pay,Completed
ORD14776,2023-05-02,C0013,P039,ST001,1,1499,0,Visa,Completed
ORD11390,2023-01-04,C0229,P038,ST001,2,2199,0.1,Mada,Completed
ORD15679,2024-01-13,C0083,P018,ST003,1,999,0,Mada,Completed
ORD15372,2024-09-27,C0121,P032,ST002,2,2199,0.05,Cash,Completed
ORD14794,2023-09-13,C0405,P011,ST004,1,2799,0.15,Mada,Completed
ORD16322,2024-04-11,C0456,P018,ST003,1,999,0.05,Apple Pay,Completed
ORD10424,2024-10-31,C0474,P035,ST003,1,849,0,Cash,Completed
ORD14419,2024-04-23,C0148,P018,ST001,1,999,0,Mada,Completed
ORD13676,2024-06-09,C0257,P029,ST003,1,4999,0.1,Mastercard,Completed
ORD16089,2024-10-24,C0244,P036,ST001,1,599,0,Mada,Completed
ORD12134,2023-12-30,C0133,P049,ST002,4,399,0.05,Mastercard,Completed
ORD11830,2024-09-14,C0064,P023,ST001,3,3699,0,Apple Pay,Completed
ORD12607,2024-08-08,C0443,P030,ST003,3,6499,0,Apple Pay,Completed
ORD15644,2024-01-01,C0467,P011,ST003,1,2799,0.1,Mastercard,Completed
ORD11910,2024-12-13,C0092,P024,ST001,1,3999,0.05,Mada,Completed
ORD13350,2024-01-26,C0207,P038,ST004,2,2199,0,Mada,Completed
ORD11639,2024-11-16,C0282,P016,ST003,1,3699,0,Cash,Completed
ORD15317,2023-05-18,C0447,P021,ST002,3,849,0,Visa,Completed
ORD10547,2023-09-28,C0392,P011,ST002,1,2799,0.2,Mastercard,Returned
ORD13184,2024-08-11,C0053,P031,ST003,3,2699,0,Mada,Completed
ORD15972,2023-03-05,C0065,P033,ST001,1,2699,0,Mastercard,Completed
ORD11839,2023-02-06,C0113,P018,ST004,3,999,0.05,Mada,Completed
ORD16091,2023-11-26,C0005,P017,ST002,2,1899,0,Mada,Completed
ORD12112,2023-11-29,C0160,P047,ST003,3,119,0.1,Mada,Completed
ORD11455,2023-08-29,C0103,P047,ST002,1,119,0,Visa,Completed
ORD10102,2024-07-10,C0249,P046,ST004,1,1199,0,Mastercard,Completed
ORD16626,2024-03-09,C0363,P041,ST002,1,10999,0.05,Mada,Completed
ORD14305,2023-06-09,C0309,P031,ST001,1,2699,0,Mada,Completed
ORD12269,2023-10-30,C0192,P010,ST004,1,6999,0.05,Mastercard,Completed
ORD13700,2023-05-15,C0398,P015,ST002,1,2899,0.2,Mada,Completed
ORD15353,2024-10-13,C0388,P010,ST001,2,6999,0,Apple Pay,Completed
ORD16734,2024-12-03,C0305,P034,ST003,1,3299,0,Mada,Returned
ORD13895,2024-04-12,C0460,P045,ST003,1,599,0.1,Cash,Completed
ORD11033,2024-12-06,C0251,P045,ST001,1,599,0,Mada,Completed
ORD15547,2023-12-15,C0277,P039,ST001,1,1499,0.1,Mastercard,Completed
ORD15678,2024-05-31,C0222,P026,ST002,1,6799,0,Apple Pay,Completed
ORD14667,2024-03-27,C0081,P030,ST002,1,6499,0.1,Cash,Completed
ORD11498,2024-04-21,C0473,P029,ST002,2,4999,0, Mada  ,Completed
ORD15485,2024-04-17,C0446,P021,ST001,3,849,0, Mada  ,Completed
ORD16461,2023-10-08,C0346,P024,ST001,2,3999,0.05,Mada,Completed
ORD12105,2024-04-17,C0070,P032,ST003,1,2199,0,Cash,Completed
ORD11040,2024-04-06,C0360,P005,ST001,4,1599,0,Mastercard,Completed
ORD10602,2024-04-05,C0109,P033,ST004,2,2699,0,Mada,Completed
ORD15568,2024-04-06,C0121,P009,ST004,1,4999,0,Mada,Completed
ORD13016,2024-06-03,C0364,P005,ST001,1,1599,0,Mada,Completed
ORD17174,2024-06-30,C0201,P042,ST004,1,11499,0.15,Mada,Completed
ORD14146,2023-09-10,C0329,P012,ST003,1,7299,0.1,Visa,Completed
ORD11952,27/07/2023,C0157,P029,ST001,2,4999,0.1,Visa,Completed
ORD11915,2023-09-22,C0210,P015,ST002,1,2899,0,Visa,Completed
ORD14065,2024-04-26,C0035,P010,ST002,1,6999,0.05,Mada,Completed
ORD12758,2024-03-11,C0067,P008,ST003,1,8999,0,Bank Transfer,Completed
ORD14177,2024-01-24,C0048,P001,ST001,1,5999,0,Mastercard,Completed
ORD13127,2023-11-26,C0175,P013,ST001,1,4299,0,Mastercard,Completed
ORD11857,2023-02-05,C0343,P006,ST001,1,3999,0,Visa,Completed
ORD10862,2024-07-09,C0220,P022,ST004,1,1799,0,Mastercard,Completed
ORD10727,2023-09-12,C0339,P043,ST002,2,1899,0,Bank Transfer,Completed
ORD11141,2023-08-23,C0373,P020,ST002,1,1499,0,Cash,Completed
ORD10539,2024-03-21,c0105,P044,ST004,1,1099,0,Apple Pay,Completed
ORD14366,2024-07-22,C0030,P048,ST002,1,89,0.2,Mada,Completed
ORD13673,2023-01-17,C0081,P030,ST002,2,6499,0,Cash,Completed
ORD10836,2023-01-29,C0388,P007,ST001,1,2999,0,Mada,Completed
ORD15725,2023-08-16,C0062,P044,ST002,1,1099,0,Mastercard,Returned
ORD15321,23/12/2023,C0282,P039,ST002,1,1499,0,Mastercard,Completed
ORD13437,2024-08-09,C0300,P025,ST003,1,2299,0.2,Mada,Completed
ORD16288,2024-11-19,C0490,P042,ST003,1,11499,0.15,Mada,Completed
ORD16602,2024-12-13,C0253,P040,ST002,1,349,0.05,Mada,Completed
ORD13406,2023-09-21,C0413,P001,ST001,1,5999,0, Mada  ,Completed
ORD13217,2023-03-12,C0446,P041,ST002,2,10999,0,Mada,Completed
ORD10103,2023-11-26,C0416,P021,ST001,1,849,0,Mada,Completed
ORD11954,2024-11-30,C0404,P040,ST001,2,349,0,Visa,Completed
ORD13621,2024-11-07,C0203,P046,ST002,3,1199,0,Mada,Completed
ORD15281,2024-03-04,C0131,P004,ST002,1,4599,0.1,Cash,Completed
ORD10653,2023-09-26,C0091,P036,ST001,1,599,0,Apple Pay,Completed
ORD15983,2023-05-01,C0062,P042,ST001,1,11499,0,Mada,Completed
ORD12624,2023-05-24,C0183,P031,ST002,4,2699,0.05,Cash,Completed
ORD16828,2023-09-27,C0409,P036,ST003,1,599,0,Cash,Completed
ORD13358,2023-04-03,C0206,P050,ST002,1,599,0,Cash,Completed
ORD11964,2023-03-20,C0191,P043,ST001,3,1899,0,Apple Pay,Completed
ORD16535,2024-07-20,C0012,P020,ST001,2,1499,0.05,Apple Pay,Completed
ORD15378,2024-05-06,C0459,P048,ST003,1,89,0,Apple Pay,Completed
ORD13522,2024-01-28,C0249,P004,ST001,1,4599,0,Cash,Completed
ORD15117,2024-11-30,C0319,P025,ST001,2,2299,0.2,Mada,Completed
ORD14781,2023-10-26,C0154,P030,ST001,1,6499,0,Cash,Completed
ORD10135,2024-04-25,C0046,P018,ST003,1,999,0.05,Mada,Completed
ORD16512,2024-10-06,C0477,P048,ST003,1,89,0,Mada,Completed
ORD12581,2024-05-03,C0328,P033,ST001,1,2699,0,Apple Pay,Completed
ORD16462,2023-12-10,C0463,P040,ST002,1,349,0,Mastercard,Completed
ORD11417,2023-10-19,C0250,P038,ST003,1,2199,0,Visa,Completed
ORD16160,2023-06-21,C0024,P004,ST003,1,4599,0,Mada,Completed
ORD12669,2024-07-23,C0337,P033,ST001,1,2699,0.15,Mada,Completed
ORD15646,2023-11-09,C0301,P044,ST001,1,1099,0.1,Mada,Completed
ORD15165,2023-08-17,C0414,P009,ST003,1,4999,0,Mada,Completed
ORD13863,2023-01-05,C0084,P015,ST004,1,2899,0,Mastercard,Completed
ORD11219,2024-04-21,C0224,P030,ST003,1,6499,0,Bank Transfer,Completed
ORD15109,2023-08-06,C0248,P022,ST003,1,1799,0.05,Mada,Completed
ORD12044,2024-05-23,C0354,P009,ST003,3,4999,0,Cash,Completed
ORD10146,02/03/2024,C0072,P039,ST003,1,1499,0,Mastercard,Completed
ORD14098,2023-03-15,C0159,P015,ST004,1,2899,0,Mada,Cancelled
ORD12281,2024-05-22,C0127,P050,ST001,1,599,0,Mada,Completed
ORD12387,2023-09-14,C0182,P003,ST003,2,3499,0.15,Mastercard,Completed
ORD13584,2024-08-26,C0085,P008,ST003,1,8999,0,Mada,Completed
ORD11333,2023-10-14,C0073,P050,ST001,1,599,0,Apple Pay,Completed
ORD16165,2024-03-01,C0180,P018,ST002,4,999,0.05,Visa,Completed
ORD12097,2024-07-14,C0472,P025,ST004,1,2299,0,Apple Pay,Completed
ORD14274,2024-08-20,C0404,P019,ST004,1,2299,0.05,Visa,Completed
ORD16893,2024-04-12,C0312,P031,ST001,1,2699,0.1,Cash,Cancelled
ORD16870,2024-04-09,C0218,P008,ST003,1,8999,0.15,Mastercard,Completed
ORD13935,2024-01-20,C0036,P017,ST002,1,1899,0,Visa,Completed
ORD16272,2023-08-20,c0471,P041,ST002,1,10999,0%,Mada,Completed
ORD11446,2023-01-10,C0248,P040,ST003,1,349,0,Bank Transfer,Completed
ORD16052,02/05/2023,C0258,P017,ST003,1,1899,0,Cash,Completed
ORD12524,2024-12-15,C0215,P037,ST001,2,2299,0,Visa,Completed
ORD17092,2024-04-23,C0162,P007,ST002,1,2999,0,Mastercard,Completed
ORD13236,2023-01-23,C0020,P046,ST001,1,1199,0,Apple Pay,Completed
ORD15596,2024-04-13,C0015,P022,ST002,1,1799,0,Apple Pay,Completed
ORD11201,2024-08-27,C0392,P007,ST002,1,2999,0,Mastercard,Completed
ORD11500,2024-11-04,C0211,P032,ST004,2,2199,0,Mada,Completed
ORD14818,2023-06-01,C0376,P032,ST001,1,2199,0.1,Visa,Completed
ORD12209,2023-11-25,C0010,P031,ST003,1,2699,0.1,Mada,Completed
ORD11518,2023-06-03,C0331,P044,ST001,1,1099,0.15,Mada,Completed
ORD14450,20/04/2024,C0078,P041,ST004,1,10999,0.1,Mastercard,Completed
ORD16324,2023-07-21,C0280,P028,ST002,1,4299,0.05,Cash,Completed
ORD15138,2023-06-19,C0432,P045,ST003,1,599,0,Mada,Completed
ORD13651,2024-02-26,C0034,P002,ST003,1,4299,0,Mada,Completed
ORD11558,2023-01-17,C0388,P017,ST002,1,1899,0,Mastercard,Completed
ORD11965,2024-07-10,C0391,P026,ST002,1,6799,0,Visa,Completed
ORD13608,2024-08-21,C0299,P007,ST002,1,2999,0,Mada,Completed
ORD14219,2024-02-18,C0325,P036,ST002,1,599,0.05,Mastercard,Completed
ORD13811,2024-02-11,C0110,P019,ST001,1,2299,0,Mastercard,Completed
ORD17159,2024-07-06,C0172,P039,ST001,1,1499,0,Bank Transfer,Completed
ORD13717,2023-02-22,C0464,P015,ST001,1,2899,0.1,Bank Transfer,Completed
ORD14933,2023-02-27,C0372,P040,ST001,1,349,0,Mastercard,Completed
ORD14332,2023-09-05,C0435,P001,ST003,3,5999,0,Mastercard,Completed
ORD16276,2023-11-14,C0200,P021,ST001,1,849,0,Mada,Completed
ORD13574,2024-06-27,C0055,P023,ST002,1,3699,0,Cash,Completed
ORD15623,2023-07-16,C0383,P015,ST003,2,2899,0.1,Cash,Completed
ORD12025,2023-08-03,C0323,P039,ST001,1,1499,0.1,Mada,Completed
ORD15239,2024-03-08,C0017,P014,ST001,1,5499,0,Mastercard,Completed
ORD14635,2023-06-11,C0195,P033,ST002,3,2699,0.05,Mada,Completed
ORD13502,2024-03-10,c0497,P043,ST004,1,1899,0,Visa,Completed
ORD12775,2024-08-07,C0260,P027,ST003,1,3499,0,Cash,Completed
ORD16991,2023-10-31,C0361,P041,ST004,1,10999,0.1,Mastercard,Returned
ORD12717,2024-11-19,C0175,P034,ST001,2,3299,0,Apple Pay,Completed
ORD12404,2023-06-09,C0205,P026,ST003,1,6799,0,Mada,Completed
ORD16556,2024-03-15,C0412,P042,ST004,2,11499,0.15,Mastercard,Completed
ORD10703,2024-01-26,C0036,P041,ST001,1,10999,0.1,Mada,Returned
ORD14874,2024-04-23,C0313,P050,ST003,1,599,0,Cash,Completed
ORD10794,2024-05-18,C0395,P007,ST001,1,2999,0.05,Mada,Completed
ORD15094,2023-11-20,C0318,P004,ST002,4,4599,0,Cash,Completed
ORD12649,2024-06-04,C0395,P011,ST001,2,2799,0.05,Mastercard,Completed
ORD13524,2024-06-17,C0169,P016,ST002,1,3699,0,Visa,Completed
ORD10884,2023-06-19,C0306,P032,ST004,1,2199,0,Apple Pay,Completed
ORD14012,2024-04-25,C0104,P035,ST003,1,849,0.05,Mada,Completed
ORD10893,2024-03-03,C0386,P027,ST002,1,3499,0,Mada,Completed
ORD16739,2023-03-13,C0361,P007,ST001,1,2999,0.05,Mada,Completed
ORD12756,2023-10-12,C0439,P042,ST004,1,11499,0,Cash,Completed
ORD14117,2023-04-21,C0023,P005,ST003,1,1599,0,Mastercard,Completed
ORD12763,2024-04-21,C0363,P024,ST004,1,3999,0.1,Visa,Completed
ORD12623,2023-07-27,C0300,P019,ST002,4,2299,0,Cash,Returned
ORD10036,2024-07-30,C0408,P026,ST003,3,6799,0,Mada,Completed
ORD10244,2024-06-04,C0027,P036,ST001,1,599,0.05,Bank Transfer,Completed
ORD15855,2023-01-06,C0066,P003,ST004,1,3499,0,Visa,Returned
ORD14152,2024-06-01,C0147,P002,ST001,2,4299,0.1,Apple Pay,Completed
ORD14659,2023-05-06,C0004,P040,ST002,1,349,0,Mada,Completed
ORD12592,2023-08-16,C0085,P024,ST001,2,3999,0.05,Apple Pay,Completed
ORD11749,15/09/2024,C0075,P021,ST004,1,849,0,Apple Pay,Completed
ORD12070,2024-04-13,C0244,P007,ST002,1,2999,0,Visa,Completed
ORD13079,2024-01-03,C0493,P021,ST003,2,849,0,Mada,Completed
ORD10491,2024-03-26,C0264,P023,ST001,4,3699,0,Mada,Completed
ORD11276,2024-08-08,C0454,P032,ST003,3,2199,0,Mada,Completed
ORD11637,2024-04-11,C0383,P023,ST001,1,3699,0,Mastercard,Returned
ORD13982,2024-05-30,C0328,P024,ST003,1,3999,0,Mastercard,Completed
ORD11555,2023-01-06,C0245,P050,ST004,1,599,0%,Apple Pay,Completed
ORD12940,2024-03-08,C0242,P012,ST001,1,7299,0,Mada,Completed
ORD17226,2023-08-08,C0354,P016,ST001,1,3699,0,Visa,Completed
ORD13988,2024-04-17,C0198,P001,ST001,2,5999,0.1,Mada,Completed
ORD13304,02/03/2024,C0116,P028,ST003,2,4299,0.15,Visa,Completed
ORD16350,2024-03-11,C0013,P013,ST002,1,4299,0.1,Visa,Completed
ORD11584,2023-05-05,C0304,P043,ST002,1,1899,0,Bank Transfer,Completed
ORD16484,2023-02-28,C0005,P012,ST001,3,7299,0.1,Apple Pay,Completed
ORD16372,2023-08-27,C0477,P019,ST003,1,2299,0.05,Mastercard,Completed
ORD14724,2023-03-12,C0146,P049,ST002,3,399,0,Apple Pay,Completed
ORD14096,2024-08-06,C0323,P045,ST004,1,599,0,Apple Pay,Completed
ORD13244,2024-01-05,C0303,P037,ST001,1,2299,0,Mada,Completed
ORD13321,2024-10-19,C0338,P008,ST003,1,8999,0,Mada,Completed
ORD13266,2024-04-13,C0063,P037,ST003,1,2299,0,Visa,Completed
ORD13768,2023-07-17,C0268,P017,ST002,1,1899,0.05,Mada,Completed
ORD16538,2024-03-12,C0405,P006,ST004,1,3999,0,Apple Pay,Completed
ORD11986,2024-10-20,C0367,P032,ST001,1,2199,0.05,Mada,Completed
ORD15794,2024-04-28,C0293,P040,ST001,1,349,0.1,Apple Pay,Completed
ORD10708,2023-03-27,C0090,P039,ST004,1,1499,0,Visa,Completed
ORD15227,2023-07-10,C0341,P017,ST004,1,1899,0,Apple Pay,Completed
ORD16416,2024-04-28,C0021,P047,ST001,1,119,0.05,Mastercard,Completed
ORD12654,2024-03-03,C0182,P022,ST002,1,1799,0,Mada,Completed
ORD12981,2023-04-02,C0301,P035,ST002,2,849,0,Mada,Returned
ORD15063,2024-05-18,C0412,P010,ST003,2,6999,0,Mada,Completed
ORD13268,2024-01-24,C0198,P035,ST001,1,849,0,Apple Pay,Completed
ORD12017,2024-04-04,C0236,P020,ST002,1,1499,0.2,Mada,Completed
ORD13254,2024-09-18,C0012,P004,ST003,1,4599,0.1,Mastercard,Completed
ORD11031,2024-07-28,C0207,P032,ST003,1,2199,0,Visa,Completed
ORD13205,2024-04-04,C0430,P003,ST001,1,3499,0.05,Apple Pay,Completed
ORD12606,2023-03-12,C0017,P010,ST003,1,6999,0,Mada,Completed
ORD16824,2024-11-27,C0169,P007,ST004,1,2999,0.1,Mada,Completed
ORD10189,2023-10-25,C0491,P009,ST004,4,4999,0.05,Visa,Completed
ORD10223,2024-03-13,C0413,P001,ST002,1,5999,0.1,Mastercard,Returned
ORD10448,2023-01-02,C0219,P045,ST001,1,599,0,Mastercard,Completed
ORD16077,2023-10-31,C0394,P019,ST002,1,2299,0,Bank Transfer,Completed
ORD14726,2024-07-12,C0289,P028,ST003,2,4299,0,Mada,Completed
ORD12745,2023-12-22,C0414,P036,ST003,1,599,0.15,Visa,Completed
ORD12931,08/04/2024,C0482,P004,ST002,1,4599,0,Visa,Completed
ORD14467,2024-05-08,C0372,P032,ST002,1,2199,0,Apple Pay,Completed
ORD10117,05/05/2024,C0038,P049,ST002,1,399,0,Mada,Completed
ORD12178,2023-09-17,C0226,P015,ST002,2,2899,0.1,Mada,Completed
ORD14953,2024-09-19,C0022,P034,ST002,2,3299,0,Mada,Completed
ORD16583,2023-03-15,C0044,P005,ST003,1,1599,0,Mada,Completed
ORD17204,2024-03-04,C0134,P040,ST001,1,349,0,Mada,Completed
ORD14888,2024-02-03,C0238,P003,ST003,1,3499,0,Mada,Completed
ORD14412,2024-04-29,C0424,P049,ST003,1,399,0,Mada,Completed
ORD13030,2024-03-09,C0162,P023,ST003,2,3699,0,Apple Pay,Completed
ORD14879,2024-07-07,C0147,P009,ST004,3,4999,0,Apple Pay,Completed
ORD13561,2023-01-29,C0180,P017,ST003,1,1899,0,Apple Pay,Completed
ORD12970,2023-06-17,C0022,P050,ST002,1,599,0,Mada,Completed
ORD16398,2023-08-25,C0031,P019,ST001,1,2299,0,Mada,Completed
ORD13977,2024-12-14,C0414,P049,ST003,1,399,0,Mada,Completed
ORD13318,2023-08-01,C0102,P014,ST003,1,5499,0,Apple Pay,Completed
ORD15812,2024-08-05,C0268,P027,ST004,1,3499,0,Visa,Completed
ORD13397,2024-02-23,C0416,P050,ST002,1,599,0.1,Mada,Completed
ORD15716,2024-09-09,c0277,P039,ST001,1,1499,0,Mada,Completed
ORD11987,2024-02-05,C0314,P026,ST003,1,6799,0.1, Mastercard  ,Completed
ORD12504,2023-08-15,C0375,P007,ST001,1,2999,0.05,Visa,Completed
ORD16414,2023-11-04,C0318,P022,ST002,2,1799,0,Mastercard,Completed
ORD11314,2024-03-30,C0311,P018,ST001,1,999,0,Mada,Completed
ORD12225,2023-02-02,C0500,P017,ST003,1,1899,0,Mada,Completed
ORD12473,2023-05-31,C0456,P041,ST002,1,10999,0.05,Cash,Completed
ORD15598,2024-03-05,C0470,P050,ST003,1,599,0.05,Visa,Completed
ORD10706,2024-04-04,C0204,P031,ST001,1,2699,0.2,Visa,Completed
ORD11207,2023-12-27,C0469,P015,ST003,1,2899,0,Mastercard,Completed
ORD15806,2023-12-19,C0154,P029,ST003,1,4999,0,Cash,Completed
ORD15429,2023-02-06,C0433,P048,ST003,1,89,0.05,Bank Transfer,Completed
ORD11916,2024-11-23,C0216,P015,ST001,1,2899,0,Cash,Completed
ORD10203,2024-07-07,C0412,P034,ST001,2,3299,0,Visa,Completed
ORD10039,2023-05-26,C0050,P014,ST001,1,5499,0,Mastercard,Completed
ORD15184,2023-10-04,C0013,P033,ST001,1,2699,0.1,Mada,Completed
ORD14001,2023-11-13,C0054,P008,ST002,1,8999,0.1,Visa,Completed
ORD11507,2024-07-22,C0169,P038,ST002,2,2199,0.15,Mada,Completed
ORD10105,2023-02-27,C0182,P037,ST004,2,2299,0.1,Bank Transfer,Completed
ORD10914,2024-04-30,C0009,P016,ST002,1,3699,0,Bank Transfer,Completed
ORD11606,2023-11-22,C0122,P042,ST001,1,11499,0.05,Mastercard,Completed
ORD12508,2024-03-07,C0053,P045,ST001,1,599,0.1,Mada,Completed
ORD12738,2024-11-10,C0276,P011,ST001,1,2799,0,Mastercard,Completed
ORD16638,2024-01-15,C0310,P004,ST004,1,4599,0.15,Mada,Completed
ORD13473,2023-09-25,C0162,P036,ST003,1,599,0,Mastercard,Cancelled
ORD16782,2023-07-23,C0473,P050,ST003,1,599,0.05,Visa,Completed
ORD12698,2024-03-03,C0090,P027,ST003,2,3499,0.05,Mada,Completed
ORD15636,2024-06-28,C0447,P014,ST002,1,5499,0,Mastercard,Completed
ORD16813,2024-09-06,C0128,P044,ST003,1,1099,0,Mastercard,Completed
ORD15733,2023-03-19,C0011,P038,ST002,1,2199,0.1,Bank Transfer,Completed
ORD12751,2024-04-13,C0222,P002,ST003,2,4299,0.1,Mada,Completed
ORD17239,2023-10-06,C0413,P030,ST001,1,6499,0.05,Apple Pay,Completed
ORD13409,2023-08-21,C0222,P038,ST003,3,2199,0,Visa,Completed
ORD12207,2024-03-06,C0222,P046,ST001,1,1199,0,Apple Pay,Completed
ORD12092,2024-04-08,C0123,P048,ST003,1,89,0,Mastercard,Completed
ORD13828,2023-08-29,C0380,P035,ST002,1,849,0,Visa,Completed
ORD16867,2023-12-21,C0087,P048,ST003,1,89,0,Apple Pay,Completed
ORD15777,2024-04-20,C0289,P044,ST001,3,1099,0.05,Visa,Completed
ORD13231,2023-06-17,C0313,P042,ST001,1,11499,0.1,Mada,Completed
ORD13124,2024-11-12,C0157,P034,ST002,1,3299,0.1,Visa,Completed
ORD16753,2024-01-08,C0417,P026,ST002,1,6799,0,Apple Pay,Completed
ORD10236,2023-04-09,C0258,P039,ST004,1,1499,0.1,Mada,Completed
ORD15129,2024-03-27,C0260,P044,ST002,4,1099,0,Mada,Completed
ORD15564,2024-04-15,C0223,P047,ST001,1,119,0.05,Mada,Completed
ORD10629,2023-08-15,C0361,P024,ST002,1,3999,0,Mada,Completed
ORD16514,2024-04-19,C0078,P009,ST002,3,4999,0.1,Mada,Completed
ORD10528,2024-11-18,C0063,P045,ST001,1,599,0.1,Mada,Completed
ORD14380,2024-03-21,C0041,P048,ST003,1,89,0,Visa,Completed
ORD11170,2023-06-05,C0403,P012,ST003,1,7299,0.15,Visa,Completed
ORD16789,2024-04-20,C0106,P002,ST002,1,4299,0,Visa,Completed
ORD14652,2023-04-04,C0469,P007,ST001,1,2999,0.05,Cash,Returned
ORD14023,2024-03-11,C0044,P034,ST002,2,3299,0.15,Mada,Completed
ORD10185,2024-04-01,C0300,P004,ST002,1,4599,0,Visa,Completed
ORD15146,2023-06-23,C0330,P048,ST002,1,89,0.05,Bank Transfer,Completed
ORD12984,2024-03-28,C0011,P047,ST001,4,119,0,Cash,Completed
ORD14353,2023-08-18,C0179,P012,ST003,1,7299,0,Mada,Completed
ORD15658,2024-07-31,C0497,P015,ST003,1,2899,0.1,Mastercard,Completed
ORD10133,2024-09-25,C0354,P003,ST003,1,3499,0.1,Cash,Completed
ORD10372,2024-04-04,C0278,P040,ST001,1,349,0,Mada,Completed
ORD15818,2023-04-15,C0213,P048,ST003,1,89,0,Mada,Completed
ORD14607,2023-07-19,C0373,P014,ST003,1,5499,0.1,Mada,Completed
ORD14300,2024-03-04,C0301,P005,ST002,2,1599,0.1,Mada,Completed
ORD13630,2024-04-12,C0121,P034,ST001,1,3299,0,Mada,Completed
ORD10999,2024-10-07,C0371,P031,ST001,1,2699,0.05,Apple Pay,Completed
ORD10378,2023-11-29,C0434,P031,ST001,1,2699,0,Cash,Completed
ORD15274,2023-04-16,C0026,P008,ST001,1,8999,0,Mastercard,Completed
ORD16652,2023-01-18,C0148,P028,ST001,1,4299,0,Mada,Completed
ORD16565,2023-08-30,C0488,P024,ST001,1,3999,0.15,Visa,Completed
ORD10594,2024-06-17,C0304,P002,ST002,1,4299,0.1,Apple Pay,Completed
ORD15190,2024-03-26,C0193,P044,ST001,1,1099,0,Cash,Completed
ORD13207,2023-01-18,C0065,P025,ST002,1,2299,0.2,Apple Pay,Completed
ORD11871,2023-06-01,C0350,P029,ST002,1,4999,0,Mada,Completed
ORD15166,2024-02-21,C0319,P028,ST004,4,4299,0.05,Visa,Completed
ORD13278,2024-06-24,C0417,P013,ST002,2,4299,0.15,Mada,Completed
ORD14248,2024-06-06,C0179,P003,ST001,1,3499,0,Cash,Completed
ORD16523,2023-07-06,C0467,P017,ST003,1,1899,0.05,Visa,Completed
ORD11722,2024-08-03,C0161,P006,ST003,1,3999,0,Mada,Completed
ORD10738,2023-07-14,C0479,P021,ST004,2,849,0.1,Visa,Completed
ORD11650,2024-01-09,C0453,P004,ST003,1,4599,0,Cash,Completed
ORD14324,2023-06-02,C0391,P027,ST001,2,3499,0,Mada,Completed
ORD11927,2023-07-07,C0231,P007,ST001,1,2999,0,Visa,Completed
ORD17179,2023-01-02,C0376,P012,ST002,2,7299,0.05,Visa,Completed
ORD14825,2024-07-01,C0028,P023,ST002,1,3699,0.1,Mastercard,Completed
ORD14622,2023-11-08,C0139,P017,ST002,1,1899,0,Apple Pay,Completed
ORD12727,2023-04-06,C0319,P005,ST002,2,1599,0,Apple Pay,Completed
ORD12394,2023-04-12,C0432,P045,ST002,1,599,0,Mastercard,Completed
ORD16240,2023-08-13,C0165,P046,ST002,1,1199,0,Apple Pay,Cancelled
ORD15916,2024-12-12,C0043,P009,ST001,1,4999,0.05,Mada,Completed
ORD10897,2024-04-03,C0139,P045,ST001,1,599,0.1,Apple Pay,Completed
ORD13256,2023-09-11,C0163,P002,ST002,1,4299,0.05,Mada,Completed
ORD11302,2023-05-25,C0158,P014,ST004,1,5499,0,Mada,Completed
ORD16332,2023-05-26,C0380,P044,ST003,3,1099,0,Mada,Completed
ORD15409,2023-08-16,C0366,P019,ST003,1,2299,0,Mastercard,Completed
ORD11754,2024-10-28,C0275,P016,ST003,1,3699,0,Visa,Completed
ORD13894,2023-12-29,C0307,P046,ST001,3,1199,0,Mastercard,Completed
ORD12493,2024-07-10,C0045,P031,ST001,1,2699,0.05,Mada,Completed
ORD14885,2024-01-30,C0427,P013,ST004,2,4299,0.05,Mastercard,Completed
ORD14252,2024-04-07,C0060,P001,ST001,3,5999,0,Bank Transfer,Completed
ORD11206,2024-07-14,C0433,P049,ST003,1,399,0.1,Mada,Completed
ORD15482,2023-04-12,C0126,P045,ST002,1,599,0,Visa,Completed
ORD14633,2024-06-14,C0082,P003,ST003,1,3499,0.05,Mada,Completed
ORD16406,2024-03-14,C0096,P006,ST001,1,3999,0,Mada,Completed
ORD11545,2023-03-20,C0295,P008,ST001,2,8999,0.05,Visa,Completed
ORD10062,2024-03-14,C0448,P009,ST003,2,4999,0,Mada,Completed
ORD11325,2023-10-16,C0312,P025,ST002,1,2299,0,Mada,Completed
ORD10508,2024-03-01,C0291,P003,ST002,1,3499,0.1,Visa,Completed
ORD12856,2023-11-23,C0314,P002,ST001,1,4299,0,Cash,Completed
ORD12074,2023-01-27,C0018,P030,ST001,1,6499,0.1,Mada,Completed
ORD15521,2023-10-28,C0363,P040,ST002,1,349,0,Mada,Completed
ORD13725,2024-03-01,C0333,P033,ST001,1,2699,0%,Cash,Completed
ORD11717,2024-04-13,C0467,P031,ST003,2,2699,0,Mada,Completed
ORD12006,2023-12-18,C0155,P026,ST002,2,6799,0,Visa,Completed
ORD13073,2023-08-16,C0165,P002,ST002,1,4299,0,Visa,Completed
ORD13333,2023-10-20,C0241,P043,ST002,1,1899,0,Visa,Completed
ORD13103,2024-04-26,C0242,P033,ST004,1,2699,0.1,Visa,Completed
ORD12236,2024-04-07,C0213,P023,ST004,2,3699,0,Mada,Completed
ORD17063,2024-02-26,C0322,P048,ST001,2,89,0,Apple Pay,Completed
ORD15497,2023-04-10,C0382,P030,ST004,1,6499,0,Visa,Completed
ORD12703,2023-07-05,C0339,P046,ST001,4,1199,0,Visa,Completed
ORD16020,2024-08-24,C0197,P034,ST002,1,3299,0,Mastercard,Completed
ORD15824,2023-07-04,C0034,P013,ST002,1,4299,0.05,Apple Pay,Completed
ORD10637,2024-04-26,C0127,P041,ST001,3,10999,0.1,Mada,Completed
ORD16027,2024-10-09,C0003,P040,ST002,1,349,0,Mada,Completed
ORD15535,2024-04-04,C0202,P037,ST003,2,2299,0.1,Mada,Completed
ORD13802,2024-03-09,C0331,P022,ST004,1,1799,0.1,Apple Pay,Returned
ORD14059,2024-02-10,C0143,P049,ST004,1,399,0,Visa,Completed
ORD10832,2024-04-10,C0217,P037,ST003,1,2299,0.05,Mada,Completed
ORD11086,2024-03-10,C0486,P044,ST002,1,1099,0,Mastercard,Completed
ORD14099,2024-04-02,C0263,P025,ST003,2,2299,0.2,Mastercard,Completed
ORD16664,2024-07-19,C0198,P001,ST002,1,5999,0,Visa,Completed
ORD16791,2023-02-15,C0410,P014,ST002,2,5499,0,Apple Pay,Completed
ORD11949,2023-04-23,C0384,P010,ST001,3,6999,0.15,Mada,Completed
ORD16847,2024-02-16,C0175,P041,ST003,3,10999,0,Mada,Completed
ORD11055,2024-10-25,C0362,P002,ST001,1,4299,0.05,Apple Pay,Completed
ORD16023,2024-03-26,C0098,P007,ST003,1,2999,0,Mastercard,Returned
ORD10737,2023-04-29,C0001,P021,ST001,3,849,0,Mastercard,Completed
ORD11151,2024-01-06,C0478,P046,ST003,1,1199,0.05,Mada,Completed
ORD11788,2024-04-01,C0329,P004,ST002,2,4599,0.15,Apple Pay,Completed
ORD10449,2024-09-19,C0377,P044,ST003,1,1099,0.1,Visa,Completed
ORD13884,2023-06-22,C0213,P041,ST003,1,10999,0,Visa,Completed
ORD11183,2023-04-09,C0219,P034,ST001,1,3299,0.1,Bank Transfer,Completed
ORD13185,2023-03-07,C0374,P031,ST003,4,2699,0,Visa,Completed
ORD11203,2024-04-27,C0014,P048,ST003,2,89,0.05,Mada,Completed
ORD12517,2023-01-25,C0169,P019,ST001,3,2299,0.05,Mada,Completed
ORD13281,2023-03-28,C0182,P031,ST003,2,2699,0.05,Mada,Completed
ORD14621,03/04/2024,C0396,P038,ST002,1,2199,0,Mada,Completed
ORD16145,2023-04-07,C0290,P026,ST001,2,6799,0.05,Visa,Completed
ORD16081,2023-01-12,C0306,P038,ST003,1,2199,0.1, Mada  ,Completed
ORD15438,2024-09-16,C0253,P041,ST004,1,10999,0.1,Visa,Completed
ORD15942,2023-04-29,C0367,P032,ST002,1,2199,0,Mada,Completed
ORD13337,2024-03-10,C0012,P028,ST002,1,4299,0.2,Mada,Completed
ORD13454,2024-04-07,C0053,P046,ST001,1,1199,0,Cash,Completed
ORD14651,2023-01-02,C0197,P033,ST004,2,2699,0,Visa,Completed
ORD11602,2023-08-29,C0498,P025,ST002,1,2299,0,Mada,Completed
ORD16784,2023-09-12,C0388,P013,ST002,1,4299,0.15,Visa,Completed
ORD17127,2024-05-11,C0402,P037,ST002,1,2299,0,Visa,Completed
ORD10330,2024-10-02,C0169,P028,ST002,4,4299,0.15,Mada,Completed
ORD16876,2024-04-26,C0150,P049,ST002,1,399,0,Visa,Completed
ORD11228,2023-12-26,C0132,P022,ST002,1,1799,0,Mastercard,Completed
ORD14122,2023-04-26,C0114,P022,ST003,1,1799,0.15,Mastercard,Completed
ORD15224,2023-05-31,C0185,P022,ST003,2,1799,0,Mada,Completed
ORD10906,2023-03-28,C0028,P026,ST001,1,6799,0,Visa,Completed
ORD14283,2024-04-28,C0204,P046,ST001,1,1199,0,Mada,Completed
ORD13329,2023-11-01,C0299,P035,ST002,1,849,0,Mastercard,Completed
ORD12068,2024-08-11,C0153,P024,ST001,1,3999,0,Mada,Completed
ORD14391,2024-08-02,C0225,P016,ST001,1,3699,0.15,Apple Pay,Completed
ORD14783,2023-02-26,C0130,P040,ST004,1,349,0,Mada,Completed
ORD12195,2024-03-16,C0191,P005,ST002,1,1599,0,Mada,Completed
ORD14216,2024-04-04,C0453,P013,ST004,1,4299,0,Cash,Completed
ORD11306,2023-12-06,C0467,P021,ST004,2,849,0,Mastercard,Completed
ORD16378,2024-04-01,C0406,P024,ST002,4,3999,0,Mada,Completed
ORD13363,2023-10-14,C0441,P009,ST001,1,4999,0.1,Mada,Completed
ORD11571,2023-07-16,C0160,P010,ST002,1,6999,0.1,Mada,Completed
ORD14634,2023-12-22,C0232,P037,ST003,1,2299,0.05,Visa,Completed
ORD13461,2023-01-23,C0336,P014,ST001,2,5499,0,Cash,Completed
ORD16246,2024-02-29,C0448,P023,ST002,2,3699,0,Mada,Completed
ORD12011,01/03/2024,C0047,P026,ST003,1,6799,0,Mada,Completed
ORD13885,2024-08-27,C0212,P025,ST003,2,2299,0,Visa,Completed
ORD12757,2023-08-23,C0136,P009,ST001,2,4999,0.05,Cash,Completed
ORD14824,2023-06-11,C0108,P025,ST003,1,2299,0,Visa,Completed
ORD11003,2023-08-04,C0085,P040,ST001,1,349,0,Mada,Completed
ORD15141,2024-04-17,C0307,P011,ST004,1,2799,0.05,Mada,Completed
ORD13125,2024-12-11,C0239,P007,ST003,2,2999,0.1,Mada,Returned
ORD14072,2024-03-22,C0106,P044,ST001,1,1099,0,Visa,Completed
ORD12039,2024-05-31,C0394,P047,ST001,1,119,0.05,Mada,Completed
ORD16796,2024-03-20,C0267,P019,ST002,1,2299,0.15,Apple Pay,Completed
ORD15523,2023-07-29,C0267,P043,ST003,1,1899,0,Visa,Completed
ORD14246,2024-09-30,C0333,P023,ST002,1,3699,0.1,Apple Pay,Completed
ORD14580,2023-01-03,C0307,P032,ST001,2,2199,0,Cash,Completed
ORD15298,2024-04-02,C0497,P047,ST002,2,119,0,Bank Transfer,Completed
ORD14024,2023-08-26,C0078,P013,ST001,3,4299,0,Mada,Completed
ORD10085,2023-11-15,C0402,P001,ST002,1,5999,0,Mastercard,Completed
ORD10019,29/01/2024,C0499,P045,ST001,1,599,0,Mada,Completed
ORD13501,2023-10-24,C0223,P022,ST002,2,1799,0,Bank Transfer,Completed
ORD12632,2024-07-24,C0471,P002,ST003,1,4299,0.15,Apple Pay,Completed
ORD14161,2023-12-28,C0292,P040,ST004,2,349,0.05,Visa,Completed
ORD17153,2023-04-30,C0356,P024,ST001,1,3999,0,Apple Pay,Completed
ORD12696,2024-04-24,C0352,P003,ST001,1,3499,0,Cash,Completed
ORD15144,2024-04-15,C0200,P025,ST002,1,2299,0,Apple Pay,Completed
ORD10110,2024-06-22,C0301,P024,ST004,1,3999,0.05,Mada,Completed
ORD10937,2023-05-04,C0228,P007,ST001,1,2999,0.1,Apple Pay,Completed
ORD16653,2024-10-04,C0024,P039,ST002,1,1499,0,Apple Pay,Completed
ORD10725,2023-09-03,C0448,P025,ST003,1,2299,0.2,Mada,Completed
ORD17049,2023-01-23,C0118,P011,ST002,1,2799,0,Mada,Cancelled
ORD14928,2023-01-06,C0151,P025,ST003,1,2299,0.1,Mada,Completed
ORD12029,2024-11-17,C0422,P011,ST002,1,2799,0.1, Visa  ,Completed
ORD11265,2024-09-25,C0158,P049,ST002,2,399,0,Mada,Completed
ORD14851,2024-12-08,C0011,P007,ST003,1,2999,0,Cash,Completed
ORD10671,2024-11-05,C0354,P044,ST002,2,1099,0.1,Mada,Completed
ORD17131,2024-05-11,C0353,P021,ST004,1,849,0.05,Mada,Completed
ORD12583,2024-04-26,C0356,P007,ST004,1,2999,0.05,Cash,Completed
ORD13614,2024-11-15,C0328,P027,ST001,1,3499,0,Bank Transfer,Completed
ORD10640,2023-03-08,C0222,P029,ST001,1,4999,0.05,Mastercard,Completed
ORD13466,2023-09-12,C0259,P029,ST004,1,4999,0.15,Mada,Completed
ORD14875,2023-04-28,C0127,P031,ST001,1,2699,0,Mastercard,Completed
ORD10526,2023-04-26,C0402,P044,ST002,1,1099,0,Visa,Completed
ORD10839,2023-12-31,C0258,P007,ST003,1,2999,0.1, Apple Pay  ,Completed
ORD14241,2023-01-22,C0031,P002,ST004,2,4299,0,Cash,Completed
ORD14206,2023-03-19,C0210,P032,ST004,1,2199,0.2,Mastercard,Completed
ORD11041,2024-07-04,C0180,P040,ST001,1,349,0,Apple Pay,Completed
ORD11091,2024-09-24,C0021,P047,ST003,2,119,0,Visa,Completed
ORD10824,2024-06-29,C0296,P006,ST001,1,3999,0,Apple Pay,Completed
ORD16139,2023-05-15,C0191,P012,ST003,1,7299,0.15,Mastercard,Completed
ORD12860,22/02/2023,C0440,P022,ST001,1,1799,0,Mada,Completed
ORD15553,2024-12-09,C0496,P018,ST001,2,999,0,Mastercard,Completed
ORD11163,2023-07-30,C0468,P008,ST002,1,8999,0,Visa,Completed
ORD14586,2024-01-29,C0295,P013,ST001,1,4299,0,Cash,Completed
ORD13845,2023-04-26,C0211,P030,ST004,2,6499,0.05,Bank Transfer,Completed
ORD10003,2023-09-03,C0158,P025,ST003,1,2299,0.05,Visa,Completed
ORD10879,2024-11-06,C0315,P022,ST001,4,1799,0,Mada,Completed
ORD10373,2023-05-25,C0314,P037,ST003,1,2299,0,Visa,Completed
ORD11202,2024-12-27,C0226,P048,ST002,1,89,0.05,Mastercard,Completed
ORD10693,2024-07-08,C0089,P015,ST002,1,2899,0,Mastercard,Completed
ORD17217,2024-04-04,C0432,P025,ST002,4,2299,0,Mada,Completed
ORD14343,2024-10-13,C0314,P032,ST001,1,2199,10%,Bank Transfer,Completed
ORD12694,2024-12-01,C0218,P033,ST003,1,2699,0,Visa,Completed
ORD14211,2024-05-05,C0041,P018,ST002,1,999,0.05,Visa,Completed
ORD16364,2024-03-31,C0377,P042,ST003,1,11499,0,Cash,Completed
ORD17101,2024-10-24,C0329,P036,ST003,1,599,0.15,Mada,Completed
ORD14752,2024-08-24,C0493,P026,ST004,2,6799,0.05,Cash,Completed
ORD12708,2024-09-21,C0055,P021,ST002,1,849,0.1,Mada,Completed
ORD15463,2023-09-23,C0408,P019,ST003,1,2299,0,Mastercard,Completed
ORD16596,2023-04-16,C0167,P034,ST004,1,3299,0,Mada,Completed
ORD10101,2024-07-17,C0453,P025,ST001,1,2299,0,Mada,Completed
ORD13082,2024-01-09,C0008,P011,ST001,1,2799,0,Visa,Completed
ORD11677,2023-04-15,C0417,P015,ST002,1,2899,0.15,Visa,Completed
ORD12313,2024-03-22,C0050,P010,ST003,2,6999,0,Mada,Completed
ORD13849,2024-04-17,C0229,P036,ST001,1,599,0.15,Cash,Completed
ORD17032,2024-08-19,C0401,P024,ST003,1,3999,0.2,Mada,Completed
ORD10874,2023-03-22,C0324,P047,ST001,1,119,0,Mada,Completed
ORD11149,2024-07-13,C0072,P034,ST001,2,3299,0.05,Mada,Completed
ORD12148,2023-05-21,C0155,P033,ST003,1,2699,0,Cash,Completed
ORD11841,2023-05-14,C0002,P004,ST002,1,4599,0,Apple Pay,Completed
ORD16220,2023-09-04,C0097,P050,ST002,4,599,0.1,Mastercard,Completed
ORD16917,2023-12-25,C0445,P003,ST001,1,3499,0,Mada,Completed
ORD15200,2024-11-28,C0366,P018,ST002,2,999,0.15,Mada,Completed
ORD12847,2023-07-31,C0307,P020,ST003,1,1499,0,Cash,Completed
ORD12633,2023-05-08,C0299,P050,ST001,1,599,0,Mada,Completed
ORD13665,2024-10-26,C0435,P021,ST001,1,849,0.15,Cash,Completed
ORD15634,2024-04-03,C0250,P033,ST002,1,2699,0.05,Visa,Completed
ORD10831,2024-03-21,C0203,P049,ST001,1,399,0,Mastercard,Completed
ORD16582,2023-06-10,C0382,P046,ST003,1,1199,0,Cash,Completed
ORD11802,2024-04-25,C0375,P003,ST001,1,3499,0.05,Bank Transfer,Completed
ORD12399,2024-03-14,C0029,P046,ST001,1,1199,0.05,Mastercard,Completed
ORD16895,2024-06-08,C0470,P047,ST004,1,119,0,Visa,Completed
ORD12216,2023-03-10,C0039,P003,ST001,1,3499,0,Cash,Completed
ORD15334,2024-02-02,C0011,P017,ST003,1,1899,0,Mastercard,Completed
ORD12472,2024-07-15,C0402,P016,ST003,1,3699,0,Cash,Completed
ORD12638,2023-06-03,C0019,P042,ST001,1,11499,0.1,Mada,Completed
ORD13445,2023-02-22,C0218,P032,ST001,1,2199,0,Cash,Completed
ORD13865,2023-10-02,C0090,P016,ST002,1,3699,0,Bank Transfer,Returned
ORD12778,2023-01-14,C0378,P030,ST001,1,6499,0.2,Mada,Completed
ORD11789,2024-04-01,C0418,P030,ST002,2,6499,0,Mada,Completed
ORD11550,2023-02-17,C0010,P048,ST001,1,89,0.1,Apple Pay,Completed
ORD17039,2023-07-21,C0323,P036,ST001,2,599,0,Mastercard,Completed
ORD10696,2024-08-05,C0199,P039,ST004,1,1499,0.05,Bank Transfer,Completed
ORD13060,2023-03-31,C0336,P044,ST001,1,1099,0,Visa,Completed
ORD16121,2023-06-12,C0446,P049,ST003,1,399,0,Mada,Completed
ORD10118,2023-01-21,C0083,P005,ST004,1,1599,0.1,Visa,Completed
ORD11387,2024-07-19,C0113,P002,ST001,1,4299,0,Bank Transfer,Completed
ORD14620,2024-12-29,C0018,P031,ST001,1,2699,0.2,Mada,Completed
ORD14615,2023-03-16,C0028,P028,ST003,2,4299,0,Visa,Completed
ORD16520,2024-04-19,C0335,P017,ST001,1,1899,0.05,Mada,Completed
ORD14425,2024-01-24,C0356,P040,ST002,1,349,0,Apple Pay,Completed
ORD14583,2023-12-23,C0337,P014,ST001,1,5499,0,Mada,Completed
ORD11268,2023-06-26,C0295,P037,ST003,2,2299,0.05,Mada,Completed
ORD15036,2024-07-22,C0105,P026,ST003,1,6799,0,Mada,Completed
ORD10042,2023-07-10,C0231,P002,ST002,1,4299,0.1, Visa  ,Completed
ORD11341,2024-11-19,C0130,P024,ST002,3,3999,0,Mada,Completed
ORD11863,2024-02-13,C0433,P024,ST001,1,3999,0,Mada,Completed
ORD13121,2023-04-22,C0334,P047,ST001,1,119,0,Mada,Completed
ORD11806,2023-07-01,C0161,P043,ST003,1,1899,0,Apple Pay,Completed
ORD15208,2023-06-30,C0040,P032,ST003,1,2199,0.1,Visa,Completed
ORD15410,2023-06-08,C0005,P029,ST001,2,4999,0,Cash,Completed
ORD15002,2023-04-29,C0207,P015,ST001,1,2899,0,Visa,Completed
ORD15388,2024-08-29,C0243,P013,ST002,1,4299,0.2,Mada,Returned
ORD13113,2024-10-16,C0476,P009,ST003,1,4999,0.05,Visa,Completed
ORD13907,2023-12-05,C0433,P019,ST003,1,2299,0.1,Mada,Completed
ORD10607,2023-05-22,C0373,P029,ST002,1,4999,0,Cash,Completed
ORD12929,2024-12-26,C0363,P025,ST004,1,2299,0.2,Apple Pay,Completed
ORD10621,2024-01-25,C0024,P014,ST003,1,5499,0,Visa,Completed
ORD11872,2024-04-02,C0183,P003,ST002,3,3499,0.05,Apple Pay,Completed
ORD16496,2023-05-22,C0315,P026,ST001,1,6799,0,Visa,Completed
ORD15507,25/07/2024,C0262,P009,ST001,2,4999,0.15,Visa,Completed
ORD13120,2024-01-30,C0232,P019,ST004,1,2299,0,Bank Transfer,Completed
ORD11779,2024-04-16,C0152,P006,ST001,1,3999,0, Mada  ,Completed
ORD13465,2024-03-16,C0495,P024,ST002,1,3999,0,Mastercard,Completed
ORD11597,2024-08-31,C0221,P035,ST002,2,849,0,Visa,Completed
ORD16307,2024-03-18,C0155,P018,ST002,1,999,0,Bank Transfer,Completed
ORD13340,2024-03-16,C0363,P027,ST001,1,3499,0.15,Visa,Completed
ORD12277,2023-02-21,C0211,P034,ST001,1,3299,0,Mada,Completed
ORD16894,2023-07-17,C0122,P020,ST001,1,1499,0,Apple Pay,Completed
ORD11433,2023-01-03,C0352,P019,ST001,4,2299,0,Mastercard,Completed
ORD10376,2024-04-21,C0351,P045,ST001,1,599,0,Cash,Completed
ORD16289,2024-10-29,C0360,P015,ST002,1,2899,0.05, Mastercard  ,Completed
ORD14681,2024-04-17,C0201,P002,ST002,1,4299,0,Mastercard,Completed
ORD10680,2024-08-05,C0331,P037,ST002,1,2299,0,Visa,Completed
ORD11129,2023-07-07,C0091,P016,ST003,1,3699,0.05,Mastercard,Completed
ORD15223,2023-02-01,C0119,P004,ST002,1,4599,0.05,Mada,Completed
ORD15426,2024-03-11,C0291,P010,ST001,1,6999,0,Cash,Completed
ORD11652,2024-12-10,C0274,P033,ST002,1,2699,0,Mada,Completed
ORD12305,2023-01-19,C0412,P046,ST001,1,1199,0,Mastercard,Completed
ORD11506,11/06/2023,C0086,P007,ST001,1,2999,0.05,Visa,Completed
ORD11456,2023-12-03,C0375,P002,ST004,1,4299,0.15,Mastercard,Completed
ORD10124,2023-07-09,C0239,P012,ST002,1,7299,0,Apple Pay,Completed
ORD10240,2023-01-08,C0412,P001,ST001,1,5999,0,Visa,Completed
ORD11813,2023-02-02,C0146,P033,ST002,1,2699,0.2,Visa,Completed
ORD11953,2024-06-04,C0086,P001,ST004,1,5999,0,Visa,Completed
ORD15325,2024-09-25,C0186,P018,ST003,1,999,0.1,Visa,Completed
ORD11171,2023-11-10,C0014,P017,ST002,1,1899,0,Apple Pay,Completed
ORD11001,2023-10-14,C0266,P020,ST001,1,1499,0,Mastercard,Completed
ORD11477,2024-03-14,C0374,P034,ST001,2,3299,0,Mada,Completed
ORD10161,2023-02-19,C0354,P007,ST001,1,2999,0,Visa,Completed
ORD15407,2023-07-05,C0003,P049,ST001,1,399,0,Visa,Completed
ORD12762,23/03/2023,C0044,P036,ST001,1,599,0.05,Mastercard,Returned
ORD10150,2023-12-10,C0404,P015,ST001,1,2899,0,Visa,Completed
ORD13042,2023-04-24,C0427,P007,ST001,1,2999,0.1,Mada,Completed
ORD16266,2023-09-02,C0160,P037,ST003,2,2299,0,Visa,Returned
ORD13148,2023-02-25,C0456,P021,ST002,1,849,0,Mada,Completed
ORD16982,2024-03-14,C0032,P034,ST003,1,3299,0,Cash,Completed
ORD14989,2023-10-23,C0221,P013,ST001,4,4299,0,Apple Pay,Completed
ORD11651,2024-05-15,C0292,P030,ST004,1,6499,0,Mastercard,Completed
ORD10855,2024-03-05,C0459,P017,ST003,1,1899,0,Mada,Completed
ORD12090,2024-06-24,C0087,P012,ST001,1,7299,0.1,Mada,Completed
ORD12531,2023-02-02,C0176,P009,ST002,1,4999,0.05,Apple Pay,Completed
ORD17027,2023-02-13,C0448,P035,ST001,2,849,0,Visa,Completed
ORD13075,2023-06-20,C0296,P040,ST002,1,349,0.15,Mada,Completed
ORD16666,2024-03-16,C0433,P019,ST001,1,2299,0,Mada,Completed
ORD11484,2024-01-23,C0075,P029,ST003,1,4999,0.1,Visa,Completed
ORD11803,2023-04-15,C0260,P006,ST001,4,3999,0,Mada,Completed
ORD12925,2023-08-17,C0036,P048,ST002,2,89,0.15,Mada,Completed
ORD16694,2024-03-25,C0247,P011,ST003,1,2799,0,Visa,Completed
ORD12822,2023-07-18,C0341,P018,ST001,1,999,0,Apple Pay,Completed
ORD14194,2023-08-17,C0314,P010,ST002,1,6999,0,Visa,Completed
ORD15095,2023-08-17,C0245,P022,ST001,1,1799,0.2,Apple Pay,Completed
ORD14627,2023-05-04,C0052,P031,ST003,1,2699,0,Visa,Completed
ORD12161,2024-02-08,C0265,P010,ST002,2,6999,0, Bank Transfer  ,Completed
ORD10638,2023-12-15,C0398,P034,ST003,2,3299,0.15,Visa,Completed
ORD14569,2024-06-09,C0265,P042,ST003,1,11499,0.05,Mastercard,Completed
ORD13913,2024-05-08,C0160,P011,ST001,1,2799,0,Visa,Completed
ORD12833,2023-10-03,C0119,P037,ST002,1,2299,0,Mada,Completed
ORD12739,2023-04-06,C0347,P035,ST002,2,849,0,Mastercard,Completed
ORD13233,2024-04-25,C0375,P017,ST002,1,1899,0,Mada,Completed
ORD11153,2023-02-02,C0295,P021,ST003,2,849,0,Mada,Completed
ORD15701,2024-03-12,C0277,P027,ST001,1,3499,0.05,Mastercard,Completed
ORD13928,2023-05-20,C0299,P038,ST003,1,2199,0,Visa,Completed
ORD10889,2024-01-30,C0312,P014,ST001,1,5499,0,Apple Pay,Completed
ORD15162,2024-04-02,C0021,P037,ST001,1,2299,0,Apple Pay,Completed
ORD11902,2023-08-01,C0309,P045,ST003,1,599,0,Cash,Completed
ORD13160,2023-05-07,C0122,P017,ST003,1,1899,0.05,Mastercard,Returned
ORD15040,2024-03-19,C0408,P032,ST002,1,2199,0,Apple Pay,Completed
ORD14658,2024-06-22,C0489,P030,ST002,1,6499,0,Mada,Completed
ORD11014,2023-11-04,C0201,P043,ST003,1,1899,0.1, Visa  ,Completed
ORD14656,2023-11-08,C0241,P045,ST003,1,599,0.1,Visa,Completed
ORD14729,2024-02-16,C0288,P038,ST002,1,2199,0,Visa,Completed
ORD10283,2024-03-10,C0047,P046,ST001,1,1199,0,Visa,Completed
ORD13577,2024-09-29,C0121,P042,ST004,1,11499,0,Mastercard,Completed
ORD10026,2023-09-06,C0138,P025,ST001,1,2299,0,Mada,Completed
ORD11996,2024-03-06,C0284,P030,ST002,1,6499,0,Mada,Completed
ORD12932,2024-07-23,C0060,P050,ST002,3,599,0,Mastercard,Returned
ORD15758,05/09/2024,C0454,P020,ST001,2,1499,0.15,Mada,Completed
ORD16802,2023-04-04,C0056,P039,ST004,1,1499,0,Mastercard,Completed
ORD14116,2024-04-25,C0002,P048,ST002,1,89,0,Visa,Completed
ORD16719,2024-03-05,C0104,P037,ST001,2,2299,0.05,Mada,Completed
ORD10675,2024-09-09,C0106,P005,ST001,3,1599,0,Mastercard,Completed
ORD11115,2024-09-13,C0031,P002,ST002,1,4299,0.1,Visa,Completed
ORD11811,2024-01-10,C0005,P043,ST004,2,1899,0,Mada,Returned
ORD13285,2023-10-13,C0350,P032,ST002,1,2199,0.05,Mada,Completed
ORD15294,2024-06-16,C0152,P021,ST002,2,849,0.15,Mada,Completed
ORD16715,2024-03-27,C0012,P041,ST003,1,10999,0,Visa,Completed
ORD12062,2023-07-17,C0066,P027,ST002,3,3499,0,Mada,Completed
ORD10848,2024-06-02,C0030,P044,ST003,1,1099,0.2,Mada,Completed
ORD13222,2024-04-01,C0066,P039,ST002,1,1499,0,Mada,Completed
ORD12273,2024-01-12,C0424,P002,ST001,4,4299,0.1,Apple Pay,Completed
ORD15206,2023-09-01,C0396,P049,ST003,1,399,0.05,Bank Transfer,Completed
ORD10125,2024-03-03,C0117,P035,ST003,1,849,0.1,Apple Pay,Completed
ORD10073,2023-01-15,C0147,P004,ST001,3,4599,0,Visa,Completed
ORD10262,2023-07-11,C0095,P031,ST001,3,2699,0,Mada,Completed
ORD15799,24/04/2024,C0411,P011,ST002,1,2799,0,Apple Pay,Completed
ORD15572,2024-04-27,C0397,P042,ST001,1,11499,0,Mada,Completed
ORD14568,2024-04-15,C0131,P050,ST001,1,599,0,Mada,Completed
ORD14643,2024-10-22,C0168,P019,ST001,1,2299,0,Mada,Completed
ORD13489,2023-04-28,C0336,P048,ST003,1,89,0,Visa,Completed
ORD10228,2023-03-21,C0445,P015,ST002,1,2899,0,Cash,Completed
ORD14192,2024-07-25,C0354,P045,ST001,1,599,0.1,Mastercard,Completed
ORD11748,2023-03-10,C0366,P016,ST002,2,3699,0,Mada,Completed
ORD16675,2023-11-26,C0137,P034,ST002,1,3299,0.15,Mada,Completed
ORD13386,2024-04-13,C0152,P032,ST001,1,2199,0.1,Mada,Completed
ORD14759,2023-01-12,C0175,P043,ST003,1,1899,0,Apple Pay,Completed
ORD11616,2024-03-27,C0102,P031,ST001,1,2699,0,Cash,Completed
ORD15256,2024-03-20,C0062,P041,ST003,1,10999,0,Mada,Completed
ORD13724,2024-03-26,C0035,P001,ST002,2,5999,0,Mada,Completed
ORD10623,2024-05-31,C0386,P044,ST001,3,1099,0.05,Mada,Completed
ORD11583,2024-03-08,C0280,P043,ST002,1,1899,0,Mada,Completed
ORD16924,2023-10-09,C0004,P017,ST003,1,1899,0,Mastercard,Completed
ORD12784,2024-04-23,C0192,P026,ST001,1,6799,0.05,Mastercard,Completed
ORD15031,2024-04-20,C0313,P014,ST003,1,5499,0,Mada,Completed
ORD16781,2024-06-06,C0440,P036,ST002,1,599,0.15,Mada,Completed
ORD10856,2023-11-01,C0402,P027,ST001,1,3499,0,Mastercard,Completed
ORD14520,2024-02-29,C0326,P041,ST001,1,10999,0,Mada,Completed
ORD15768,2023-04-18,C0291,P045,ST003,1,599,0,Visa,Completed
ORD13555,2024-04-01,C0420,P048,ST003,1,89,0,Cash,Completed
ORD11530,2023-05-14,C0492,P034,ST003,1,3299,0,Mada,Completed
ORD10655,2024-01-14,C0452,P034,ST003,4,3299,0.2,Cash,Completed
ORD16382,2024-04-13,C0396,P021,ST002,1,849,0,Mada,Completed
ORD16204,2023-08-15,C0381,P025,ST002,1,2299,0,Visa,Completed
ORD10425,2024-05-15,C0067,P040,ST002,1,349,0.05,Mastercard,Completed
ORD15066,2024-10-14,C0107,P042,ST003,1,11499,0.1,Visa,Completed
ORD15020,2024-03-18,C0229,P025,ST003,1,2299,0,Apple Pay,Completed
ORD13343,2024-12-29,C0471,P043,ST002,1,1899,0,Mastercard,Returned
ORD13563,2023-01-22,C0134,P025,ST003,2,2299,0,Apple Pay,Completed
ORD16912,2024-09-29,C0486,P025,ST003,1,2299,0,Mada,Completed
ORD16849,2024-04-27,C0228,P007,ST001,1,2999,0,Mada,Completed
ORD13809,2023-09-20,C0066,P037,ST001,1,2299,0.2,Cash,Completed
ORD12747,2024-03-08,C0208,P039,ST001,1,1499,0.1,Mada,Completed
ORD16493,2024-06-04,C0102,P016,ST003,1,3699,0,Apple Pay,Completed
ORD11786,2024-05-30,C0144,P021,ST002,2,849,0.1,Mada,Completed
ORD15653,2023-11-26,C0162,P029,ST001,1,4999,0,Visa,Completed
ORD13159,2024-10-18,C0074,P037,ST002,2,2299,0.05,Visa,Completed
ORD14314,2024-06-20,C0128,P026,ST003,2,6799,0,Bank Transfer,Completed
ORD10567,2024-09-08,C0354,P040,ST001,1,349,0.05,Apple Pay,Completed
ORD15985,2024-04-08,C0082,P012,ST002,1,7299,0,Cash,Completed
ORD12546,2023-07-20,C0499,P007,ST003,3,2999,0.05,Bank Transfer,Completed
ORD10781,2024-04-07,C0468,P033,ST001,2,2699,0,Mada,Completed
ORD12478,2023-07-21,C0329,P050,ST001,1,599,0,Mada,Completed
ORD13487,2024-03-17,C0318,P028,ST001,1,4299,0.1,Mada,Completed
ORD14771,2024-09-17,C0401,P031,ST004,1,2699,0,Cash,Completed
ORD12050,2023-04-18,C0275,P021,ST003,1,849,0,Mastercard,Completed
ORD17207,2024-07-08,C0043,P041,ST001,1,10999,0.15,Mada,Completed
ORD14287,2024-09-21,C0182,P037,ST001,4,2299,0,Bank Transfer,Completed
ORD17160,2023-07-09,C0182,P040,ST003,4,349,0.05,Mada,Completed
ORD14003,2024-07-26,c0080,P003,ST001,2,3499,0,Bank Transfer,Completed
ORD15431,2024-03-10,C0111,P017,ST001,1,1899,0,Visa,Completed
ORD14708,2024-03-22,C0233,P008,ST004,2,8999,0,Visa,Completed
ORD15134,2024-03-09,C0061,P047,ST004,1,119,0.05,Mada,Completed
ORD16200,2023-06-15,C0060,P010,ST003,1,6999,0.1,Mada,Completed
ORD16097,2023-02-17,C0263,P042,ST002,1,11499,0,Mada,Completed
ORD16239,2024-10-06,C0327,P038,ST004,4,2199,0,Mastercard,Completed
ORD10543,2024-04-08,C0496,P023,ST002,4,3699,0.15,Cash,Completed
ORD10024,2023-07-11,C0182,P033,ST002,1,2699,0,Mastercard,Completed
ORD14085,2024-03-08,C0082,P029,ST003,2,4999,0.05,Visa,Completed
ORD10576,2024-09-08,C0365,P030,ST003,1,6499,0,Visa,Completed
ORD17151,2024-11-29,C0411,P007,ST004,1,2999,0,Mada,Completed
ORD16134,2024-04-16,C0437,P003,ST004,2,3499,0,Mada,Completed
ORD13183,2024-09-22,C0152,P009,ST002,1,4999,0.1,Mada,Completed
ORD11853,2024-06-09,C0305,P035,ST004,1,849,0.15,Mastercard,Returned
ORD15844,2023-11-04,C0241,P022,ST003,1,1799,0.1,Mastercard,Completed
ORD13709,2023-05-15,C0348,P003,ST002,1,3499,0.05,Mastercard,Completed
ORD12255,2024-07-05,C0491,P017,ST001,4,1899,0,Mada,Cancelled
ORD12514,2024-04-07,C0085,P050,ST001,3,599,0.15,Visa,Completed
ORD14644,2023-06-23,C0209,P043,ST002,1,1899,0,Mastercard,Completed
ORD11796,2024-04-25,C0036,P040,ST002,1,349,0.05,Mada,Completed
ORD16829,2023-08-11,C0337,P025,ST004,1,2299,0,Apple Pay,Completed
ORD10093,2023-11-18,C0136,P050,ST002,1,599,0,Mada,Completed
ORD16509,2023-05-05,C0151,P026,ST002,3,6799,0.05,Mastercard,Completed
ORD15045,2023-12-06,C0277,P046,ST004,1,1199,0,Visa,Completed
ORD12465,2023-12-07,C0081,P032,ST001,2,2199,0,Mada,Completed
ORD13360,2024-08-13,C0040,P033,ST002,1,2699,0.05,Visa,Completed
ORD13515,2024-05-21,C0168,P016,ST002,1,3699,0.1,Mastercard,Completed
ORD13410,2024-03-24,C0308,P041,ST001,1,10999,0,Visa,Completed
ORD11272,2024-09-30,C0149,P029,ST002,1,4999,0.05,Apple Pay,Completed
ORD13469,2023-10-03,C0394,P001,ST001,1,5999,0,Mada,Completed
ORD12141,2024-01-11,C0132,P033,ST002,1,2699,0,Mada,Completed
ORD13588,2024-10-18,C0254,P045,ST002,1,599,0.05,Apple Pay,Completed
ORD15361,2023-01-18,C0244,P002,ST002,1,4299,0.2,Mada,Completed
ORD16005,2024-12-10,C0217,P042,ST001,1,11499,0.1,Cash,Completed
ORD12213,2023-07-04,C0141,P011,ST001,2,2799,0,Mastercard,Completed
ORD16951,2024-12-08,C0169,P010,ST003,3,6999,0.15,Mada,Completed
ORD14316,2024-05-27,C0039,P020,ST002,3,1499,0,Apple Pay,Completed
ORD11043,2024-10-01,C0079,P042,ST002,1,11499,0,Mada,Completed
ORD15423,2024-03-28,C0390,P008,ST003,3,8999,0.1,Visa,Completed
ORD13911,2024-04-25,C0145,P037,ST001,1,2299,0.15,Mastercard,Completed
ORD15469,2024-03-21,C0441,P023,ST001,3,3699,0,Apple Pay,Completed
ORD10719,2024-12-14,C0361,P028,ST001,1,4299,0,Visa,Completed
ORD14817,2024-04-22,C0476,P046,ST002,1,1199,0, Visa  ,Completed
ORD10457,2024-03-27,C0336,P042,ST004,1,11499,0,Mada,Completed
ORD14073,2024-03-17,C0346,P002,ST003,1,4299,0,Apple Pay,Completed
ORD15209,2023-04-27,C0496,P011,ST002,1,2799,0,Visa,Completed
ORD14682,2024-11-20,C0178,P013,ST004,1,4299,0.05,Apple Pay,Completed
ORD10195,2024-12-02,C0441,P017,ST001,1,1899,10%,Apple Pay,Completed
ORD16629,2024-05-03,C0140,P001,ST001,1,5999,0.05,Visa,Completed
ORD10572,2024-03-01,C0019,P039,ST003,1,1499,0.2,Visa,Completed
ORD14599,2024-03-14,C0434,P026,ST002,1,6799,0,Mada,Completed
ORD12544,2024-04-21,C0039,P030,ST002,3,6499,0,Visa,Completed
ORD10259,2024-05-17,C0296,P033,ST003,1,2699,0,Visa,Completed
ORD17124,2023-09-19,C0470,P031,ST002,1,2699,0,Apple Pay,Completed
ORD11534,2024-06-27,C0124,P050,ST004,1,599,0,Visa,Completed
ORD14075,2024-12-02,C0218,P030,ST002,2,6499,0.05,Mastercard,Returned
ORD16045,2024-04-26,C0109,P026,ST001,1,6799,0.1,Visa,Completed
ORD10660,2024-01-18,C0327,P032,ST002,1,2199,0,Mastercard,Completed
ORD10903,2023-08-13,C0400,P029,ST002,2,4999,0,Mada,Completed
ORD15278,2023-12-20,C0146,P021,ST003,1,849,0,Visa,Completed
ORD17023,2024-04-21,C0266,P005,ST002,3,1599,0,Mada,Completed
ORD12819,2023-12-29,C0475,P033,ST001,1,2699,0,Cash,Completed
ORD13500,2024-05-23,c0187,P004,ST002,1,4599,0,Mada,Completed
ORD11269,2024-02-26,C0162,P048,ST001,1,89,0.15,Cash,Completed
ORD14184,2024-12-05,C0477,P041,ST004,1,10999,0,Apple Pay,Completed
ORD16714,2023-10-22,C0344,P036,ST003,1,599,0.05, Mastercard  ,Completed
ORD11658,2023-08-01,C0386,P045,ST003,3,599,0,Mada,Completed
ORD16022,2024-03-28,C0172,P045,ST004,2,599,0.1,Mada,Completed
ORD12290,2023-02-04,C0044,P026,ST003,1,6799,0.1,Visa,Completed
ORD11922,2024-03-07,C0183,P030,ST003,1,6499,0,Mastercard,Completed
ORD11787,2024-06-16,C0368,P034,ST004,1,3299,0.05,Mada,Completed
ORD15914,2024-11-23,C0256,P022,ST003,2,1799,0.1,Cash,Completed
ORD15672,2023-06-15,C0146,P012,ST001,2,7299,0,Mastercard,Completed
ORD15702,2024-04-07,C0451,P020,ST001,2,1499,0,Mada,Completed
ORD16863,2024-06-20,C0379,P017,ST001,1,1899,0,Mada,Completed
ORD12381,2024-09-18,C0036,P039,ST001,2,1499,0,Mastercard,Completed
ORD13933,2023-11-18,C0393,P019,ST002,4,2299,0,Mada,Completed
ORD13017,2023-07-04,C0249,P034,ST001,1,3299,0.1,Mada,Completed
ORD12373,2024-04-12,C0487,P047,ST004,1,119,0,Visa,Completed
ORD11574,2023-03-25,C0014,P022,ST003,2,1799,0.1,Mada,Completed
ORD11607,2023-01-31,C0318,P049,ST003,4,399,0,Visa,Completed
ORD13954,2023-12-21,C0007,P027,ST002,2,3499,0,Mada,Completed
ORD12400,2024-04-22,C0228,P046,ST002,1,1199,0.05,Mada,Completed
ORD15929,2024-06-08,C0480,P026,ST001,1,6799,0,Mada,Completed
ORD10549,2023-04-29,C0288,P003,ST004,1,3499,0.2,Visa,Completed
ORD10478,2024-03-02,C0025,P027,ST001,1,3499,0.15, Visa  ,Completed
ORD12316,2024-04-09,C0491,P018,ST002,1,999,0.05,Apple Pay,Completed
ORD15245,2024-07-11,C0277,P044,ST001,1,1099,0,Apple Pay,Completed
ORD13317,2023-02-06,C0366,P031,ST001,2,2699,0.05,Mada,Completed
ORD13172,2024-04-03,C0314,P013,ST004,1,4299,0.15,Apple Pay,Completed
ORD10239,2023-05-18,C0210,P006,ST003,1,3999,0.1,Mada,Completed
ORD13411,2024-12-29,C0269,P027,ST002,1,3499,0.05,Apple Pay,Completed
ORD12242,2024-04-27,C0377,P008,ST003,1,8999,0,Visa,Completed
ORD17094,2024-04-05,C0295,P033,ST003,1,2699,0,Mada,Completed
ORD14893,2024-03-01,C0461,P004,ST002,4,4599,0,Mastercard,Completed
ORD11735,2023-07-01,C0258,P006,ST004,1,3999,0.2, Mada  ,Completed
ORD15654,2024-06-09,C0097,P022,ST002,4,1799,0,Visa,Completed
ORD12426,2024-04-27,C0294,P047,ST002,1,119,0.05,Mada,Completed
ORD12239,2023-01-12,C0429,P003,ST001,1,3499,0.05,Mada,Completed
ORD16661,2024-04-11,C0114,P013,ST002,1,4299,0,Mastercard,Completed
ORD15280,2024-02-29,C0103,P003,ST002,1,3499,0,Mastercard,Completed
ORD12820,2024-01-26,C0106,P040,ST003,1,349,0,Bank Transfer,Completed
ORD10980,2024-03-12,C0481,P036,ST002,1,599,0,Apple Pay,Completed
ORD15611,2024-01-17,C0351,P006,ST001,2,3999,0,Mastercard,Completed
ORD11676,28/03/2024,C0101,P022,ST003,1,1799,0,Visa,Completed
ORD11426,26/04/2024,C0433,P007,ST003,2,2999,0,Apple Pay,Completed
ORD13701,2024-10-11,C0294,P018,ST001,3,999,0,Mastercard,Completed
ORD10316,2023-02-20,C0067,P026,ST001,1,6799,0.1,Visa,Completed
ORD13178,2023-09-22,C0056,P010,ST001,4,6999,0.05,Mada,Completed
ORD16029,2023-07-17,C0307,P045,ST003,1,599,0,Visa,Completed
ORD10288,2024-04-21,C0112,P024,ST001,2,3999,0.1,Mada,Returned
ORD14220,2024-04-07,C0241,P028,ST002,1,4299,0,Mastercard,Completed
ORD16832,2024-03-09,C0419,P034,ST001,4,3299,0.1,Mada,Completed
ORD16625,2024-03-18,C0038,P016,ST002,1,3699,0.05,Visa,Completed
ORD13835,2024-04-12,C0358,P037,ST001,1,2299,0,Mada,Completed
ORD12730,2024-03-21,C0498,P019,ST003,1,2299,0,Apple Pay,Completed
ORD13220,2024-12-07,C0015,P035,ST001,1,849,0.05,Apple Pay,Completed
ORD13471,2023-03-01,C0126,P029,ST001,1,4999,0.1,Cash,Completed
ORD13873,2023-08-05,C0112,P034,ST003,1,3299,0,Visa,Completed
ORD15652,2023-11-04,C0329,P037,ST004,1,2299,0,Apple Pay,Completed
ORD11773,2024-09-28,C0277,P030,ST002,2,6499,0,Mastercard,Completed
ORD11414,2023-10-29,C0434,P031,ST002,1,2699,0.2,Visa,Completed
ORD16098,2024-12-18,C0473,P036,ST004,1,599,0,Visa,Completed
ORD13290,2024-05-18,C0213,P043,ST002,1,1899,0.15,Visa,Completed
ORD11469,2023-05-21,C0039,P010,ST003,1,6999,0.1,Visa,Returned
ORD10162,2023-05-07,C0005,P010,ST002,1,6999,0.05,Mastercard,Completed
ORD15014,2023-06-03,C0023,P013,ST001,1,4299,0,Visa,Completed
ORD16922,2024-03-20,C0338,P041,ST003,1,10999,0,Apple Pay,Completed
ORD15213,2024-03-22,C0145,P036,ST002,1,599,0.2,Mada,Completed
ORD14457,2024-07-15,C0047,P003,ST004,1,3499,0.05,Apple Pay,Completed
ORD12038,2024-03-11,C0322,P015,ST002,2,2899,0,Mada,Completed
ORD15602,2023-02-12,C0398,P010,ST001,1,6999,0.1,Apple Pay,Completed
ORD10134,2023-10-03,C0440,P020,ST001,1,1499,0.1,Mada,Completed
ORD16460,2024-04-01,C0072,P040,ST002,1,349,0,Mada,Completed
ORD12922,2023-01-12,C0444,P038,ST002,,2199,0,Cash,Returned
ORD10275,2023-02-05,C0446,P021,ST003,2,849,0,Mada,Completed
ORD14558,2023-05-12,C0497,P033,ST002,1,2699,0.05,Bank Transfer,Completed
ORD11576,2024-10-06,C0374,P042,ST004,1,11499,0,Mastercard,Completed
ORD14197,2023-01-11,C0026,P036,ST001,3,599,0.05,Mada,Completed
ORD16451,2024-07-29,c0048,P015,ST001,1,2899,0,Mada,Completed
ORD16736,2024-07-04,C0209,P011,ST004,2,2799,0,Visa,Completed
ORD12413,2023-11-22,C0245,P023,ST004,1,3699,0,Mastercard,Completed
ORD12040,2023-05-10,C0404,P048,ST001,1,89,0,Mada,Completed
ORD11678,2024-06-27,C0361,P013,ST002,2,4299,0,Mada,Completed
ORD15945,2023-05-21,C0140,P045,ST004,2,599,0,Bank Transfer,Completed
ORD10063,2024-02-10,C0361,P049,ST003,1,399,0.05,Mada,Completed
ORD15871,2024-01-26,C0111,P032,ST003,1,2199,0,Mada,Completed
ORD15699,2023-02-06,C0474,P016,ST001,1,3699,0,Mada,Completed
ORD15364,2023-05-05,C0163,P010,ST001,1,6999,0,Bank Transfer,Returned
ORD10319,2024-08-31,C0412,P011,ST003,4,2799,0.05,Mada,Completed
ORD14735,2023-06-27,C0332,P029,ST003,1,4999,0,Apple Pay,Completed
ORD14923,2024-06-04,C0160,P019,ST002,2,2299,0.05, Mada  ,Completed
ORD16127,2023-05-04,C0405,P008,ST002,2,8999,0.05,Bank Transfer,Completed
ORD17015,2024-02-05,c0451,P002,ST003,1,4299,0,Mada,Completed
ORD13365,2023-06-08,C0354,P001,ST001,1,5999,0,Apple Pay,Completed
ORD12664,2024-03-11,C0270,P049,ST001,1,399,0,Bank Transfer,Completed
ORD13631,2024-03-12,C0128,P044,ST002,1,1099,0,Visa,Completed
ORD15254,2023-02-23,C0388,P011,ST002,1,2799,0,Mastercard,Returned
ORD15307,2023-06-25,C0291,P039,ST003,1,1499,0.1,Mada,Completed
ORD14765,2024-01-29,C0121,P012,ST001,1,7299,0,Visa,Completed
ORD15193,2023-03-24,C0017,P014,ST003,1,5499,0,Mada,Completed
ORD14360,2024-07-21,C0415,P004,ST002,1,4599,0.05,Visa,Completed
ORD13327,2023-12-20,C0170,P044,ST003,1,1099,0,Visa,Completed
ORD11339,2024-09-04,C0191,P035,ST003,1,849,5%,Visa,Completed
ORD12260,2023-07-24,C0080,P008,ST003,1,8999,0.15,Mada,Completed
ORD10716,2024-03-09,C0338,P045,ST002,1,599,0.15,Mastercard,Completed
ORD11106,2024-10-13,C0423,P026,ST002,1,6799,0,Mada,Completed
ORD16697,2023-12-13,C0272,P033,ST001,1,2699,0,Apple Pay,Completed
ORD16439,2024-03-23,C0208,P019,ST003,1,2299,0.1,Mada,Completed
ORD16846,2024-04-03,C0372,P006,ST004,1,3999,0,Cash,Completed
ORD14145,2024-03-23,C0001,P006,ST004,1,3999,0,Visa,Completed
ORD11317,2023-10-17,C0368,P003,ST003,2,3499,0,Visa,Completed
ORD16334,2023-12-14,C0414,P018,ST001,1,999,0,Mada,Completed
ORD14005,2023-01-14,C0305,P029,ST001,1,4999,0,Mada,Completed
ORD15163,2024-09-22,C0326,P004,ST002,1,4599,0.1,Mada,Completed
ORD11178,2024-08-14,C0075,P009,ST001,1,4999,0,Apple Pay,Completed
ORD11386,2023-12-12,C0317,P019,ST003,1,2299,0,Cash,Completed
ORD11567,2024-02-22,C0223,P010,ST001,3,6999,0,Visa,Completed
ORD13118,18/09/2024,C0161,P042,ST004,2,11499,0.1,Apple Pay,Completed
ORD15406,2024-06-24,C0221,P029,ST003,1,4999,0.05,Visa,Completed
ORD15271,2023-09-15,C0494,P015,ST002,1,2899,0,Visa,Completed
ORD10384,2023-12-02,C0298,P006,ST003,1,3999,0,Mastercard,Completed
ORD10451,2024-04-08,C0298,P042,ST002,1,11499,0.15,Cash,Completed
ORD11114,2024-02-21,C0134,P025,ST004,1,2299,0%,Visa,Completed
ORD12752,2023-09-25,C0409,P006,ST004,1,3999,0.1,Cash,Completed
ORD11501,2024-05-30,C0479,P018,ST004,1,999,0.05,Visa,Completed
ORD15517,2023-07-22,C0224,P004,ST004,1,4599,0.05,Mada,Completed
ORD14526,2023-08-20,C0223,P042,ST001,2,11499,0,Visa,Completed
ORD12424,2023-08-21,C0036,P025,ST001,2,2299,0.05,Mastercard,Completed
ORD16323,2024-04-28,C0116,P006,ST002,3,3999,0,Visa,Completed
ORD10588,2023-05-30,C0162,P034,ST003,3,3299,0,Cash,Completed
ORD10290,2024-12-08,C0352,P006,ST002,1,3999,0,Apple Pay,Completed
ORD10853,2024-04-26,C0012,P031,ST002,1,2699,0,Mastercard,Returned
ORD16108,2024-04-14,C0228,P026,ST003,1,6799,0,Visa,Completed
ORD16673,2023-10-30,C0132,P031,ST002,2,2699,0,Mastercard,Completed
ORD15289,2023-03-13,C0356,P023,ST003,1,3699,0.1,Visa,Completed
ORD15472,2024-03-22,C0151,P036,ST001,1,599,0,Mastercard,Completed
ORD11434,2023-11-14,C0001,P038,ST001,1,2199,0,Mada,Completed
ORD12360,2024-12-16,c0307,P035,ST003,1,849,0.1,Mada,Completed
ORD16830,2024-01-29,C0215,P022,ST002,1,1799,0,Visa,Completed
ORD15383,2024-01-02,C0191,P007,ST001,2,2999,0,Bank Transfer,Completed
ORD15500,2024-03-28,C0060,P030,ST002,3,6499,0,Mada,Completed
ORD16308,2023-02-23,C0144,P008,ST001,1,8999,0,Bank Transfer,Completed
ORD16247,2023-02-19,C0394,P005,ST003,2,1599,0,Visa,Returned
ORD14406,2024-04-03,C0376,P041,ST001,1,10999,0.05,Cash,Completed
ORD14428,2023-08-25,C0198,P004,ST004,4,4599,0.05,Mastercard,Returned
ORD11809,2023-09-23,C0490,P022,ST003,1,1799,0,Mada,Completed
ORD15967,2023-02-04,C0333,P020,ST003,1,1499,0,Mastercard,Completed
ORD15539,2023-10-08,C0419,P047,ST003,3,119,0%,Apple Pay,Completed
ORD10995,2024-05-21,c0062,P012,ST003,2,7299,0,Cash,Completed
ORD13782,2023-09-04,C0254,P018,ST001,1,999,0,Apple Pay,Completed
ORD13074,2023-12-08,C0395,P044,ST001,1,1099,0.05,Visa,Completed
ORD16213,2024-11-25,C0071,P010,ST001,2,6999,0,Cash,Completed
ORD13559,2023-03-12,C0043,P047,ST003,1,119,0.1,Mastercard,Completed
ORD15677,2024-06-16,C0085,P029,ST004,1,4999,0,Mada,Completed
ORD16619,2024-03-27,C0347,P049,ST003,3,399,0.1,Mada,Completed
ORD13926,2024-04-01,C0064,P019,ST002,1,2299,0,Mada,Completed
ORD14257,2024-08-21,C0289,P024,ST002,1,3999,0,Mastercard,Completed
ORD15757,2023-10-02,C0408,P045,ST001,1,599,0.15,Mada,Completed
ORD16320,2024-08-05,C0378,P048,ST003,1,89,0,Mada,Completed
ORD13166,2023-02-22,C0015,P007,ST001,1,2999,0.05, Mada  ,Completed
ORD15257,2023-01-02,C0278,P028,ST003,1,4299,0.05,Apple Pay,Completed
ORD10035,2024-07-03,C0182,P007,ST004,2,2999,0.05,Mastercard,Completed
ORD12892,2024-03-17,C0465,P050,ST002,1,599,0,Cash,Completed
ORD17034,2024-08-04,C0352,P019,ST001,2,2299,0.1,Cash,Completed
ORD16353,2023-11-08,C0078,P049,ST001,1,399,0,Apple Pay,Completed
ORD11940,2024-02-28,C0053,P035,ST001,1,849,0.1,Visa,Completed
ORD13890,2024-06-07,C0201,P008,ST002,3,8999,0,Mada,Completed
ORD13036,2023-03-31,C0330,P002,ST001,4,4299,0.05,Visa,Completed
ORD10369,2023-07-30,C0160,P046,ST002,2,1199,0,Mastercard,Completed
ORD12368,2024-10-26,C0197,P019,ST002,1,2299,0,Bank Transfer,Completed
ORD12620,2024-03-22,C0443,P034,ST002,1,3299,0.1,Mada,Completed
ORD11298,2023-05-23,C0223,P041,ST002,1,10999,0,Mastercard,Completed
ORD17055,2023-01-27,C0232,P001,ST001,1,5999,0,Mada,Completed
ORD10456,2024-04-22,C0378,P009,ST002,1,4999,0,Mada,Completed
ORD15631,2024-11-17,C0156,P025,ST003,1,2299,0.15,Mada,Completed
ORD16566,2024-03-05,C0362,P026,ST003,1,6799,0.1,Mastercard,Completed
ORD14829,2024-04-08,C0335,P037,ST002,1,2299,0.15,Mastercard,Completed
ORD10163,2024-11-09,C0369,P027,ST003,2,3499,0,Mada,Completed
ORD15772,2024-05-31,C0098,P045,ST003,1,599,0.05, Apple Pay  ,Completed
ORD10939,2024-11-04,C0124,P012,ST002,1,7299,0.05,Cash,Completed
ORD16773,2024-02-11,C0104,P013,ST001,1,4299,0,Apple Pay,Completed
ORD10869,2024-03-05,C0172,P034,ST003,2,3299,0,Mastercard,Completed
ORD13416,2024-06-21,C0440,P030,ST002,1,6499,0,Mada,Completed
ORD12966,2024-08-08,C0065,P001,ST001,1,5999,0, Cash  ,Completed
ORD13175,2024-09-05,C0265,P034,ST003,1,3299,0.05,Mada,Completed
ORD14264,2023-06-27,C0338,P001,ST003,1,5999,0,Mada,Completed
ORD12736,2023-03-19,C0197,P005,ST003,1,1599,0,Mada,Completed
ORD11362,2024-04-16,C0062,P016,ST002,3,3699,0.1,Mada,Completed
ORD15504,2023-07-19,C0206,P022,ST001,1,1799,0,Visa,Completed
ORD10096,2024-07-17,C0400,P009,ST002,1,4999,0,Mada,Returned
ORD10804,2023-02-22,C0178,P014,ST001,1,5499,0,Bank Transfer,Completed
ORD11691,04/08/2023,C0292,P043,ST004,1,1899,0,Bank Transfer,Completed
ORD11422,2023-03-09,C0041,P011,ST004,3,2799,0,Apple Pay,Completed
ORD12433,2023-04-30,C0383,P025,ST001,1,2299,0,Visa,Completed
ORD15735,2023-04-10,C0004,P037,ST002,1,2299,0.05,Visa,Completed
ORD12646,2023-07-23,C0380,P033,ST003,1,2699,0,Mastercard,Completed
ORD17053,2023-11-16,C0120,P032,ST002,1,2199,0,Apple Pay,Completed
ORD15027,2024-07-15,C0364,P040,ST002,1,349,0,Visa,Completed
ORD13394,2024-10-12,C0024,P035,ST002,1,849,10%,Mada,Completed
ORD13112,2024-04-09,C0375,P007,ST002,1,2999,0.05,Mastercard,Completed
ORD16150,2023-09-22,C0496,P017,ST003,1,1899,0,Mada,Completed
ORD11307,2023-08-31,C0262,P037,ST001,1,2299,0,Visa,Completed
ORD15665,2024-03-06,C0383,P015,ST002,1,2899,0,Mada,Completed
ORD17058,2024-05-05,C0279,P004,ST001,1,4599,0,Cash,Completed
ORD16422,2024-06-12,C0455,P005,ST002,1,1599,0,Mastercard,Completed
ORD11131,2023-08-01,C0452,P038,ST002,1,2199,0,Mada,Completed
ORD14306,2024-04-21,C0327,P022,ST001,2,1799,0.05,Mada,Completed
ORD11818,2024-12-12,C0158,P043,ST004,1,1899,0.1,Bank Transfer,Completed
ORD11160,2024-03-25,C0162,P023,ST001,3,3699,0,Mastercard,Completed
ORD11510,2023-04-04,C0378,P045,ST001,1,599,0,Apple Pay,Completed
ORD12503,2024-09-20,C0260,P023,ST002,1,3699,0.05,Apple Pay,Completed
ORD16339,2024-07-27,C0404,P036,ST003,1,599,0.1,Mastercard,Completed
ORD15827,2023-11-20,C0332,P028,ST003,1,4299,0,Mada,Completed
ORD15363,2024-06-23,C0384,P032,ST001,1,2199,0.2,Visa,Completed
ORD14528,2024-03-28,C0358,P025,ST002,,2299,0,Mastercard,Completed
ORD13088,2023-12-02,C0454,P046,ST001,1,1199,0.15,Visa,Completed
ORD16217,2023-12-06,C0085,P034,ST004,1,3299,0,Bank Transfer,Completed
ORD11080,2023-12-15,C0331,P039,ST001,,1499,0.15,Visa,Completed
ORD13147,2024-03-18,C0228,P010,ST001,1,6999,0.05,Mada,Completed
ORD15104,2023-08-10,C0316,P013,ST002,2,4299,0.1,Mastercard,Completed
ORD17177,2023-11-24,C0213,P004,ST001,1,4599,0,Mastercard,Completed
ORD13165,2024-10-25,C0475,P021,ST003,4,849,0,Apple Pay,Completed
ORD13008,2023-02-07,C0254,P036,ST002,2,599,0,Visa,Completed
ORD16976,2024-03-20,C0065,P024,ST002,4,3999,0.05,Bank Transfer,Completed
ORD17021,2023-05-11,C0174,P038,ST001,1,2199,0.1,Mada,Completed
ORD13749,2024-01-26,C0465,P030,ST004,1,6499,0.1,Visa,Completed
ORD14447,2023-10-04,C0161,P026,ST002,1,6799,0.15,Bank Transfer,Completed
ORD16311,2023-12-11,C0039,P003,ST002,1,3499,0,Mastercard,Completed
ORD15148,2023-10-04,C0170,P028,ST002,1,4299,0,Visa,Returned
ORD14262,2023-04-28,C0260,P030,ST004,1,6499,0,Visa,Completed
ORD11210,2024-10-19,C0048,P026,ST002,1,6799,0,Mastercard,Completed
ORD11412,2023-08-21,C0452,P026,ST001,1,6799,0,Mada,Completed
ORD16645,2023-09-03,C0162,P003,ST001,1,3499,0,Mastercard,Completed
ORD13490,2024-04-01,C0402,P027,ST002,1,3499,0,Mastercard,Completed
ORD14448,2023-10-05,C0043,P003,ST002,2,3499,0.1,Mastercard,Completed
ORD14322,2024-01-02,C0341,P001,ST002,1,5999,0,Mastercard,Completed
ORD12704,2023-03-01,C0026,P018,ST002,1,999,0.15,Apple Pay,Completed
ORD16522,2024-07-09,C0276,P043,ST002,2,1899,0,Apple Pay,Completed
ORD14176,2024-02-01,C0186,P037,ST003,1,2299,0,Visa,Completed
ORD14124,2024-12-19,C0468,P009,ST001,3,4999,0,Mada,Returned
ORD16112,2024-09-25,C0337,P050,ST003,1,599,0.15,Mastercard,Completed
ORD10852,2023-10-13,C0291,P031,ST002,1,2699,0,Mastercard,Completed
ORD11294,2024-03-11,C0492,P024,ST002,1,3999,0.05,Mada,Completed
ORD13684,2024-03-10,C0103,P016,ST002,1,3699,0,Mastercard,Completed
ORD10473,2023-07-10,C0428,P032,ST001,1,2199,0.1,Visa,Completed
ORD12077,2024-08-06,C0132,P005,ST003,1,1599,0,Visa,Completed
ORD16943,2024-05-28,C0500,P019,ST003,1,2299,0.1,Mastercard,Returned
ORD17171,2023-06-28,C0268,P023,ST001,1,3699,0.15,Apple Pay,Completed
ORD13442,2024-04-17,C0329,P033,ST001,1,2699,0, Visa  ,Completed
ORD15125,2023-11-04,C0359,P017,ST002,1,1899,0,Visa,Completed
ORD13040,2024-04-11,C0392,P005,ST001,1,1599,0.15, Mastercard  ,Completed
ORD14210,2023-09-28,C0433,P025,ST003,1,2299,0,Mada,Completed
ORD14530,2024-02-16,C0083,P037,ST002,1,2299,0.2,Cash,Completed
ORD14050,2024-03-12,C0204,P049,ST001,1,399,0,Cash,Completed
ORD11543,05/12/2024,C0306,P017,ST003,1,1899,0.1,Cash,Completed
ORD15761,2023-07-20,C0209,P002,ST002,1,4299,0,Mastercard,Completed
ORD14800,2024-04-09,C0213,P029,ST003,1,4999,0,Cash,Completed
ORD10296,2024-09-27,C0098,P043,ST003,3,1899,0.1,Visa,Completed
ORD10718,2023-08-03,C0252,P020,ST002,1,1499,0,Mada,Completed
ORD13513,2024-07-10,C0393,P006,ST002,1,3999,0,Mada,Completed
ORD15035,2024-07-05,C0031,P003,ST002,3,3499,0.15,Visa,Completed
ORD12028,2023-10-25,C0264,P019,ST001,1,2299,0.05,Mada,Completed
ORD16328,2024-11-16,C0490,P042,ST002,1,11499,0,Mada,Completed
ORD10241,2023-06-08,C0188,P017,ST002,2,1899,0,Bank Transfer,Completed
ORD13192,2024-11-10,C0309,P017,ST002,1,1899,0,Mada,Completed
ORD14661,2024-05-20,C0163,P036,ST002,1,599,0,Mada,Completed
ORD12693,23/09/2024,C0256,P008,ST001,1,8999,0,Visa,Completed
ORD10106,2023-06-27,C0015,P048,ST002,1,89,0.15,Visa,Completed
ORD16833,2024-04-10,C0343,P019,ST001,1,2299,0,Mada,Completed
ORD11337,2023-10-15,C0140,P013,ST003,2,4299,0,Mada,Returned
ORD14831,2024-02-09,C0327,P009,ST002,2,4999,0,Visa,Completed
ORD12118,2023-06-06,C0227,P005,ST001,3,1599,0.05,Visa,Completed
ORD17045,2023-05-03,C0245,P026,ST001,1,6799,0.05,Cash,Completed
ORD14015,2023-06-04,C0232,P024,ST002,1,3999,0.1,Mada,Completed
ORD11588,2024-05-18,C0266,P012,ST002,1,7299,0,Visa,Completed
ORD12383,2024-08-12,C0138,P018,ST001,1,999,0,Visa,Completed
ORD13942,2024-05-29,C0453,P023,ST001,1,3699,0,Apple Pay,Completed
ORD11600,2023-11-02,C0034,P048,ST001,1,89,0,Mada,Completed
ORD15915,2023-02-26,C0307,P032,ST002,2,2199,0,Cash,Completed
ORD12309,2024-12-27,C0029,P022,ST003,1,1799,0,Mastercard,Completed
ORD15044,2023-02-08,C0155,P048,ST002,2,89,0,Visa,Completed
ORD11491,2023-09-08,C0474,P036,ST003,2,599,0,Mada,Completed
ORD14722,2023-10-02,C0243,P008,ST001,1,8999,0.05,Bank Transfer,Completed
ORD11603,2024-09-22,C0322,P005,ST002,3,1599,0,Visa,Completed
ORD14799,2024-08-07,C0224,P016,ST001,1,3699,0.1,Mastercard,Completed
ORD13325,2024-09-09,C0266,P030,ST004,3,6499,0.05,Mastercard,Completed
ORD16705,23/03/2023,C0473,P032,ST001,1,2199,0.1,Visa,Completed
ORD11865,2024-04-21,C0482,P013,ST002,1,4299,0.1,Mada,Completed
ORD13857,2024-06-06,C0490,P041,ST004,1,10999,0,Mada,Completed
ORD15427,2024-08-27,C0056,P025,ST002,1,2299,0,Apple Pay,Completed
ORD11718,2024-04-20,C0278,P049,ST002,1,399,0,Cash,Returned
ORD12824,2024-06-17,C0487,P021,ST004,1,849,0,Mada,Completed
ORD15582,2023-02-08,C0395,P004,ST003,1,4599,0.05,Mastercard,Completed
ORD16931,2024-03-03,C0085,P026,ST002,2,6799,0,Cash,Completed
ORD15786,2024-03-28,C0455,P024,ST002,2,3999,0,Apple Pay,Completed
ORD16552,2024-02-14,C0065,P040,ST003,1,349,0,Bank Transfer,Completed
ORD12497,2023-08-07,C0441,P033,ST002,1,2699,0,Mastercard,Completed
ORD12601,2024-04-11,C0438,P040,ST001,1,349,0,Mada,Completed
ORD15581,2024-07-21,C0457,P001,ST002,1,5999,0,Mada,Completed
ORD16599,2024-04-26,C0242,P015,ST002,1,2899,0,Apple Pay,Completed
ORD16731,2023-01-25,C0063,P007,ST002,1,2999,0,Mada,Completed
ORD10212,2023-01-12,C0202,P008,ST002,1,8999,0,Apple Pay,Completed
ORD12375,2023-09-18,C0173,P001,ST001,1,5999,0,Apple Pay,Completed
ORD15645,2023-02-23,C0289,P023,ST003,2,3699,0.15,Mada,Completed
ORD10690,25/04/2024,C0047,P016,ST001,1,3699,0,Mada,Completed
ORD11959,2024-02-25,C0298,P021,ST001,1,849,0.05,Visa,Completed
ORD11564,2023-05-01,C0111,P002,ST002,1,4299,0,Apple Pay,Completed
ORD14855,2024-04-07,C0141,P035,ST004,1,849,0.05,Cash,Completed
ORD13156,2023-06-08,C0076,P039,ST001,1,1499,0.1,Mastercard,Completed
ORD13047,2024-10-03,C0245,P046,ST003,1,1199,0.05,Visa,Completed
ORD10113,2024-03-23,C0291,P026,ST004,2,6799,0.1,Mastercard,Completed
ORD16321,2023-07-03,C0455,P044,ST002,1,1099,0.05,Mada,Completed
ORD15170,2023-11-06,C0380,P047,ST002,4,119,0.05,Mada,Completed
ORD16605,2023-10-03,C0196,P030,ST003,1,6499,0,Bank Transfer,Completed
ORD15477,2024-03-18,C0286,P035,ST002,1,849,0.05,Mastercard,Completed
ORD15888,2024-08-04,C0397,P010,ST002,1,6999,0,Mada,Completed
ORD10197,2023-07-01,C0021,P012,ST001,1,7299,0,Mastercard,Completed
ORD16130,2024-04-18,C0280,P041,ST003,2,10999,0.15,Mastercard,Completed
ORD16730,2024-03-13,C0095,P017,ST002,2,1899,0,Mada,Cancelled
ORD13031,2023-06-06,C0233,P031,ST003,1,2699,0.1,Mada,Completed
ORD16608,2024-01-05,C0463,P008,ST004,1,8999,0,Visa,Completed
ORD13566,2024-03-22,C0454,P048,ST003,1,89,0.2,Mada,Completed
ORD17110,2023-10-09,C0190,P010,ST004,1,6999,0,Apple Pay,Completed
ORD15459,2024-05-02,C0222,P018,ST001,2,999,0.15,Mada,Completed
ORD16345,2024-09-15,C0192,P024,ST004,1,3999,0,Visa,Completed
ORD10059,2024-10-12,C0423,P035,ST001,1,849,0.15,Mada,Completed
ORD12761,2024-07-26,C0010,P013,ST003,1,4299,0,Mada,Completed
ORD14741,2024-03-09,C0001,P005,ST003,2,1599,0,Visa,Completed
ORD12843,2023-01-09,C0438,P020,ST001,1,1499,0,Mada,Completed
ORD14179,2024-12-15,C0294,P043,ST003,3,1899,0,Apple Pay,Completed
ORD15080,2023-03-11,C0311,P030,ST003,1,6499,0.05,Visa,Completed
ORD10064,2024-03-17,C0062,P001,ST003,1,5999,0,Visa,Returned
ORD12009,2024-05-06,C0306,P019,ST001,1,2299,0,Visa,Completed
ORD10044,2024-10-16,C0317,P008,ST002,1,8999,0.1, Mastercard  ,Completed
ORD14703,2024-04-06,C0452,P014,ST002,2,5499,0.1,Apple Pay,Completed
ORD15629,2024-09-03,C0065,P005,ST001,1,1599,0.15,Visa,Completed
ORD10867,2024-04-20,C0482,P046,ST003,2,1199,0,Mada,Completed
ORD15342,2023-05-29,C0262,P039,ST002,1,1499,0,Apple Pay,Completed
ORD16934,2023-06-23,C0139,P009,ST002,1,4999,0.05,Mastercard,Completed
ORD11430,2023-08-30,C0435,P026,ST004,1,6799,0,Mada,Completed
ORD13900,2024-02-24,C0215,P028,ST004,1,4299,0.1,Mada,Completed
ORD10773,2023-09-03,C0476,P004,ST001,1,4599,0,Apple Pay,Completed
ORD16403,2024-09-19,C0480,P018,ST003,1,999,0.1,Mada,Completed
ORD11389,2023-04-08,c0089,P016,ST002,1,3699,0,Mada,Completed
ORD16839,2023-09-20,C0112,P050,ST004,4,599,0,Mastercard,Completed
ORD13838,2024-03-11,C0059,P032,ST001,1,2199,0.05,Mastercard,Completed
ORD13991,2024-05-23,C0326,P049,ST003,1,399,0.1,Mastercard,Returned
ORD15105,2023-08-24,C0343,P027,ST002,1,3499,0.1, Mada  ,Completed
ORD17234,2024-07-03,C0250,P014,ST002,1,5499,0,Bank Transfer,Completed
ORD16825,2023-09-24,C0095,P029,ST003,1,4999,0.05,Visa,Completed
ORD13669,2023-11-14,C0055,P008,ST004,2,8999,0,Visa,Completed
ORD15377,2023-10-28,C0392,P034,ST001,1,3299,0.05,Mada,Returned
ORD13946,2023-03-15,C0134,P027,ST002,4,3499,0,Apple Pay,Completed
ORD14227,2024-03-28,C0303,P021,ST003,1,849,0.05,Apple Pay,Completed
ORD10749,2023-07-03,C0497,P033,ST001,1,2699,0, Cash  ,Completed
ORD12707,2024-11-24,C0296,P047,ST003,1,119,0,Mada,Completed
ORD11945,2023-09-13,C0052,P050,ST002,3,599,0.1,Mada,Completed
ORD12328,2023-10-16,C0009,P015,ST004,1,2899,0,Mada,Completed
ORD15120,2023-03-18,C0422,P007,ST002,2,2999,0,Bank Transfer,Completed
ORD11793,2024-06-18,C0177,P037,ST002,1,2299,0.1,Mada,Completed
ORD17188,2023-05-28,C0208,P007,ST003,3,2999,0.1,Mada,Completed
ORD15696,2023-04-14,C0333,P040,ST003,1,349,0,Mada,Completed
ORD14648,2023-07-09,C0030,P032,ST002,2,2199,0,Mastercard,Completed
ORD14689,2023-01-26,C0060,P017,ST004,1,1899,0.05,Visa,Completed
ORD10717,2024-02-26,C0409,P006,ST004,1,3999,0,Mada,Completed
ORD10145,2023-03-07,C0365,P021,ST001,2,849,0,Mastercard,Returned
ORD10963,2024-04-23,C0225,P045,ST001,1,599,0,Mastercard,Completed
ORD17233,2024-05-17,C0115,P003,ST003,1,3499,0,Visa,Completed
ORD13854,2023-07-20,C0187,P005,ST002,2,1599,0,Mada,Completed
ORD12001,2024-02-04,C0183,P038,ST002,2,2199,0.1,Mada,Completed
ORD10132,2023-12-19,C0020,P042,ST001,1,11499,0.05,Visa,Completed
ORD16102,2023-05-13,C0350,P001,ST002,3,5999,0,Mastercard,Completed
ORD10333,2023-05-30,C0382,P027,ST003,3,3499,0,Apple Pay,Completed
ORD12498,2023-09-02,C0315,P003,ST004,3,3499,0,Mastercard,Returned
ORD11068,17/01/2024,C0184,P003,ST003,1,3499,0,Mada,Completed
ORD17175,2024-04-17,C0237,P035,ST002,1,849,0.05,Visa,Completed
ORD15198,2023-02-03,C0114,P038,ST001,1,2199,0,Bank Transfer,Completed
ORD13264,2024-03-14,C0461,P024,ST001,1,3999,0,Visa,Completed
ORD11654,2024-08-10,C0108,P023,ST002,2,3699,0,Mastercard,Completed
ORD14979,2023-08-28,C0404,P033,ST002,1,2699,0,Cash,Completed
ORD13692,2023-10-29,C0251,P018,ST002,1,999,0,Mada,Completed
ORD12440,2024-10-20,C0249,P038,ST001,2,2199,0.05,Visa,Completed
ORD10411,2024-03-04,C0039,P017,ST003,1,1899,0.05,Apple Pay,Completed
ORD13109,2024-01-01,C0179,P003,ST002,2,3499,0,Bank Transfer,Completed
ORD16063,2023-12-07,C0102,P011,ST001,1,2799,0,Mada,Completed
ORD13141,2024-03-10,C0032,P012,ST002,3,7299,0, Visa  ,Completed
ORD13694,2023-01-09,C0280,P033,ST002,3,2699,0,Bank Transfer,Completed
ORD12876,2023-08-07,C0039,P007,ST001,2,2999,0.05,Mada,Completed
ORD16412,2024-10-04,c0284,P005,ST002,1,1599,0.15,Mada,Completed
ORD12204,2023-04-06,C0359,P017,ST001,1,1899,0.05,Cash,Completed
ORD12622,2024-04-22,C0005,P014,ST002,1,5499,0.05, Visa  ,Completed
ORD10427,2024-09-01,C0378,P013,ST001,1,4299,0.1,Mada,Completed
ORD12797,2023-11-15,C0022,P006,ST004,1,3999,0.05,Bank Transfer,Completed
ORD17150,2024-07-28,C0070,P005,ST004,1,1599,0,Mada,Completed
ORD12691,2024-11-18,C0042,P014,ST001,1,5499,0,Apple Pay,Completed
ORD16186,2024-06-05,C0350,P030,ST001,1,6499,0,Visa,Completed
ORD15948,2024-09-04,C0444,P028,ST001,2,4299,0,Bank Transfer,Completed
ORD12722,2024-02-20,C0134,P035,ST001,1,849,0,Mada,Completed
ORD16655,2024-03-27,C0235,P018,ST002,1,999,0,Mada,Completed
ORD15270,2024-04-06,C0476,P045,ST003,1,599,0.05, Mada  ,Completed
ORD12485,2023-08-20,C0427,P014,ST004,1,5499,0.05,Apple Pay,Completed
ORD16871,2023-01-22,C0393,P033,ST003,1,2699,0.1,Mastercard,Completed
ORD17050,2023-03-30,C0383,P013,ST004,1,4299,0,Mada,Completed
ORD15690,2023-08-13,C0476,P012,ST003,1,7299,0,Mada,Completed
ORD14788,2023-04-05,C0209,P031,ST002,1,2699,0,Visa,Completed
ORD14118,2024-11-05,C0443,P020,ST003,1,1499,0.1,Apple Pay,Completed
ORD15771,2023-12-22,C0025,P041,ST002,1,10999,0,Visa,Completed
ORD12741,2023-07-01,C0346,P027,ST001,1,3499,0.1,Mastercard,Completed
ORD14513,2024-03-09,C0461,P001,ST002,1,5999,0.1,Cash,Completed
ORD15328,2023-02-06,c0192,P012,ST002,1,7299,0,Mada,Completed
ORD10546,2024-03-16,C0145,P018,ST003,1,999,0.15,Mada,Completed
ORD10202,2024-10-19,C0408,P044,ST004,2,1099,0,Visa,Completed
ORD14260,2024-04-09,C0496,P024,ST003,1,3999,0,Mastercard,Completed
ORD10087,2023-01-07,C0450,P035,ST001,1,849,0.1,Mada,Completed
ORD11746,2024-02-12,C0086,P019,ST001,1,2299,0.05,Mada,Completed
ORD15059,2023-08-17,C0457,P013,ST001,1,4299,0,Bank Transfer,Completed
ORD14141,2024-04-16,C0186,P002,ST001,1,4299,0,Mada,Completed
ORD16062,2024-02-24,C0060,P039,ST003,1,1499,0,Mada,Completed
ORD16961,2023-06-01,C0322,P024,ST001,1,3999,0,Mada,Completed
ORD12445,2024-04-10,C0134,P013,ST002,1,4299,0,Mastercard,Completed
ORD11794,2024-04-28,C0370,P047,ST002,1,119,0.05,Mada,Completed
ORD13063,08/05/2023,C0212,P030,ST003,3,6499,0,Apple Pay,Completed
ORD13912,2023-11-24,C0104,P045,ST001,1,599,0,Mastercard,Completed
ORD15096,2023-04-09,C0093,P021,ST001,1,849,0,Mastercard,Completed
ORD10413,2023-03-05,C0092,P004,ST001,1,4599,0.1,Visa,Completed
ORD10243,2024-08-14,C0061,P048,ST003,1,89,0.1,Visa,Completed
ORD16737,2024-12-14,C0419,P019,ST003,1,2299,0,Apple Pay,Completed
ORD10140,2024-03-13,C0114,P037,ST001,2,2299,0,Mastercard,Completed
ORD14601,2023-04-17,C0319,P027,ST004,1,3499,0,Mada,Completed
ORD16457,2023-08-21,C0438,P013,ST001,1,4299,0,Apple Pay,Completed
ORD12390,2024-04-24,C0002,P044,ST001,1,1099,0,Cash,Completed
ORD15712,2024-02-20,C0250,P021,ST001,3,849,0,Mastercard,Completed
ORD13791,2023-07-03,C0479,P009,ST001,3,4999,0,Mada,Completed
ORD15843,04/12/2023,C0426,P029,ST003,3,4999,0,Mastercard,Completed
ORD12220,2024-04-30,C0366,P026,ST003,1,6799,0.05,Mada,Completed
ORD11007,2023-04-23,C0135,P008,ST004,1,8999,0,Mada,Completed
ORD15276,2024-03-10,C0316,P044,ST002,2,1099,0,Cash,Completed
ORD15541,2024-03-10,C0084,P045,ST003,1,599,0,Apple Pay,Completed
ORD11090,2023-03-28,C0141,P010,ST001,1,6999,0,Visa,Completed
ORD14396,2023-03-10,C0140,P016,ST003,2,3699,0.05,Mastercard,Completed
ORD15949,2024-11-06,c0491,P046,ST001,1,1199,0.15, Mada  ,Completed
ORD14553,2023-05-29,C0471,P044,ST001,1,1099,0,Mastercard,Completed
ORD13291,2024-10-14,C0453,P006,ST001,1,3999,0,Bank Transfer,Completed
ORD14997,2024-04-10,C0300,P042,ST003,1,11499,0,Mada,Completed
ORD16253,2023-02-28,C0405,P026,ST001,1,6799,0.1,Mastercard,Completed
ORD15416,2023-02-04,C0271,P032,ST004,1,2199,0,Apple Pay,Completed
ORD16851,2023-08-26,C0253,P005,ST002,1,1599,0.05,Visa,Completed
ORD11485,2024-11-12,C0222,P018,ST002,1,999,0, Mada  ,Completed
ORD11388,2024-01-28,C0499,P011,ST002,1,2799,0.05,Visa,Completed
ORD14315,2023-11-21,C0060,P005,ST001,1,1599,0.05,Cash,Completed
ORD15404,2023-05-17,C0030,P011,ST001,1,2799,0.05,Apple Pay,Completed
ORD13151,2024-12-21,C0007,P048,ST001,2,89,0,Visa,Completed
ORD13852,2023-06-17,C0372,P039,ST002,4,1499,0,Mada,Completed
ORD10388,2024-04-04,C0202,P002,ST003,1,4299,0.05, Cash  ,Completed
ORD11753,2024-01-06,C0283,P040,ST002,1,349,0.05,Mastercard,Completed
ORD11222,2023-05-17,C0156,P029,ST001,1,4999,0.05,Mastercard,Completed
ORD16051,2024-03-20,C0006,P035,ST002,1,849,0,Visa,Completed
ORD11646,2023-09-25,C0060,P050,ST002,1,599,0.05,Visa,Completed
ORD14492,2023-04-05,C0177,P031,ST002,1,2699,0.2,Visa,Completed
ORD15791,2024-05-28,C0204,P020,ST001,1,1499,0,Mada,Completed
ORD14906,2024-05-10,C0095,P003,ST001,1,3499,0,Cash,Completed
ORD12095,2024-12-02,C0296,P038,ST003,1,2199,0.15,Cash,Completed
ORD12810,2024-01-26,C0100,P025,ST002,3,2299,0,Visa,Completed
ORD13482,2023-02-27,C0469,P034,ST001,1,3299,0,Visa,Completed
ORD15788,2023-10-11,C0455,P035,ST003,2,849,0,Visa,Completed
ORD16392,2023-11-26,C0282,P045,ST003,1,599,0,Mada,Completed
ORD13077,2023-01-24,C0004,P033,ST001,1,2699,0,Mada,Completed
ORD13432,2024-05-16,C0115,P002,ST001,1,4299,0,Mada,Completed
ORD10268,2023-07-23,C0182,P035,ST002,1,849,0.1,Visa,Completed
ORD14458,2023-10-13,C0253,P017,ST002,2,1899,0.05,Mada,Completed
ORD14803,2024-02-22,C0359,P017,ST001,1,1899,0,Visa,Completed
ORD12995,2023-02-16,C0205,P043,ST002,1,1899,0,Visa,Completed
ORD10322,2023-12-06,C0281,P014,ST002,1,5499,0.1,Cash,Completed
ORD14657,2024-01-20,C0389,P012,ST003,1,7299,0,Mada,Returned
ORD13916,2024-09-09,C0053,P014,ST001,1,5499,0,Mastercard,Completed
ORD12501,2023-09-17,C0379,P021,ST001,1,849,0.05,Mada,Completed
ORD15480,2024-02-10,C0421,P018,ST002,1,999,0,Mada,Completed
ORD12208,2023-12-08,C0425,P023,ST003,1,3699,0,Mada,Completed
ORD16301,2023-05-13,C0110,P044,ST002,1,1099,0,Mastercard,Completed
ORD15293,2023-12-15,C0247,P006,ST004,1,3999,0.1,Mada,Completed
ORD11396,2024-08-08,C0218,P032,ST002,1,2199,0,Mada,Completed
ORD11844,2023-03-17,C0299,P039,ST002,1,1499,0.15,Visa,Completed
ORD16905,2023-08-30,C0216,P042,ST001,2,11499,0.15,Visa,Completed
ORD15606,2023-08-13,C0125,P001,ST003,1,5999,0.2,Mada,Completed
ORD16429,2024-04-10,C0138,P004,ST002,2,4599,0,Visa,Completed
ORD16132,2024-05-07,C0411,P010,ST002,3,6999,0,Mastercard,Completed
ORD14575,2023-07-17,C0117,P042,ST001,1,11499,0.15,Mastercard,Completed
ORD15124,2024-11-24,C0497,P036,ST003,1,599,0.05,Apple Pay,Completed
ORD13083,2024-03-19,C0072,P041,ST004,1,10999,0.05,Mada,Completed
ORD14774,2024-05-13,C0066,P043,ST003,1,1899,0,Mada,Completed
ORD11817,2024-04-23,C0124,P017,ST002,1,1899,0.05,Visa,Cancelled
ORD11864,2024-04-05,C0137,P050,ST001,1,599,0.2,Mada,Completed
ORD15279,2023-07-20,C0279,P050,ST004,2,599,5%,Apple Pay,Completed
ORD15506,2023-11-19,C0438,P010,ST001,1,6999,0.1,Mada,Cancelled
ORD11560,2024-11-23,C0188,P034,ST002,1,3299,0,Mastercard,Completed
ORD12250,2024-06-05,C0252,P037,ST001,2,2299,0.15,Mada,Completed
ORD10630,2023-07-20,C0253,P008,ST002,2,8999,0,Mada,Completed
ORD11540,2024-02-21,C0259,P006,ST003,3,3999,0.05,Bank Transfer,Completed
ORD11074,2023-02-25,C0203,P050,ST001,1,599,0,Mada,Completed
ORD17210,2023-12-27,C0348,P048,ST003,2,89,0, Apple Pay  ,Completed
ORD15957,2024-03-14,C0481,P046,ST001,1,1199,0.05,Mada,Completed
ORD10141,2023-10-03,C0243,P050,ST002,3,599,0.05,Mastercard,Completed
ORD10200,2024-03-14,C0110,P026,ST002,1,6799,0,Mada,Completed
ORD16294,2024-04-23,C0404,P039,ST003,1,1499,0,Mada,Completed
ORD10016,2023-08-24,C0039,P037,ST003,1,2299,0,Mada,Completed
ORD15567,2023-09-29,C0017,P037,ST002,2,2299,0,Mastercard,Completed
ORD15474,2024-04-13,C0459,P044,ST001,2,1099,0,Visa,Completed
ORD10934,2023-10-25,C0262,P004,ST003,1,4599,0,Mada,Completed
ORD12490,2024-07-11,C0127,P005,ST003,2,1599,0.05,Mada,Completed
ORD17123,2023-08-08,C0448,P026,ST001,2,6799,0.05,Visa,Completed
ORD12729,2024-03-26,C0376,P027,ST003,1,3499,0,Mada,Completed
ORD17071,2023-11-16,C0211,P046,ST003,1,1199,0,Mada,Completed
ORD13259,2024-12-13,C0308,P042,ST001,1,11499,0,Apple Pay,Completed
ORD10741,2024-09-05,C0362,P045,ST002,1,599,0.2,Mastercard,Completed
ORD12224,2024-03-15,C0186,P031,ST001,1,2699,0,Visa,Completed
ORD16458,2023-11-24,C0068,P036,ST004,3,599,0.1,Visa,Completed
ORD16076,2024-06-04,C0184,P023,ST001,2,3699,0,Mada,Completed
ORD12608,2023-08-14,C0046,P046,ST002,1,1199,0,Mada,Completed
ORD13114,2023-02-19,C0384,P015,ST003,1,2899,0.05,Visa,Completed
ORD11975,2023-02-17,C0282,P016,ST001,2,3699,0.1,Apple Pay,Completed
ORD10126,2024-06-19,C0154,P031,ST002,1,2699,0,Apple Pay,Completed
ORD14662,2024-02-29,C0233,P008,ST003,1,8999,0,Visa,Completed
ORD15231,2023-03-29,C0378,P043,ST003,1,1899,0,Mastercard,Completed
ORD10843,2024-04-08,C0291,P040,ST001,1,349,0.15,Visa,Completed
ORD14836,2023-10-02,C0285,P025,ST001,1,2299,0,Mada,Completed
ORD16397,2023-07-14,C0434,P045,ST002,2,599,0,Visa,Completed
ORD12650,2023-09-07,C0017,P039,ST003,1,1499,0.1,Cash,Completed
ORD11332,2024-08-04,C0217,P024,ST001,1,3999,0,Visa,Completed
ORD14340,2023-02-03,C0137,P037,ST002,1,2299,0,Mada,Completed
ORD12801,2024-03-03,C0028,P042,ST001,1,11499,0,Mada,Returned
ORD13788,2024-10-06,c0066,P017,ST002,1,1899,0,Visa,Completed
ORD10525,2023-04-20,C0029,P029,ST004,1,4999,0.1,Visa,Completed
ORD13606,2023-12-03,C0314,P021,ST003,1,849,0,Visa,Completed
ORD16726,2024-06-19,C0001,P018,ST001,2,999,0,Cash,Completed
ORD14476,2024-03-24,C0294,P028,ST003,1,4299,0,Apple Pay,Completed
ORD16510,2024-04-28,C0258,P021,ST001,2,849,0.15,Visa,Returned
ORD11561,2024-08-05,C0455,P007,ST001,1,2999,0.1,Mastercard,Completed
ORD12182,2023-06-13,C0153,P025,ST001,1,2299,0.05,Mastercard,Returned
ORD10925,2024-05-29,C0074,P010,ST003,3,6999,0.05,Mada,Cancelled
ORD12956,2024-10-30,C0474,P031,ST003,1,2699,0,Cash,Completed
ORD10538,2024-04-20,C0291,P006,ST001,3,3999,0,Cash,Completed
ORD10920,2024-04-05,C0455,P012,ST003,1,7299,0.05,Mastercard,Completed
ORD16473,2023-05-30,C0158,P003,ST002,1,3499,0,Mastercard,Completed
ORD11449,2024-07-14,C0209,P030,ST004,1,6499,0,Bank Transfer,Completed
ORD16872,2023-01-07,C0027,P043,ST003,1,1899,0.05,Visa,Completed
ORD14475,2023-03-05,C0319,P022,ST002,1,1799,0.1,Mada,Completed
ORD15667,2024-07-10,C0492,P033,ST002,2,2699,0.1,Mada,Completed
ORD13568,2023-02-20,C0271,P032,ST004,1,2199,0.05,Apple Pay,Completed
ORD14168,2024-03-19,C0112,P048,ST002,1,89,0,Mada,Completed
ORD12973,2023-02-23,C0253,P042,ST001,1,11499,0,Cash,Completed
ORD11979,2023-03-27,C0385,P041,ST002,3,10999,0.15,Visa,Completed
ORD10921,2023-10-10,C0063,P034,ST001,1,3299,0.1,Visa,Completed
ORD16435,2024-02-16,C0087,P010,ST002,1,6999,0.1,Bank Transfer,Completed
ORD15551,2023-01-05,C0259,P027,ST001,1,3499,0,Mada,Completed
ORD14165,09/10/2024,C0136,P043,ST003,1,1899,0,Visa,Completed
ORD12157,2024-04-03,C0257,P002,ST002,1,4299,0,Visa,Completed
ORD10285,2024-04-03,C0419,P012,ST002,1,7299,0.1,Mada,Completed
ORD17088,2024-05-22,C0385,P022,ST002,1,1799,0,Visa,Completed
ORD13989,2024-04-23,C0029,P002,ST001,1,4299,0,Apple Pay,Returned
ORD10242,2024-02-11,C0285,P036,ST002,1,599,0,Bank Transfer,Completed
ORD12333,2024-03-12,C0037,P005,ST003,1,1599,0,Mada,Completed
ORD13575,2024-06-21,C0375,P024,ST002,1,3999,0,Cash,Completed
ORD15996,2024-01-30,C0237,P037,ST001,3,2299,0,Mada,Returned
ORD13677,2023-09-25,C0271,P019,ST002,1,2299,0,Apple Pay,Completed
ORD12133,2024-07-22,C0453,P007,ST003,2,2999,0.1,Cash,Completed
ORD14094,01/01/2023,C0353,P029,ST004,1,4999,0.05,Visa,Completed
ORD15542,2023-08-08,C0453,P049,ST002,1,399,0,Mada,Returned
ORD11745,2024-07-04,C0418,P032,ST003,1,2199,0.05,Visa,Returned
ORD13771,2024-07-09,C0341,P046,ST002,2,1199,0,Visa,Completed
ORD11482,2024-03-09,C0057,P037,ST004,1,2299,0,Mada,Completed
ORD15950,2024-03-19,C0383,P036,ST004,1,599,0,Mada,Completed
ORD11027,2023-01-24,C0242,P007,ST002,1,2999,0.05,Visa,Completed
ORD14308,2023-08-27,C0189,P027,ST001,4,3499,0,Cash,Completed
ORD17223,2023-12-15,C0299,P033,ST001,1,2699,0.15,Cash,Completed
ORD17176,2024-08-15,C0231,P004,ST003,1,4599,0.15,Mada,Returned
ORD10808,2023-08-14,C0080,P041,ST001,2,10999,0.1,Cash,Completed
ORD10956,2023-02-22,C0425,P015,ST001,2,2899,0,Cash,Completed
ORD10017,2024-07-10,C0074,P021,ST001,1,849,0,Cash,Completed
ORD12468,2023-11-22,C0475,P036,ST001,1,599,0.05,Cash,Completed
ORD13793,2024-09-19,C0243,P012,ST001,2,7299,0.1,Cash,Completed
ORD16287,2024-01-27,C0105,P025,ST002,1,2299,0.05,Mada,Completed
ORD10295,2024-01-11,C0010,P033,ST003,1,2699,0,Visa,Completed
ORD14962,04/05/2023,C0153,P009,ST003,1,4999,0.15,Mada,Completed
ORD12866,2024-06-27,C0086,P041,ST001,1,10999,0, Cash  ,Completed
ORD14043,2023-01-16,C0125,P040,ST003,1,349,0,Mada,Completed
ORD12948,2024-05-27,C0370,P030,ST002,1,6499,0,Visa,Completed
ORD12947,2023-12-10,C0138,P015,ST002,1,2899,0,Visa,Completed
ORD13858,2023-02-27,C0351,P002,ST003,1,4299,0,Mada,Completed
ORD14285,2024-04-21,C0213,P050,ST001,1,599,0,Mada,Completed
ORD16788,2024-04-14,C0151,P040,ST002,2,349,0,Mastercard,Completed
ORD16576,2024-07-28,C0113,P022,ST003,1,1799,0,Mada,Completed
ORD17196,2024-04-11,C0101,P029,ST003,1,4999,0,Apple Pay,Completed
ORD16561,2023-01-26,C0282,P016,ST004,1,3699,0,Mada,Completed
ORD10770,2024-04-02,C0128,P041,ST004,4,10999,0.05,Visa,Completed
ORD15417,2024-04-16,C0055,P015,ST003,1,2899,0.2,Apple Pay,Returned
ORD14549,2024-05-25,C0478,P036,ST002,1,599,0,Mada,Completed
ORD13354,2023-11-18,C0213,P014,ST001,1,5499,0.1,Mastercard,Completed
ORD10924,2024-04-10,C0129,P023,ST001,1,3699,0,Apple Pay,Completed
ORD13423,2024-06-17,C0337,P036,ST001,1,599,0.15,Apple Pay,Completed
ORD15282,2024-04-21,C0478,P016,ST003,2,3699,0,Visa,Completed
ORD11102,2023-12-27,C0285,P049,ST002,1,399,0.2,Bank Transfer,Completed
ORD13830,2024-09-16,C0477,P050,ST001,1,599,0,Mada,Completed
ORD11476,2024-03-06,C0416,P037,ST002,1,2299,0,Mada,Completed
ORD16277,2023-11-19,C0332,P010,ST003,1,6999,0,Mastercard,Completed
ORD11626,2024-08-25,C0148,P021,ST002,2,849,0.1,Mada,Completed
ORD11931,2023-03-01,C0418,P024,ST002,3,3999,0,Apple Pay,Completed
ORD15419,2024-10-14,C0237,P019,ST002,1,2299,0,Visa,Completed
ORD14187,2024-01-29,C0094,P007,ST002,1,2999,0.05,Apple Pay,Returned
ORD14159,2024-07-27,C0323,P015,ST002,3,2899,0,Mastercard,Completed
ORD10569,2024-10-27,C0238,P035,ST003,1,849,0,Visa,Completed
ORD13351,2024-03-16,C0042,P043,ST002,1,1899,0,Mada,Completed
ORD16241,2023-10-02,C0484,P042,ST003,1,11499,0.1,Apple Pay,Completed
ORD15906,2024-04-08,C0402,P033,ST003,2,2699,0,Visa,Completed
ORD10265,2023-06-30,C0403,P041,ST001,1,10999,0.05,Mada,Completed
ORD13572,2024-07-30,C0418,P011,ST004,1,2799,0,Mada,Completed
ORD15076,2024-01-06,C0133,P049,ST002,1,399,0.05,Cash,Completed
ORD10277,2023-11-14,C0188,P015,ST002,2,2899,0,Mada,Completed
ORD16689,2023-12-13,C0191,P006,ST001,1,3999,0.15,Mada,Completed
ORD15982,2023-12-13,C0198,P008,ST002,1,8999,0.05, Mastercard  ,Completed
ORD14531,2024-04-28,C0397,P043,ST001,1,1899,0,Mada,Completed
ORD16025,2024-04-29,C0177,P038,ST003,2,2199,0,Visa,Completed
ORD15917,2023-11-10,C0002,P032,ST001,1,2199,0.1,Bank Transfer,Completed
ORD16312,2024-03-08,C0324,P045,ST003,1,599,0.2,Visa,Completed
ORD12048,2024-03-16,C0305,P030,ST002,1,6499,0,Cash,Completed
ORD11783,2023-02-16,C0065,P009,ST003,1,4999,0,Visa,Completed
ORD10531,2023-02-04,C0212,P050,ST001,3,599,0,Mada,Completed
ORD11143,2024-10-23,C0339,P002,ST003,2,4299,0,Mada,Completed
ORD10697,2024-03-21,C0247,P045,ST003,1,599,0.1,Mada,Completed
ORD13402,2024-04-28,C0469,P029,ST004,1,4999,0,Mada,Completed
ORD10464,2024-06-03,C0387,P031,ST003,2,2699,0.15,Mastercard,Returned
ORD15432,2024-04-21,C0433,P033,ST001,1,2699,0.15,Mada,Completed
ORD11820,2023-01-09,C0195,P001,ST002,1,5999,0,Mada,Completed
ORD16317,2023-05-24,C0094,P004,ST001,3,4599,0.15,Mada,Completed
ORD14383,2023-04-30,C0125,P021,ST002,1,849,0,Bank Transfer,Completed
ORD12634,2023-05-23,C0048,P023,ST004,2,3699,0,Visa,Completed
ORD14547,2024-04-07,C0042,P032,ST001,1,2199,0,Mada,Cancelled
ORD11144,2024-04-26,C0111,P036,ST002,1,599,0,Visa,Completed
ORD12589,2024-04-24,C0170,P022,ST003,1,1799,0,Mada,Completed
ORD10991,2023-09-07,C0498,P024,ST003,1,3999,0,Mada,Completed
ORD11321,2024-03-16,C0489,P015,ST001,2,2899,0.15,Visa,Completed
ORD16960,2023-07-15,C0006,P002,ST003,1,4299,0,Visa,Completed
ORD11825,2023-01-07,C0289,P030,ST003,1,6499,0.1,Bank Transfer,Completed
ORD11242,2024-12-01,C0023,P012,ST002,1,7299,0.05,Mada,Completed
ORD16218,2023-04-07,C0074,P025,ST001,1,2299,5%,Mastercard,Completed
ORD10595,2023-11-08,C0133,P008,ST004,1,8999,0.1,Visa,Completed
ORD12295,2023-03-30,C0171,P012,ST003,3,7299,0,Cash,Completed
ORD10168,2024-01-04,C0456,P048,ST001,1,89,0.1,Apple Pay,Completed
ORD13280,2023-07-05,C0295,P019,ST002,1,2299,0,Mada,Completed
ORD12355,2023-03-28,C0028,P031,ST001,2,2699,0,Visa,Completed
ORD10918,2024-02-25,C0296,P010,ST003,1,6999,0,Bank Transfer,Completed
ORD16402,2024-04-26,C0352,P001,ST001,1,5999,0.1,Mada,Completed
ORD15113,2024-05-16,C0322,P036,ST001,4,599,0,Visa,Returned
ORD15731,2024-04-05,C0006,P038,ST001,1,2199,0,Visa,Completed
ORD10094,2024-12-03,C0047,P014,ST002,2,5499,0,Bank Transfer,Completed
ORD12495,2024-04-20,C0149,P034,ST001,1,3299,0.05,Mada,Completed
ORD15305,2023-06-18,C0187,P007,ST002,2,2999,0,Cash,Completed
ORD11288,2024-02-01,C0254,P031,ST002,2,2699,0.05,Mada,Completed
ORD14502,2024-12-10,C0017,P027,ST001,1,3499,0,Mastercard,Completed
ORD17135,2024-05-09,C0243,P036,ST001,1,599,0,Visa,Completed
ORD11394,2024-02-18,C0461,P026,ST001,1,6799,0.05,Mastercard,Completed
ORD14243,2023-03-30,C0332,P025,ST002,3,2299,0, Cash  ,Completed
ORD12172,2024-10-28,C0400,P032,ST001,1,2199,0,Mastercard,Completed
ORD14431,2024-03-28,C0233,P009,ST002,1,4999,0,Apple Pay,Completed
ORD11731,2023-01-30,C0196,P024,ST001,1,3999,0,Apple Pay,Completed
ORD12994,2024-06-04,C0181,P023,ST002,1,3699,0.1,Apple Pay,Completed
ORD13972,2024-04-22,C0439,P037,ST001,1,2299,0,Mastercard,Returned
ORD14346,2023-05-21,C0177,P046,ST003,2,1199,0,Apple Pay,Completed
ORD10515,2023-07-04,C0110,P034,ST002,2,3299,0,Apple Pay,Completed
ORD16037,2023-10-02,C0307,P002,ST002,1,4299,0.2,Cash,Completed
ORD11989,2023-10-07,C0454,P001,ST002,2,5999,0.05,Apple Pay,Completed
ORD16095,2024-03-23,C0261,P034,ST001,1,3299,0.2,Apple Pay,Completed
ORD10065,2023-05-16,C0161,P006,ST001,1,3999,0,Mada,Completed
ORD11529,2024-08-08,C0125,P020,ST003,1,1499,0,Cash,Completed
ORD16693,27/11/2023,C0041,P019,ST002,1,2299,0,Visa,Completed
ORD14849,2023-02-23,C0491,P033,ST003,1,2699,0,Visa,Completed
ORD12064,2023-02-05,C0144,P030,ST002,1,6499,0,Mada,Completed
ORD12570,2024-03-14,C0414,P043,ST002,1,1899,0.1,Mada,Completed
ORD14695,2024-09-25,C0488,P049,ST001,3,399,0.1,Apple Pay,Completed
ORD13533,2023-07-10,C0066,P045,ST003,1,599,0.1,Visa,Completed
ORD11594,2023-06-25,C0202,P021,ST002,1,849,0,Mastercard,Completed
ORD16032,2024-10-11,C0428,P050,ST001,1,599,0.15,Bank Transfer,Completed
ORD10967,2024-03-03,C0417,P035,ST001,1,849,0.05,Apple Pay,Completed
ORD10511,2024-05-23,C0148,P005,ST004,2,1599,0,Mada,Completed
ORD14336,2024-04-25,C0258,P031,ST003,1,2699,0.05,Mada,Completed
ORD15265,2024-09-12,C0316,P004,ST002,1,4599,0,Cash,Completed
ORD13596,2023-11-25,C0046,P033,ST001,2,2699,0,Visa,Completed
ORD14004,2024-03-30,C0465,P003,ST002,1,3499,0.05,Mastercard,Completed
ORD10633,2023-09-16,C0483,P001,ST003,3,5999,0.05,Apple Pay,Completed
ORD16640,2024-12-18,C0391,P024,ST004,1,3999,0.15, Mada  ,Completed
ORD12875,2024-08-31,C0110,P030,ST002,1,6499,0,Mada,Completed
ORD11338,2024-04-18,C0381,P032,ST004,2,2199,0.05,Visa,Completed
ORD13611,2023-06-16,C0027,P029,ST001,1,4999,0,Visa,Completed
ORD11680,2023-01-31,c0447,P022,ST002,1,1799,0.05,Mastercard,Completed
ORD15494,2024-03-18,C0055,P010,ST003,1,6999,0,Mada,Completed
ORD11719,2024-02-15,C0212,P007,ST002,1,2999,0,Bank Transfer,Completed
ORD11846,2024-02-06,C0008,P013,ST002,3,4299,0, Visa  ,Completed
ORD15802,2023-08-10,C0398,P034,ST003,4,3299,0,Mastercard,Completed
ORD14221,2024-06-11,C0337,P025,ST003,1,2299,0,Visa,Completed
ORD11419,2024-03-26,C0048,P010,ST002,1,6999,0.15,Mada,Completed
ORD14081,2024-12-13,C0032,P024,ST003,1,3999,0.05,Mada,Completed
ORD11257,2024-06-14,C0020,P011,ST002,1,2799,0,Mada,Completed
ORD11250,2023-10-19,C0453,P049,ST001,1,399,0.1,Mada,Completed
ORD17162,2023-03-13,C0332,P023,ST002,1,3699,0,Apple Pay,Completed
ORD10429,2024-07-20,C0434,P038,ST001,1,2199,0,Visa,Completed
ORD11681,2023-06-10,C0456,P029,ST004,3,4999,0.1,Apple Pay,Completed
ORD13419,2023-05-04,C0085,P033,ST004,1,2699,0.15,Cash,Completed
ORD14328,2023-04-11,C0217,P010,ST001,1,6999,0.15,Mada,Completed
ORD10181,2024-11-03,C0425,P043,ST001,1,1899,0,Cash,Completed
ORD12162,2024-04-04,C0350,P001,ST001,1,5999,0.1,Visa,Completed
ORD10368,2024-06-20,C0481,P050,ST001,2,599,0.1,Bank Transfer,Completed
ORD15640,2024-03-13,C0346,P017,ST003,1,1899,0.05,Mada,Completed
ORD16989,2023-07-13,C0376,P035,ST001,2,849,0,Visa,Completed
ORD10468,2023-03-31,C0484,P032,ST002,1,2199,0.05,Mastercard,Completed
ORD13892,2023-09-25,C0430,P042,ST004,1,11499,0,Mada,Completed
ORD10624,2024-11-09,C0069,P039,ST002,1,1499,0.15,Mada,Completed
ORD15887,2023-10-09,C0015,P018,ST004,1,999,0,Apple Pay,Completed
ORD11283,2023-12-21,C0231,P032,ST002,1,2199,0,Mada,Completed
ORD14245,2024-10-03,C0197,P040,ST003,1,349,0.15,Cash,Completed
ORD16487,2024-06-25,C0197,P028,ST002,1,4299,0,Apple Pay,Completed
ORD14365,2024-06-03,C0064,P017,ST003,1,1899,0,Mada,Completed
ORD12076,2023-01-26,C0406,P046,ST001,2,1199,0.05,Visa,Completed
ORD16258,2024-10-27,C0281,P041,ST003,1,10999,0,Mada,Completed
ORD16975,2023-05-30,C0091,P002,ST001,1,4299,0,Mada,Completed
ORD13672,2023-11-04,C0213,P004,ST004,1,4599,0,Mada,Completed
ORD10258,2024-07-08,C0452,P024,ST003,1,3999,0,Apple Pay,Completed
ORD14922,2024-10-18,C0300,P029,ST001,1,4999,0,Mastercard,Completed
ORD11533,2023-01-24,C0149,P020,ST002,1,1499,0,Bank Transfer,Completed
ORD12631,21/04/2024,C0013,P039,ST001,2,1499,0,Mada,Completed
ORD14795,2023-01-20,C0205,P021,ST003,1,849,0.05, Mastercard  ,Completed
ORD15064,2024-03-20,C0029,P044,ST002,1,1099,0.05,Visa,Completed
ORD16615,2024-08-28,C0298,P014,ST001,1,5499,0,Apple Pay,Completed
ORD16964,2024-02-22,C0431,P025,ST003,1,2299,0,Apple Pay,Completed
ORD13711,2023-10-07,C0386,P021,ST002,1,849,0,Mastercard,Completed
ORD10733,2024-01-28,C0344,P017,ST001,1,1899,0.15,Mada,Completed
ORD11189,2024-03-10,C0498,P026,ST001,1,6799,0.15,Visa,Completed
ORD10179,2024-03-27,C0456,P039,ST001,3,1499,0.05,Mada,Completed
ORD17075,2024-07-29,C0260,P018,ST002,1,999,0,Mada,Completed
ORD14905,2024-07-29,C0173,P031,ST004,1,2699,0,Mada,Completed
ORD10649,2023-12-10,C0467,P011,ST002,1,2799,0.1,Mada,Completed
ORD14609,2023-10-28,C0416,P039,ST002,1,1499,0.1,Mastercard,Completed
ORD10299,2024-05-16,C0368,P017,ST003,1,1899,0,Apple Pay,Completed
ORD16842,2024-11-22,C0228,P005,ST001,4,1599,0,Mastercard,Completed
ORD13171,2023-09-22,C0179,P019,ST001,1,2299,0,Mada,Completed
ORD14982,2024-04-28,C0258,P036,ST003,1,599,0.1,Visa,Completed
ORD10402,2023-03-28,C0212,P010,ST002,2,6999,0.1,Mada,Completed
ORD15993,2024-03-02,C0320,P008,ST002,1,8999,0,Mada,Completed
ORD11197,2024-09-05,C0222,P043,ST001,1,1899,0.05,Mastercard,Completed
ORD13589,2023-05-25,C0376,P004,ST002,,4599,0, Visa  ,Completed
ORD16686,2023-09-02,C0024,P003,ST001,1,3499,0,Apple Pay,Completed
ORD14068,2023-12-21,C0149,P036,ST002,2,599,0.1,Mada,Completed
ORD15524,2024-11-07,C0198,P002,ST001,1,4299,0,Mada,Completed
ORD13661,2024-06-06,C0327,P037,ST001,1,2299,0.2,Mastercard,Completed
ORD17096,2023-12-28,C0430,P015,ST001,1,2899,0.1,Mada,Completed
ORD12146,2023-05-29,C0482,P001,ST001,1,5999,0,Mastercard,Returned
ORD14364,2023-02-01,C0471,P001,ST002,1,5999,0.15,Mastercard,Completed
ORD15975,2023-12-10,C0375,P043,ST004,2,1899,0.1,Mastercard,Completed
ORD12019,2023-03-27,C0471,P013,ST001,1,4299,0.05,Mada,Completed
ORD16433,2023-01-26,C0112,P045,ST001,1,599,0.1,Mada,Completed
ORD10699,2023-05-08,C0071,P049,ST003,1,399,0,Mada,Completed
ORD11599,2024-12-09,C0260,P047,ST002,1,119,0.05,Mastercard,Returned
ORD12796,2023-04-24,C0483,P040,ST001,1,349,0%,Mastercard,Completed
ORD14770,2023-03-13,C0166,P013,ST001,1,4299,0.1,Visa,Completed
ORD16885,2023-03-08,C0314,P005,ST003,2,1599,0,Mada,Completed
ORD15639,2024-08-31,C0198,P002,ST002,2,4299,0.05,Mada,Completed
ORD10252,2024-07-04,C0248,P045,ST002,1,599,0,Cash,Completed
ORD16465,2024-09-12,C0064,P021,ST001,2,849,0,Mastercard,Completed
ORD12910,2024-04-01,C0390,P026,ST001,1,6799,0.1,Mastercard,Completed
ORD14303,2024-03-21,C0040,P025,ST001,1,2299,0,Cash,Returned
ORD15430,2023-05-26,C0357,P017,ST003,1,1899,0,Mada,Completed
ORD12137,2023-01-04,C0240,P039,ST003,2,1499,0.05,Visa,Completed
ORD10643,2024-06-13,C0304,P007,ST001,1,2999,0.05,Mada,Completed
ORD13339,2024-11-11,C0408,P018,ST002,1,999,0.2,Apple Pay,Completed
ORD12237,2024-02-02,C0356,P005,ST002,1,1599,0,Visa,Completed
ORD17000,2024-01-13,C0479,P028,ST003,2,4299,0, Apple Pay  ,Completed
ORD12651,2023-11-09,C0138,P047,ST001,1,119,0,Mada,Completed
ORD11834,2024-07-14,C0461,P010,ST002,1,6999,0,Visa,Completed
ORD14968,2024-09-02,C0141,P024,ST002,1,3999,0,Mada,Completed
ORD13132,2023-02-12,C0038,P003,ST001,1,3499,0,Bank Transfer,Completed
ORD12384,2024-09-16,C0182,P021,ST001,3,849,0%,Visa,Completed
ORD15012,2023-06-18,C0406,P029,ST003,3,4999,0,Mastercard,Completed
ORD10997,2024-06-26,C0124,P023,ST004,1,3699,0.05,Mada,Completed
ORD17167,2024-02-04,C0240,P005,ST003,1,1599,0.1,Mada,Completed
ORD13937,2024-09-22,C0176,P032,ST001,1,2199,0.05,Cash,Completed
ORD14463,2023-06-07,C0211,P048,ST001,1,89,0,Mastercard,Completed
ORD16591,2024-11-21,C0018,P046,ST001,1,1199,0,Visa,Completed
ORD16860,2023-10-05,C0325,P032,ST002,2,2199,0,Bank Transfer,Completed
ORD11304,2023-05-12,C0127,P005,ST004,1,1599,0,Mada,Completed
ORD14144,2024-04-24,C0382,P028,ST002,1,4299,0,Visa,Completed
ORD16701,2023-07-25,C0145,P046,ST002,2,1199,0,Apple Pay,Completed
ORD13430,2024-05-12,C0285,P038,ST002,1,2199,0.1,Visa,Completed
ORD11061,2023-08-11,C0349,P047,ST002,3,119,0,Apple Pay,Completed
ORD13615,2023-11-17,C0049,P008,ST001,1,8999,0,Mada,Completed
ORD16650,2024-04-10,C0026,P024,ST003,1,3999,0.1,Mastercard,Completed
ORD13078,2024-11-04,C0470,P050,ST002,1,599,0%,Mada,Completed
ORD15884,2023-11-17,C0300,P024,ST001,1,3999,0,Mada,Completed
ORD10046,2023-05-25,C0250,P009,ST002,1,4999,0,Mastercard,Completed
ORD10309,2024-07-23,C0071,P007,ST002,1,2999,0,Apple Pay,Completed
ORD12915,2024-05-26,c0278,P022,ST001,1,1799,0,Visa,Completed
ORD10684,20/03/2023,c0130,P050,ST002,1,599,0,Mada,Completed
ORD14368,2024-04-14,C0485,P007,ST003,1,2999,0.1,Cash,Completed
ORD12792,2023-03-20,C0137,P010,ST001,1,6999,0,Bank Transfer,Completed
ORD12600,2024-08-16,C0180,P025,ST002,1,2299,0.05,Visa,Completed
ORD10469,2024-04-12,C0229,P001,ST002,1,5999,0,Mada,Completed
ORD11995,2023-01-29,C0413,P039,ST001,1,1499,0.05,Mada,Completed
ORD16588,2024-03-08,C0074,P015,ST001,1,2899,0,Visa,Completed
ORD16223,2023-06-24,C0111,P011,ST001,1,2799,0.05,Mada,Completed
ORD12323,2023-09-30,C0301,P038,ST002,1,2199,0.1,Mada,Completed
ORD15032,2023-04-06,C0245,P045,ST001,1,599,0,Mada,Completed
ORD14342,2024-03-12,c0416,P039,ST001,1,1499,0,Cash,Completed
ORD10022,2024-04-26,C0365,P005,ST001,1,1599,0,Mada,Completed
ORD13703,2023-11-10,C0234,P023,ST003,1,3699,0,Apple Pay,Completed
ORD16008,2023-11-01,C0165,P016,ST004,1,3699,0.2,Mastercard,Completed
ORD10825,2023-08-13,C0186,P001,ST001,1,5999,0.1,Bank Transfer,Completed
ORD17145,2024-03-22,C0393,P042,ST002,1,11499,0.1,Mada,Completed
ORD15585,2024-07-02,C0397,P050,ST001,1,599,0.05,Visa,Completed
ORD16889,2024-06-22,C0366,P009,ST003,1,4999,0,Mada,Completed
ORD13424,2024-03-19,C0200,P017,ST001,1,1899,0,Visa,Completed
ORD17152,2023-02-18,C0035,P003,ST003,1,3499,0,Cash,Completed
ORD12829,2024-08-30,C0096,P043,ST002,3,1899,0,Mada,Completed
ORD14545,2023-02-04,C0216,P012,ST002,1,7299,0,Mada,Completed
ORD15861,2023-09-02,C0175,P010,ST001,1,6999,0.1,Apple Pay,Completed
ORD14815,2023-02-18,C0351,P016,ST002,1,3699,0.1, Mada  ,Completed
ORD16078,2024-04-16,C0166,P049,ST003,1,399,0.1,Visa,Completed
ORD12481,2023-08-09,C0342,P033,ST002,2,2699,0,Mastercard,Completed
ORD10054,2023-03-02,C0361,P039,ST002,1,1499,0,Mastercard,Completed
ORD12584,2024-05-10,C0218,P007,ST002,1,2999,0.15,Visa,Returned
ORD14136,2023-10-13,C0280,P031,ST003,1,2699,0,Mada,Completed
ORD14009,2024-04-05,C0496,P042,ST003,2,11499,0.05,Mada,Completed
ORD17087,2024-07-15,C0129,P020,ST003,1,1499,0,Mada,Completed
ORD16756,2024-03-27,C0262,P046,ST004,1,1199,0,Apple Pay,Completed
ORD15157,2023-03-09,C0239,P020,ST001,1,1499,0,Visa,Completed
ORD15936,2024-03-10,C0393,P038,ST002,1,2199,0,Apple Pay,Returned
ORD13007,2023-10-25,C0017,P004,ST001,4,4599,0,Cash,Completed
ORD12347,2023-09-15,C0409,P028,ST001,1,4299,0,Mada,Completed
ORD16326,2023-08-29,C0484,P048,ST003,2,89,0.2,Mada,Completed
ORD10176,2023-01-12,C0039,P031,ST001,2,2699,0.1,Mada,Completed
ORD13508,2024-07-19,C0023,P007,ST001,1,2999,0,Mada,Completed
ORD13904,2024-02-20,C0233,P018,ST001,1,999,0,Apple Pay,Completed
ORD14881,2024-03-10,C0053,P027,ST002,1,3499,0,Mastercard,Completed
ORD14379,2024-03-19,C0479,P027,ST002,1,3499,0.1,Mada,Completed
ORD11829,2023-06-15,C0491,P001,ST003,1,5999,0,Mastercard,Completed
ORD11192,2023-06-13,C0116,P013,ST002,1,4299,0,Mada,Returned
ORD13546,2023-03-27,C0104,P025,ST001,1,2299,0.05,Bank Transfer,Completed
ORD11698,2023-09-24,C0453,P049,ST001,1,399,0.15,Visa,Completed
ORD17011,2024-03-11,C0172,P003,ST003,1,3499,0,Mada,Completed
ORD11901,2023-12-14,C0216,P035,ST004,1,849,0.05,Apple Pay,Completed
ORD16613,2024-09-05,C0137,P017,ST001,1,1899,0,Apple Pay,Completed
ORD16592,2024-03-27,C0469,P038,ST004,1,2199,0,Apple Pay,Completed
ORD13377,2024-11-27,C0355,P033,ST003,1,2699,0.1,Mada,Completed
ORD13962,2023-08-03,C0481,P026,ST002,1,6799,0.05,Visa,Completed
ORD15272,2024-09-14,C0361,P042,ST001,1,11499,0,Cash,Completed
ORD14664,2023-03-13,C0204,P012,ST003,2,7299,0,Mada,Completed
ORD16090,2024-08-25,C0096,P009,ST001,1,4999,0,Mada,Completed
ORD16539,2024-05-07,C0324,P039,ST002,2,1499,0,Mada,Completed
ORD10089,2023-05-26,C0359,P015,ST001,2,2899,0%,Visa,Completed
ORD11912,2024-06-21,C0179,P037,ST002,2,2299,0.05,Visa,Completed
ORD16963,2024-01-28,C0029,P024,ST001,1,3999,0.1,Mastercard,Completed
ORD15937,2023-10-14,C0014,P034,ST001,1,3299,0,Mastercard,Completed
ORD10948,2023-04-09,C0396,P044,ST002,1,1099,0.1,Cash,Completed
ORD13288,2024-10-02,C0077,P016,ST003,1,3699,0,Apple Pay,Completed
ORD11132,2024-04-04,C0111,P031,ST002,1,2699,0,Mada,Completed
ORD12132,2024-05-01,C0302,P049,ST001,1,399,0.05,Cash,Completed
ORD15101,2023-12-12,C0036,P029,ST003,1,4999,0.1,Mastercard,Completed
ORD13833,2024-07-20,C0305,P003,ST001,1,3499,0,Visa,Completed
ORD11259,2024-04-19,C0467,P019,ST002,1,2299,0,Mastercard,Completed
ORD14180,2024-03-27,C0020,P017,ST003,1,1899,0.1,Mada,Completed
ORD11036,2023-02-09,C0384,P041,ST002,2,10999,0,Visa,Completed
ORD14021,2024-03-23,C0481,P033,ST001,2,2699,0,Apple Pay,Completed
ORD13105,2024-12-20,C0024,P047,ST001,1,119,0.1,Cash,Completed
ORD16048,2023-03-03,C0314,P030,ST004,1,6499,0,Mada,Completed
ORD10238,2024-05-08,C0429,P038,ST002,2,2199,0.15,Mada,Completed
ORD12144,2024-03-29,C0296,P028,ST002,1,4299,0,Apple Pay,Completed
ORD16966,2024-03-07,C0062,P011,ST003,1,2799,0.1,Mastercard,Completed
ORD11675,2023-04-03,C0416,P003,ST002,1,3499,0,Visa,Completed
ORD13576,2023-09-26,C0192,P019,ST004,1,2299,0.05,Mastercard,Completed
ORD11105,2023-08-11,C0341,P021,ST002,2,849,0.05,Bank Transfer,Completed
ORD13874,2023-10-18,C0335,P046,ST002,1,1199,0.15,Mada,Completed
ORD13714,2024-10-05,C0404,P025,ST003,3,2299,0,Cash,Completed
ORD15082,2023-12-28,C0137,P018,ST002,1,999,0.05,Mada,Completed
ORD13720,2024-07-11,C0288,P004,ST001,,4599,0,Visa,Completed
ORD13250,2024-06-15,C0178,P004,ST002,2,4599,0,Mada,Completed
ORD13273,2024-04-21,C0113,P010,ST004,1,6999,0,Visa,Returned
ORD16574,2024-04-14,C0091,P006,ST004,2,3999,0,Mada,Completed
ORD10406,2024-06-28,C0140,P028,ST004,1,4299,0.05,Mada,Completed
ORD14162,2024-10-04,C0064,P002,ST003,1,4299,0.05, Mada  ,Completed
ORD11523,2023-11-14,C0021,P025,ST003,1,2299,0,Mada,Completed
ORD16955,2024-12-25,C0369,P004,ST003,2,4599,0,Apple Pay,Completed
ORD17112,2023-05-25,C0016,P033,ST001,2,2699,0,Mastercard,Completed
ORD11867,2024-06-27,C0374,P010,ST004,3,6999,0,Mada,Completed
ORD16691,2023-06-17,C0017,P047,ST003,1,119,0,Mastercard,Completed
ORD14189,2024-04-27,C0280,P011,ST002,1,2799,0,Mada,Completed
ORD14479,2023-02-17,c0314,P002,ST004,1,4299,0,Apple Pay,Completed
ORD13506,2023-02-17,C0216,P016,ST002,2,3699,0.05,Mastercard,Completed
ORD11474,2024-02-18,C0380,P027,ST001,1,3499,0,Mada,Completed
ORD16593,2023-03-11,C0276,P030,ST003,1,6499,0,Mada,Completed
ORD10685,2024-04-13,C0006,P026,ST001,2,6799,0,Cash,Completed
ORD13718,2024-09-18,C0265,P018,ST001,3,999,0.05,Apple Pay,Completed
ORD16622,2023-11-06,C0270,P005,ST003,1,1599,0,Visa,Completed
ORD10182,2024-07-14,C0421,P003,ST003,2,3499,0,Cash,Completed
ORD15296,2024-07-14,C0473,P012,ST001,1,7299,0,Mastercard,Completed
ORD12150,2024-01-22,C0149,P046,ST002,1,1199,0,Cash,Completed
ORD15304,2023-07-05,C0319,P025,ST001,1,2299,0.1,Mada,Completed
ORD15259,2024-08-18,C0316,P023,ST001,3,3699,0.1,Mada,Completed
ORD13931,2024-07-26,C0489,P043,ST001,2,1899,0.05,Apple Pay,Returned
ORD13000,2023-09-24,C0264,P003,ST001,3,3499,0,Visa,Completed
ORD17008,2023-06-08,C0466,P028,ST001,1,4299,0,Mada,Completed
ORD13623,2023-10-27,C0452,P016,ST001,2,3699,0.05,Apple Pay,Completed
ORD15277,2024-01-15,C0130,P033,ST001,1,2699,0.05,Apple Pay,Completed
ORD11988,2024-04-07,C0084,P033,ST001,1,2699,0.1,Mada,Completed
ORD17229,2023-04-25,C0037,P020,ST004,1,1499,0.2,Visa,Completed
ORD13169,2024-11-21,C0165,P041,ST004,1,10999,0,Cash,Completed
ORD14869,2023-10-20,C0121,P041,ST001,1,10999,0,Visa,Completed
ORD15049,2024-10-21,C0399,P033,ST003,1,2699,0,Mastercard,Completed
ORD12553,2024-08-06,C0358,P045,ST002,1,599,0,Mada,Completed
ORD12065,2024-12-07,C0191,P007,ST003,1,2999,0,Mada,Cancelled
ORD16590,2023-08-26,C0004,P033,ST003,2,2699,0.05,Apple Pay,Completed
ORD16208,2024-09-16,C0271,P013,ST003,3,4299,0,Mada,Completed
ORD15512,2024-09-27,C0487,P025,ST002,1,2299,0.1,Mada,Completed
ORD14452,2024-04-09,C0180,P022,ST004,1,1799,0,Mada,Completed
ORD10348,2023-10-23,C0392,P009,ST001,3,4999,0,Visa,Completed
ORD17137,2023-09-07,C0433,P009,ST002,1,4999,0,Visa,Completed
ORD11442,2024-02-05,C0200,P003,ST001,2,3499,0.1,Visa,Completed
ORD11356,2024-03-15,C0335,P037,ST001,1,2299,0.15,Mada,Completed
ORD15575,14/11/2023,C0192,P015,ST002,1,2899,0.05,Apple Pay,Completed
ORD13238,2024-03-05,C0305,P027,ST001,1,3499,0,Bank Transfer,Completed
ORD14374,2023-01-15,C0413,P034,ST004,1,3299,0,Mada,Completed
ORD10078,2023-12-22,C0384,P047,ST003,1,119,0,Mada,Completed
ORD10393,2024-04-28,C0280,P046,ST003,1,1199,0,Mada,Completed
ORD11493,2024-05-07,C0357,P020,ST001,1,1499,0,Mastercard,Completed
ORD14733,2024-06-17,C0008,P033,ST001,1,2699,0,Visa,Completed
ORD12395,2023-04-05,C0077,P049,ST002,1,399,0, Mada  ,Completed
ORD14080,2023-09-22,c0327,P005,ST003,1,1599,0,Mada,Completed
ORD10870,2024-03-16,C0027,P013,ST004,1,4299,0,Mastercard,Completed
ORD12545,2024-03-27,C0315,P029,ST003,1,4999,0.05,Cash,Completed
ORD15262,2024-04-25,C0201,P016,ST002,1,3699,0,Mastercard,Completed
ORD13999,2023-01-22,C0292,P027,ST002,1,3499,0.05,Mastercard,Completed
ORD16994,2023-10-04,C0294,P033,ST001,1,2699,0.05,Visa,Completed
ORD15774,2023-05-07,C0279,P046,ST001,1,1199,15%,Mada,Completed
ORD14348,2024-05-23,C0120,P010,ST002,1,6999,0.05,Apple Pay,Completed
ORD15241,2023-11-02,C0333,P021,ST003,1,849,0,Mada,Completed
ORD15726,2024-09-26,C0422,P031,ST003,3,2699,0,Mastercard,Completed
ORD10502,2024-03-16,C0236,P029,ST001,1,4999,0,Mada,Completed
ORD10795,2024-01-06,C0108,P039,ST002,1,1499,0.05,Mada,Completed
ORD10949,2024-03-24,C0032,P049,ST003,4,399,0.15,Mada,Completed
ORD14298,2023-12-25,C0471,P024,ST002,1,3999,0,Mada,Completed
ORD13627,2024-12-31,C0283,P015,ST003,1,2899,0,Apple Pay,Completed
ORD11289,2023-10-22,C0041,P004,ST002,1,4599,0,Mada,Completed
ORD11411,2024-10-15,C0155,P049,ST002,1,399,0.05,Mada,Completed
ORD12205,2024-08-27,C0253,P001,ST004,1,5999,0,Visa,Completed
ORD13498,2023-01-22,C0252,P010,ST001,3,6999,0.2,Visa,Completed
ORD14816,2023-02-08,C0096,P047,ST001,2,119,0,Mada,Completed
ORD15029,2023-10-22,C0025,P017,ST003,1,1899,0,Mastercard,Completed
ORD10857,2023-12-30,C0102,P001,ST002,1,5999,0.1,Mastercard,Completed
ORD13421,2024-10-21,C0206,P043,ST002,2,1899,0.15,Visa,Completed
ORD16560,2023-02-09,C0440,P044,ST003,1,1099,0,Mastercard,Completed
ORD12974,2023-03-04,C0293,P024,ST002,2,3999,0,Mada,Completed
ORD16958,2024-04-26,C0197,P035,ST002,1,849,0,Apple Pay,Completed
ORD17062,2024-03-09,C0021,P049,ST004,1,399,0,Mada,Completed
ORD11278,2024-10-11,C0254,P006,ST004,1,3999,0.2,Apple Pay,Completed
ORD10414,2023-07-25,C0221,P032,ST001,1,2199,0,Mastercard,Completed
ORD10048,2023-05-20,C0351,P036,ST002,1,599,0%,Cash,Completed
ORD14288,2024-06-27,C0283,P004,ST004,4,4599,0,Visa,Completed
ORD17136,2024-03-12,C0033,P019,ST003,1,2299,0.2,Mada,Completed
ORD11991,2024-03-24,C0305,P002,ST002,1,4299,0,Mastercard,Completed
ORD14915,2023-12-08,C0440,P039,ST003,1,1499,0.05,Mada,Completed
ORD11240,2024-06-24,C0461,P006,ST001,1,3999,0,Mada,Completed
ORD13459,2024-04-14,C0168,P035,ST001,1,849,0.1,Mada,Completed
ORD11311,2023-11-18,C0310,P042,ST002,1,11499,0.15,Cash,Completed
ORD10231,2024-03-05,C0086,P003,ST002,,3499,0,Mada,Completed
ORD12734,2023-07-17,C0164,P005,ST002,2,1599,0,Mastercard,Completed
ORD11843,2024-03-22,C0350,P011,ST001,4,2799,0,Mastercard,Completed
ORD15668,2023-12-28,C0101,P012,ST001,1,7299,0,Cash,Completed
ORD14105,2024-07-17,C0017,P005,ST002,1,1599,0.15,Visa,Returned
ORD15093,2023-10-02,C0275,P030,ST002,1,6499,0,Mada,Completed
ORD13710,2023-06-23,C0477,P046,ST004,3,1199,0,Visa,Completed
ORD12963,2024-01-10,C0119,P003,ST001,1,3499,0.1,Cash,Completed
ORD11421,2024-07-14,C0440,P014,ST004,1,5499,0,Cash,Completed
ORD14679,2024-04-04,C0381,P036,ST002,3,599,0,Mastercard,Completed
ORD14440,2024-03-12,C0059,P005,ST001,1,1599,0,Visa,Completed
ORD14404,2024-12-09,C0065,P024,ST002,1,3999,0.1,Mastercard,Completed
ORD11133,2023-01-10,C0330,P008,ST003,1,8999,0,Apple Pay,Completed
ORD15314,2024-02-11,C0401,P041,ST001,1,10999,0,Mada,Completed
ORD10484,2023-06-26,C0073,P008,ST001,1,8999,0.1,Mada,Completed
ORD15584,2023-05-28,C0109,P023,ST001,3,3699,0,Mada,Completed
ORD13319,2023-07-21,C0274,P035,ST002,2,849,0,Visa,Completed
ORD11488,2023-10-10,C0464,P018,ST004,1,999,0,Cash,Completed
ORD12484,2024-04-25,C0018,P037,ST003,1,2299,0.05,Mada,Completed
ORD14500,2023-11-17,C0297,P037,ST003,1,2299,0,Mada,Completed
ORD10509,2023-01-21,C0294,P021,ST002,1,849,0,Visa,Completed
ORD16380,2023-11-05,C0457,P041,ST004,3,10999,0.2,Cash,Completed
ORD17172,2024-07-01,C0331,P018,ST001,3,999,0.1,Mada,Completed
ORD14754,2023-08-08,C0282,P011,ST001,1,2799,0.1,Visa,Completed
ORD14446,2023-06-13,C0040,P017,ST003,1,1899,0,Visa,Completed
ORD12804,2024-02-21,C0454,P016,ST003,1,3699,0,Cash,Completed
ORD12164,2023-05-22,C0244,P034,ST001,1,3299,0,Visa,Completed
ORD14604,2024-05-31,C0272,P030,ST003,1,6499,0,Visa,Completed
ORD13408,2023-07-29,C0063,P040,ST002,2,349,0,Visa,Completed
ORD14478,2024-01-20,C0092,P010,ST001,2,6999,0.05,Mada,Completed
ORD15385,2024-04-27,C0211,P003,ST001,1,3499,0,Mada,Completed
ORD15848,2023-07-16,C0194,P023,ST002,1,3699,0,Mada,Completed
ORD13534,2023-01-02,C0040,P048,ST004,2,89,0.05,Visa,Completed
ORD12749,2024-06-04,C0313,P018,ST001,4,999,0.05,Mastercard,Completed
ORD13953,2024-08-07,C0009,P016,ST003,1,3699,0.05,Visa,Completed
ORD10663,2024-04-14,C0163,P028,ST002,1,4299,0.1,Mada,Completed
ORD11866,2023-11-21,C0337,P004,ST001,1,4599,0,Mada,Completed
ORD10739,2024-09-08,C0075,P001,ST001,1,5999,0,Mada,Completed
ORD10136,2024-02-21,C0082,P024,ST003,2,3999,0,Cash,Completed
ORD16611,2023-02-24,C0281,P032,ST004,2,2199,0,Mada,Completed
ORD10476,2023-03-10,C0322,P031,ST002,1,2699,0.1,Bank Transfer,Completed
ORD11575,2024-04-03,C0028,P039,ST001,1,1499,0.05,Cash,Completed
ORD10172,2024-01-24,C0457,P044,ST002,2,1099,0.05,Apple Pay,Completed
ORD15750,2023-01-13,C0001,P046,ST003,1,1199,0, Mastercard  ,Returned
ORD16899,2024-03-22,C0357,P016,ST003,1,3699,0.15,Apple Pay,Returned
ORD17079,09/09/2023,C0466,P012,ST002,1,7299,0,Apple Pay,Completed
ORD17077,2024-05-07,C0074,P035,ST004,1,849,0,Visa,Completed
ORD17043,2023-03-12,C0314,P001,ST002,1,5999,0%,Mada,Completed
ORD16021,2023-02-18,C0366,P007,ST001,1,2999,0.2,Mada,Completed
ORD13384,2024-04-13,C0394,P047,ST001,1,119,0,Mastercard,Completed
ORD13226,2024-04-16,C0475,P050,ST001,1,599,0.2,Mastercard,Completed
ORD14483,2023-01-06,C0366,P045,ST001,2,599,0.1,Cash,Completed
ORD14142,2024-01-31,C0342,P018,ST002,1,999,0.1,Mada,Completed
ORD12827,2023-12-06,C0285,P047,ST001,1,119,0,Visa,Completed
ORD11296,2023-07-14,C0237,P045,ST001,1,599,0,Cash,Completed
ORD15267,2024-06-17,C0359,P018,ST003,1,999,0,Mastercard,Completed
ORD10645,2023-11-16,C0454,P042,ST002,2,11499,0,Mada,Completed
ORD16601,2023-10-19,C0046,P013,ST003,1,4299,0,Apple Pay,Completed
ORD13381,2024-10-04,C0177,P039,ST003,1,1499,0.05,Mada,Completed
ORD14533,2023-05-19,C0071,P043,ST003,2,1899,0,Mastercard,Completed
ORD11791,2024-03-16,C0359,P001,ST003,3,5999,0,Mastercard,Completed
ORD15247,2024-04-19,C0264,P007,ST004,2,2999,0.05,Visa,Returned
ORD13224,2023-05-28,C0457,P028,ST001,1,4299,0,Cash,Completed
ORD10564,2024-11-08,C0153,P003,ST003,1,3499,0.1,Cash,Completed
ORD12128,2024-01-15,C0127,P018,ST003,1,999,0.05,Mada,Completed
ORD13209,2024-01-23,C0248,P010,ST003,1,6999,0.2,Mada,Completed
ORD11182,2024-06-10,C0250,P012,ST001,1,7299,0.1,Visa,Completed
ORD16441,2023-01-22,C0066,P048,ST002,1,89,0,Apple Pay,Completed
ORD14135,2024-12-05,C0113,P020,ST002,2,1499,0,Mastercard,Completed
ORD11969,2023-08-11,C0415,P040,ST001,1,349,0.15,Mada,Completed
ORD14571,2023-04-22,C0413,P018,ST001,1,999,0.1, Mastercard  ,Completed
ORD16898,2023-08-29,C0051,P042,ST001,1,11499,0,Mastercard,Completed
ORD12577,2024-10-30,C0177,P022,ST001,1,1799,0,Visa,Completed
ORD13757,2023-10-31,C0206,P015,ST002,1,2899,0.1,Cash,Completed
ORD14398,2024-04-27,C0157,P034,ST001,3,3299,0,Mada,Completed
ORD13023,2023-01-26,C0382,P006,ST004,2,3999,0,Mada,Completed
ORD15739,2024-02-25,C0368,P047,ST001,1,119,0,Visa,Completed
ORD12492,2024-03-23,C0476,P043,ST002,1,1899,0.1,Mada,Completed
ORD13734,2023-10-24,C0276,P040,ST002,1,349,0,Mada,Completed
ORD16859,2024-03-24,C0128,P046,ST002,4,1199,0,Visa,Completed
ORD13629,2024-03-12,C0334,P048,ST002,3,89,0,Visa,Completed
ORD15100,2023-09-08,c0376,P048,ST004,1,89,0,Mada,Completed
ORD11204,2024-02-27,C0181,P017,ST003,1,1899,0.05,Mada,Returned
ORD13146,2024-01-22,C0013,P008,ST002,1,8999,0,Mada,Completed
ORD13671,2024-03-13,C0492,P027,ST001,1,3499,0,Cash,Completed
ORD11174,2023-05-18,C0463,P001,ST003,1,5999,0,Mada,Completed
ORD16952,2024-01-27,C0447,P034,ST002,2,3299,0,Apple Pay,Completed
ORD13637,2023-03-10,C0057,P027,ST001,1,3499,0.05,Cash,Completed
ORD13298,2024-03-06,C0373,P007,ST001,1,2999,0.1,Apple Pay,Completed
ORD10462,2023-02-05,C0084,P010,ST004,1,6999,0,Mada,Completed
ORD12964,2023-10-02,C0076,P004,ST002,3,4599,0.05,Mada,Completed
ORD12878,2023-08-19,C0420,P047,ST003,1,119,0,Bank Transfer,Completed
ORD16358,2023-09-15,C0417,P013,ST002,1,4299,0,Mastercard,Returned
ORD10501,2024-05-24,C0010,P022,ST001,2,1799,0,Mada,Returned
ORD16442,2024-04-19,C0217,P007,ST001,1,2999,0,Visa,Completed
ORD10349,2024-05-25,C0244,P032,ST001,1,2199,0,Visa,Completed
ORD14018,2024-12-05,C0214,P030,ST002,3,6499,0,Mada,Completed
ORD16211,2023-05-13,C0004,P022,ST003,1,1799,0,Mastercard,Completed
ORD14843,2024-10-10,C0427,P032,ST001,3,2199,0.2,Apple Pay,Returned
ORD12781,22/11/2023,C0219,P029,ST003,2,4999,0,Cash,Completed
ORD10002,2023-07-14,C0310,P049,ST001,1,399,0,Visa,Completed
ORD15220,2023-05-09,C0294,P049,ST003,1,399,0,Visa,Completed
ORD10083,2023-09-12,C0062,P018,ST003,2,999,0,Apple Pay,Completed
ORD16786,2023-03-23,C0381,P046,ST001,1,1199,0.1,Mastercard,Completed
ORD12521,2023-01-26,C0075,P036,ST001,1,599,0,Apple Pay,Completed
ORD12891,2023-07-23,C0227,P004,ST001,2,4599,0%,Mada,Completed
ORD15941,2024-03-01,C0273,P028,ST003,1,4299,0,Mada,Completed
ORD16875,2024-09-26,C0032,P045,ST003,3,599,0,Mada,Completed
ORD13218,2024-02-05,C0494,P022,ST004,1,1799,0,Visa,Returned
ORD13726,2024-05-11,C0174,P022,ST003,3,1799,0, Mada  ,Completed
ORD16795,2024-02-26,C0424,P024,ST003,1,3999,0,Mada,Completed
ORD15111,2023-06-04,C0306,P013,ST002,1,4299,0.1,Apple Pay,Completed
ORD15183,2023-10-23,C0158,P021,ST002,1,849,0.05,Cash,Completed
ORD10927,2024-02-13,C0089,P017,ST001,3,1899,0,Mastercard,Completed
ORD15318,2024-08-27,C0306,P021,ST002,1,849,0,Mada,Completed
ORD11886,10/08/2023,C0261,P010,ST004,3,6999,0.15,Mada,Completed
ORD16986,2024-03-08,C0419,P023,ST001,1,3699,0,Mastercard,Completed
ORD12862,2024-04-24,C0332,P017,ST001,1,1899,0,Mastercard,Returned
ORD10872,2024-12-28,C0134,P026,ST002,2,6799,0.05,Mada,Completed
ORD16787,2024-08-06,C0077,P011,ST003,1,2799,0.05,Visa,Completed
ORD16262,2024-03-14,C0303,P032,ST003,1,2199,0,Cash,Completed
ORD15007,2023-07-24,C0376,P010,ST001,1,6999,0,Mastercard,Completed
ORD14784,2024-04-04,C0487,P002,ST004,1,4299,0,Mastercard,Completed
ORD12499,2024-04-06,C0025,P010,ST001,1,6999,0,Mada,Completed
ORD15909,2024-04-17,C0121,P042,ST001,1,11499,0.1,Mada,Completed
ORD11874,2023-07-02,C0485,P012,ST001,1,7299,0.05, Visa  ,Completed
ORD16399,2023-12-03,C0277,P017,ST003,1,1899,0.1,Visa,Completed
ORD11135,2024-05-09,C0175,P020,ST004,1,1499,0,Mastercard,Completed
ORD14891,2024-06-22,C0171,P001,ST002,1,5999,0,Visa,Completed
ORD13562,2023-10-31,C0104,P010,ST003,4,6999,0,Visa,Completed
ORD16949,2024-03-13,C0042,P018,ST003,1,999,0.05,Cash,Completed
ORD10705,2024-03-12,C0311,P047,ST001,1,119,0,Mada,Completed
ORD10704,2023-05-25,C0478,P012,ST001,1,7299,0.1,Visa,Completed
ORD14986,2024-03-24,C0211,P049,ST003,2,399,0,Mada,Completed
ORD13403,2023-05-12,C0257,P020,ST004,1,1499,0.05,Cash,Completed
ORD13761,2023-03-05,C0286,P034,ST002,1,3299,0,Bank Transfer,Completed
ORD12853,2024-04-12,C0154,P010,ST002,1,6999,0.05,Mada,Completed
ORD15990,2023-01-06,C0360,P040,ST001,1,349,0.05,Apple Pay,Completed
ORD12609,2024-08-07,C0364,P017,ST002,1,1899,0.2,Visa,Completed
ORD14844,2024-09-24,C0248,P041,ST002,1,10999,0.1,Visa,Completed
ORD13541,2023-05-10,C0180,P006,ST001,1,3999,0,Mada,Completed
ORD13434,2023-03-18,C0269,P001,ST002,1,5999,0.1,Mada,Returned
ORD16080,2023-03-06,C0434,P044,ST002,1,1099,0.05,Mada,Completed
ORD16606,2023-10-31,C0271,P013,ST002,1,4299,0%,Mada,Completed
ORD14503,2023-04-22,C0056,P015,ST002,2,2899,0.15,Mastercard,Completed
ORD15997,2023-06-01,C0241,P036,ST002,1,599,0,Cash,Completed
ORD13945,2023-09-14,C0357,P037,ST001,2,2299,0,Apple Pay,Completed
ORD13450,2024-02-12,C0122,P040,ST001,1,349,0.1,Apple Pay,Completed
ORD16236,2024-03-17,C0035,P014,ST002,1,5499,0.1,Mada,Completed
ORD10018,2024-02-12,C0200,P037,ST001,1,2299,0.1,Visa,Completed
ORD12777,2023-07-25,C0350,P027,ST001,1,3499,0,Mastercard,Completed
ORD15116,2024-04-09,C0320,P040,ST002,1,349,0.05,Mada,Completed
ORD13750,2024-05-16,C0427,P048,ST003,1,89,0.2,Visa,Completed
ORD17093,2024-03-14,C0084,P018,ST001,1,999,0.1,Visa,Completed
ORD10771,2024-04-13,C0220,P030,ST004,1,6499,0,Cash,Completed
ORD15711,2024-09-11,C0478,P027,ST001,3,3499,0,Mada,Completed
ORD10423,2024-04-05,C0022,P022,ST001,1,1799,0.1,Mada,Completed
ORD11009,2024-06-03,C0362,P048,ST002,1,89,0.1,Apple Pay,Completed
ORD11020,2024-04-05,C0195,P002,ST002,3,4299,0, Cash  ,Completed
ORD10837,2023-07-26,C0023,P018,ST001,1,999,0,Cash,Completed
ORD17061,2023-08-14,C0185,P046,ST001,1,1199,0,Visa,Completed
ORD10276,2024-03-19,C0223,P041,ST002,1,10999,0.1,Mastercard,Completed
ORD15776,2024-04-14,C0281,P001,ST001,1,5999,0,Mastercard,Completed
ORD16284,2023-12-09,C0027,P046,ST001,3,1199,0,Bank Transfer,Completed
ORD15805,2024-06-04,C0325,P032,ST003,1,2199,0,Visa,Completed
ORD15998,2024-07-25,C0031,P046,ST004,1,1199,0,Visa,Completed
ORD16881,2023-04-03,C0453,P020,ST003,1,1499,0.15,Mada,Completed
ORD14182,2024-12-29,C0229,P044,ST001,1,1099,0,Apple Pay,Completed
ORD12889,15/03/2024,C0052,P047,ST003,1,119,0,Apple Pay,Completed
ORD12152,2023-05-02,C0080,P032,ST001,1,2199,0.1, Apple Pay  ,Completed
ORD13181,2024-08-13,C0371,P014,ST002,1,5499,0.05,Mastercard,Completed
ORD16816,2024-04-29,C0252,P025,ST002,1,2299,0,Mastercard,Completed
ORD10631,2024-08-02,C0034,P012,ST002,1,7299,0,Apple Pay,Completed
ORD16434,2023-12-18,C0134,P039,ST001,1,1499,0,Mastercard,Returned
ORD15903,2024-06-07,C0193,P034,ST001,2,3299,0.1,Mada,Completed
ORD10442,2024-06-18,C0008,P038,ST004,1,2199,0,Cash,Completed
ORD11354,2023-04-07,C0166,P016,ST003,1,3699,0,Cash,Completed
ORD10821,2024-03-13,C0219,P031,ST002,2,2699,0,Mada,Returned
ORD10224,2024-03-06,C0377,P037,ST002,1,2299,0.15,Apple Pay,Completed
ORD10613,2024-03-18,C0079,P010,ST001,1,6999,0.1,Visa,Completed
ORD16420,2024-05-27,C0279,P030,ST001,1,6499,0,Mada,Completed
ORD12863,2024-04-21,C0122,P014,ST002,1,5499,0,Visa,Completed
ORD14716,2023-09-14,C0497,P016,ST001,1,3699,0,Bank Transfer,Completed
ORD15556,2023-09-19,C0140,P046,ST003,1,1199,0.1,Visa,Completed
ORD10061,2023-04-12,C0226,P002,ST003,1,4299,0.1,Bank Transfer,Completed
ORD13539,2023-01-12,C0234,P009,ST001,1,4999,0,Apple Pay,Completed
ORD14402,2024-03-09,C0276,P023,ST003,1,3699,0,Visa,Completed
ORD13046,2023-08-28,C0409,P049,ST004,1,399,0.05,Mada,Completed
ORD12241,2024-03-11,C0341,P002,ST001,1,4299,0.05,Apple Pay,Completed
ORD10534,2024-03-21,C0265,P037,ST001,1,2299,0,Cash,Completed
ORD13639,2023-12-31,C0252,P022,ST001,1,1799,0,Apple Pay,Completed
ORD14119,2023-05-03,C0308,P033,ST003,1,2699,0.1,Cash,Completed
ORD15273,2023-04-11,C0117,P032,ST001,1,2199,0.1,Apple Pay,Completed
ORD12807,2024-12-12,C0386,P040,ST002,1,349,0,Apple Pay,Completed
ORD13052,2024-09-15,C0329,P028,ST004,1,4299,0,Apple Pay,Completed
ORD15865,2024-09-20,C0009,P011,ST001,1,2799,0,Apple Pay,Completed
ORD15537,2023-04-17,C0363,P018,ST002,1,999,0,Mada,Completed
ORD11619,2024-05-02,C0436,P007,ST004,1,2999,0,Mada,Completed
ORD13525,2023-11-30,C0405,P026,ST002,1,6799,0.05,Apple Pay,Returned
ORD15723,2024-03-28,C0360,P024,ST002,1,3999,0.1,Mada,Completed
ORD14886,2023-10-16,C0337,P017,ST002,1,1899,0,Cash,Completed
ORD15380,2023-11-07,C0242,P033,ST002,2,2699,0.05,Bank Transfer,Completed
ORD12839,2023-01-09,C0095,P014,ST001,1,5499,0,Mada,Completed
ORD13415,2023-09-28,C0352,P029,ST004,1,4999,0,Mada,Completed
ORD12244,2024-03-17,C0024,P022,ST002,1,1799,0.1,Cash,Completed
ORD11279,2024-03-03,C0267,P017,ST002,1,1899,0,Mada,Completed
ORD15880,2024-08-14,C0332,P035,ST002,1,849,0,Visa,Completed
ORD15133,2024-07-22,C0032,P020,ST002,1,1499,0,Visa,Completed
ORD15688,2024-03-22,C0308,P041,ST001,1,10999,0%,Apple Pay,Completed
ORD14598,2024-10-12,C0194,P004,ST002,3,4599,0.1,Apple Pay,Completed
ORD13138,2024-02-22,C0276,P001,ST001,1,5999,0, Mastercard  ,Completed
ORD15090,2024-11-21,C0246,P047,ST002,1,119,0.05,Visa,Completed
ORD11112,2023-09-08,C0257,P016,ST002,2,3699,0.2,Apple Pay,Completed
ORD11235,2024-04-03,C0123,P005,ST003,1,1599,0,Visa,Returned
ORD12388,2023-05-24,C0079,P002,ST001,1,4299,0.1,Mada,Completed
ORD14821,2024-06-26,C0445,P037,ST001,1,2299,0,Mada,Completed
ORD15753,2024-08-03,C0212,P019,ST002,1,2299,0,Mastercard,Completed
ORD12946,2023-09-01,C0026,P035,ST001,1,849,0,Apple Pay,Completed
ORD12480,2023-07-15,C0302,P048,ST002,3,89,0.1,Mada,Completed
ORD16965,2024-03-10,C0376,P043,ST001,1,1899,0,Mada,Completed
ORD13952,2024-02-20,C0499,P001,ST003,1,5999,0,Mastercard,Completed
ORD16305,2024-10-20,C0072,P010,ST003,1,6999,0,Cash,Completed
ORD11978,31/07/2023,C0105,P025,ST002,1,2299,0.1,Visa,Completed
ORD15234,2024-03-06,C0039,P040,ST002,1,349,0.1,Mastercard,Completed
ORD14035,2023-05-28,C0002,P021,ST002,1,849,0,Mada,Completed
ORD13820,2024-01-25,C0168,P014,ST003,2,5499,0.1,Apple Pay,Completed
ORD11367,2024-07-20,C0262,P005,ST002,1,1599,0,Cash,Completed
ORD10208,2023-01-18,C0388,P001,ST001,1,5999,0.05,Mada,Completed
ORD12031,2024-08-20,C0430,P043,ST002,2,1899,0.1,Mada,Completed
ORD12362,2024-03-02,C0500,P014,ST002,1,5499,0.05,Apple Pay,Completed
ORD11408,2024-04-22,C0429,P023,ST004,2,3699,0,Cash,Completed
ORD13805,2024-10-26,C0034,P034,ST002,1,3299,0.1,Cash,Completed
ORD11835,06/12/2023,C0071,P004,ST001,1,4599,0.2,Cash,Completed
ORD10013,2023-03-22,C0154,P037,ST002,1,2299,0.05,Apple Pay,Completed
ORD10951,2023-05-17,C0348,P013,ST002,1,4299,0,Mada,Completed
ORD12091,2024-05-18,C0450,P001,ST003,1,5999,0,Mada,Completed
ORD10957,2023-03-11,C0437,P019,ST001,1,2299,0,Mastercard,Completed
ORD17013,2024-09-17,C0056,P041,ST002,1,10999,0.05,Mada,Completed
ORD14170,2023-05-14,C0025,P022,ST003,1,1799,0,Mada,Completed
ORD13163,2023-04-16,C0029,P030,ST001,1,6499,0.05,Mada,Completed
ORD12352,2023-06-04,C0039,P030,ST002,1,6499,0,Cash,Completed
ORD17012,2024-07-14,C0340,P007,ST003,1,2999,0.05,Apple Pay,Completed
ORD13921,2024-03-02,C0170,P025,ST004,1,2299,0,Mada,Completed
ORD14488,2023-02-21,C0469,P040,ST001,1,349,0.15,Mada,Completed
ORD13457,2023-02-08,C0402,P009,ST003,3,4999,0,Visa,Completed
ORD13728,2024-03-15,C0021,P008,ST001,1,8999,0.05,Bank Transfer,Completed
ORD13095,2024-04-10,C0374,P022,ST003,1,1799,0,Visa,Completed
ORD14960,2023-12-15,C0076,P006,ST003,2,3999,0.2,Bank Transfer,Completed
ORD10194,2024-06-07,C0196,P019,ST003,1,2299,0,Bank Transfer,Completed
ORD10008,2024-05-15,C0430,P042,ST003,3,11499,0,Apple Pay,Completed
ORD14650,2024-01-28,C0280,P014,ST001,1,5499,0,Mastercard,Completed
ORD12489,2023-06-15,C0437,P034,ST001,1,3299,0.1,Mada,Completed
ORD14444,2024-03-31,C0023,P039,ST001,1,1499,0.05,Apple Pay,Completed
ORD17017,2024-02-24,C0311,P028,ST004,1,4299,0,Apple Pay,Completed
ORD16580,2023-03-02,C0221,P023,ST003,1,3699,0.05,Cash,Completed
ORD15707,2023-09-19,C0329,P029,ST002,1,4999,0,Mada,Completed
ORD15232,2023-03-31,C0397,P022,ST004,3,1799,0.1, Mada  ,Completed
ORD13796,2024-03-14,C0475,P012,ST004,4,7299,0,Apple Pay,Completed
ORD12002,2024-01-02,C0225,P017,ST001,2,1899,0,Mastercard,Returned
ORD15313,2024-01-22,C0025,P023,ST002,1,3699,0.05,Mada,Completed
ORD15620,2023-06-14,C0031,P014,ST001,1,5499,0,Cash,Completed
ORD15790,2024-01-02,C0247,P012,ST004,1,7299,0.05,Mada,Completed
ORD11293,2023-03-06,C0041,P004,ST004,1,4599,0.1,Apple Pay,Completed
ORD16981,2024-03-23,C0070,P004,ST002,1,4599,0.15,Mada,Completed
ORD12072,2024-02-29,C0299,P024,ST001,1,3999,0.15,Mada,Completed
ORD10885,2024-04-14,C0033,P023,ST001,1,3699,0.05,Apple Pay,Completed
ORD16394,2024-11-08,C0325,P028,ST001,1,4299,0,Mada,Completed
ORD14975,2024-08-17,C0143,P003,ST001,2,3499,0.05,Mada,Completed
ORD13823,2024-10-15,C0480,P026,ST002,1,6799,0,Mastercard,Returned
ORD16042,2024-04-09,C0403,P020,ST003,1,1499,0,Cash,Completed
ORD10583,2023-04-15,C0106,P007,ST001,1,2999,0,Mada,Completed
ORD13279,2024-03-06,C0172,P037,ST002,1,2299,0.05,Mada,Completed
ORD16144,2024-01-26,C0401,P045,ST001,1,599,0.15,Visa,Completed
ORD11471,2024-06-21,C0394,P024,ST003,1,3999,0.2,Apple Pay,Completed
ORD16995,2024-04-15,C0456,P029,ST001,3,4999,0.15, Apple Pay  ,Completed
ORD13426,2023-03-27,C0420,P038,ST003,1,2199,0,Mastercard,Completed
ORD14134,2024-01-08,C0204,P024,ST004,1,3999,0,Cash,Completed
ORD13378,2024-02-12,C0427,P044,ST002,1,1099,0,Mastercard,Completed
ORD16411,2023-08-10,C0257,P036,ST003,1,599,0,Mada,Completed
ORD12165,2024-11-18,C0120,P034,ST002,4,3299,0,Mastercard,Completed
ORD15455,2024-08-15,C0116,P001,ST001,1,5999,0,Mada,Completed
ORD15749,2023-07-23,C0383,P020,ST002,1,1499,0.1,Bank Transfer,Completed
ORD14876,2024-10-06,C0004,P002,ST002,1,4299,0.1,Visa,Completed
ORD10383,2023-04-10,C0417,P026,ST001,1,6799,0,Apple Pay,Completed
ORD10950,2023-03-16,c0165,P041,ST002,2,10999,0.15,Visa,Completed
ORD16823,2024-04-22,C0338,P004,ST004,2,4599,0.05,Mastercard,Cancelled
ORD10816,2024-04-05,C0076,P015,ST001,1,2899,0,Mada,Completed
ORD11060,2024-03-06,C0011,P012,ST003,1,7299,0.05,Cash,Completed
ORD15218,2024-04-10,C0297,P012,ST002,1,7299,0,Mada,Completed
ORD11270,2024-06-27,C0011,P044,ST003,1,1099,0,Apple Pay,Completed
ORD12462,2024-08-20,C0415,P018,ST002,1,999,0,Visa,Completed
ORD14576,2024-10-18,C0049,P005,ST003,1,1599,0,Visa,Completed
ORD10899,2024-03-19,C0375,P032,ST002,4,2199,0,Mada,Completed
ORD15310,2024-11-10,C0188,P021,ST003,1,849,0,Mada,Completed
ORD14973,2023-06-13,C0370,P034,ST004,2,3299,0,Mada,Completed
ORD13740,2024-01-08,C0128,P012,ST002,4,7299,0,Mastercard,Completed
ORD16446,2023-07-04,C0381,P042,ST002,3,11499,0,Cash,Completed
ORD11301,2023-06-13,C0166,P023,ST003,3,3699,0,Mastercard,Completed
ORD14174,2023-06-05,C0480,P048,ST003,1,89,0,Cash,Completed
ORD12615,2023-08-29,C0365,P042,ST002,3,11499,0,Apple Pay,Completed
ORD11124,2024-01-19,C0090,P042,ST004,1,11499,0,Visa,Completed
ORD11585,2024-08-15,C0419,P026,ST001,1,6799,0,Mada,Completed
ORD17166,2023-10-19,C0361,P016,ST003,1,3699,0,Mada,Completed
ORD10052,2023-02-03,C0398,P006,ST001,1,3999,0.2,Mada,Completed
ORD15437,2023-06-28,C0435,P011,ST001,3,2799,0.05, Mastercard  ,Completed
ORD10452,2023-08-19,C0033,P033,ST003,1,2699,0,Visa,Completed
ORD15624,2023-03-19,C0178,P027,ST004,1,3499,0.1,Mada,Completed
ORD11592,2024-02-17,C0441,P030,ST004,1,6499,0,Mada,Completed
ORD12192,2023-07-17,C0219,P016,ST001,1,3699,0,Apple Pay,Completed
ORD17220,2024-04-25,C0046,P003,ST001,1,3499,0.2,Mada,Completed
ORD12977,2024-03-08,C0323,P031,ST001,1,2699,0,Mastercard,Completed
ORD14832,2024-11-09,C0094,P032,ST004,1,2199,0,Visa,Completed
ORD11596,2024-06-19,C0291,P005,ST004,4,1599,0,Visa,Completed
ORD10001,2024-08-24,C0156,P031,ST002,1,2699,0.15,Mada,Returned
ORD14363,2024-03-15,C0157,P017,ST001,1,1899,0,Mada,Completed
ORD10700,2023-06-05,C0485,P016,ST002,3,3699,0,Apple Pay,Completed
ORD16572,2023-12-10,C0481,P034,ST003,1,3299,0,Visa,Completed
ORD13283,2023-03-10,C0401,P018,ST002,1,999,0,Cash,Completed
ORD16633,2023-04-11,C0253,P027,ST001,1,3499,0,Mada,Completed
ORD16807,2024-09-23,C0407,P040,ST002,1,349,0,Apple Pay,Completed
ORD16610,2024-03-04,C0422,P013,ST002,1,4299,0,Cash,Completed
ORD14668,2024-03-14,C0180,P014,ST003,1,5499,0.1, Bank Transfer  ,Completed
ORD15371,2024-07-31,C0467,P046,ST002,1,1199,0,Bank Transfer,Completed
ORD15498,2024-06-16,C0068,P021,ST002,1,849,0,Cash,Completed
ORD10421,2023-11-03,C0454,P041,ST003,1,10999,0,Cash,Completed
ORD15789,2023-03-18,C0273,P019,ST001,1,2299,0,Cash,Completed
ORD15633,2024-04-03,C0459,P031,ST002,1,2699,0,Mada,Returned
ORD15910,2023-09-02,C0090,P045,ST003,1,599,0.05,Mastercard,Completed
ORD11573,2024-09-06,C0391,P005,ST003,4,1599,0,Mada,Completed
ORD10654,2023-01-22,C0480,P042,ST001,2,11499,0,Visa,Completed
ORD15670,2024-07-30,C0127,P022,ST001,1,1799,0,Cash,Completed
ORD10811,2024-03-14,C0270,P042,ST001,4,11499,0,Cash,Completed
ORD16489,2023-04-07,C0297,P013,ST003,1,4299,0,Mada,Completed
ORD17126,2024-03-12,C0382,P033,ST003,1,2699,0.1,Mada,Completed
ORD13015,2024-04-17,C0265,P003,ST002,2,3499,0,Mada,Completed
ORD12613,2024-04-22,C0009,P020,ST001,1,1499,0,Mastercard,Completed
ORD12909,2024-04-23,C0465,P003,ST001,1,3499,0,Mastercard,Completed
ORD14506,11/03/2024,C0009,P047,ST001,1,119,0,Mada,Completed
ORD12437,2024-03-21,C0316,P026,ST001,1,6799,0,Mada,Completed
ORD16968,2023-04-13,C0027,P040,ST003,1,349,0.1,Mada,Completed
ORD16595,2024-07-23,C0269,P022,ST004,3,1799,0,Mastercard,Completed
ORD11445,2023-02-13,C0104,P039,ST001,1,1499,0,Visa,Completed
ORD13814,2024-11-20,C0413,P009,ST002,1,4999,0,Mastercard,Completed
ORD13152,10/12/2024,C0132,P017,ST003,1,1899,0.05,Bank Transfer,Completed
ORD10658,2023-05-10,C0241,P032,ST004,1,2199,0,Mastercard,Completed
ORD14696,2024-03-09,C0032,P028,ST004,3,4299,0,Apple Pay,Completed
ORD11372,2023-02-01,C0329,P046,ST002,2,1199,0,Mada,Completed
ORD15540,2024-12-16,C0142,P026,ST001,1,6799,0,Mada,Completed
ORD10215,2024-07-16,C0102,P019,ST002,1,2299,0,Visa,Completed
ORD10785,2024-05-22,C0205,P021,ST003,2,849,0.1,Apple Pay,Completed
ORD10586,2024-06-01,C0341,P046,ST001,2,1199,0,Cash,Completed
ORD13149,2024-07-14,C0266,P013,ST001,1,4299,0.05,Cash,Completed
ORD14967,2023-10-09,C0276,P025,ST002,1,2299,0.1,Apple Pay,Completed
ORD12657,2024-03-22,C0206,P002,ST002,1,4299,0.1,Apple Pay,Completed
ORD13797,2023-01-04,C0201,P013,ST003,1,4299,0.1,Mada,Completed
ORD14250,2024-02-21,C0018,P039,ST001,1,1499,0,Mada,Completed
ORD15613,2023-10-08,C0267,P007,ST003,2,2999,0.1,Mada,Completed
ORD16578,2024-06-23,C0263,P008,ST002,2,8999,0,Visa,Completed
ORD16071,2023-02-01,C0272,P050,ST003,2,599,0.05,Bank Transfer,Completed
ORD11101,2024-06-26,C0080,P021,ST001,1,849,0,Mada,Completed
ORD16527,2024-04-22,C0483,P015,ST001,1,2899,0,Visa,Completed
ORD16632,2023-05-20,C0275,P032,ST001,1,2199,0,Mastercard,Completed
ORD13519,2024-10-03,C0138,P036,ST003,3,599,0.1,Mastercard,Completed
ORD13483,2024-05-12,C0077,P038,ST003,2,2199,0.15,Cash,Completed
ORD13605,2024-11-21,c0482,P001,ST003,1,5999,0,Apple Pay,Completed
ORD13263,2023-07-31,C0099,P026,ST002,2,6799,0.1,Mada,Completed
ORD15154,2023-06-26,C0075,P042,ST003,1,11499,0.05,Mastercard,Completed
ORD11557,2024-03-17,C0149,P037,ST002,1,2299,0,Mada,Completed
ORD11977,2024-02-12,C0440,P030,ST002,2,6499,0.15,Apple Pay,Completed
ORD15720,2023-07-14,C0281,P029,ST001,1,4999,0,Cash,Completed
ORD13157,2023-03-14,C0175,P017,ST003,1,1899,0,Visa,Completed
ORD13295,2024-01-07,C0109,P050,ST001,1,599,0.15,Apple Pay,Returned
ORD13446,2023-12-26,C0336,P017,ST003,1,1899,0,Visa,Completed
ORD16138,2023-04-15,C0155,P034,ST003,1,3299,0,Mada,Completed
ORD10775,2024-03-27,C0177,P046,ST003,1,1199,0,Cash,Completed
ORD11076,2023-06-07,C0052,P024,ST003,1,3999,0,Mastercard,Completed
ORD16162,2023-07-17,C0313,P039,ST002,1,1499,0,Bank Transfer,Completed
ORD14420,2023-04-25,C0429,P028,ST004,1,4299,0,Apple Pay,Completed
ORD12573,2023-08-06,C0261,P037,ST002,1,2299,0.15,Bank Transfer,Completed
ORD10122,2023-10-29,C0088,P031,ST002,1,2699,0,Bank Transfer,Completed
ORD10334,2023-10-08,C0314,P009,ST001,1,4999,0.1,Mastercard,Completed
ORD10642,2024-01-29,C0481,P040,ST002,1,349,0,Mada,Completed
ORD10938,2023-11-04,C0421,P016,ST004,2,3699,0,Visa,Completed
ORD16792,2024-09-28,C0361,P010,ST002,2,6999,0,Mastercard,Completed
ORD10475,2024-11-12,C0392,P045,ST002,1,599,0,Bank Transfer,Completed
ORD11797,2024-01-04,C0216,P016,ST002,1,3699,0.15,Visa,Completed
ORD15886,2024-04-04,C0112,P021,ST003,1,849,0,Mada,Completed
ORD13213,2024-08-21,C0326,P009,ST001,2,4999,0,Mada,Completed
ORD10692,2023-06-21,C0288,P033,ST001,1,2699,0,Mastercard,Completed
ORD14351,2024-04-19,C0329,P022,ST001,1,1799,0.1,Mada,Completed
ORD12119,2024-07-12,C0240,P018,ST003,2,999,0,Mastercard,Completed
ORD10092,2023-10-06,C0080,P009,ST004,2,4999,0,Visa,Completed
ORD13516,2024-07-16,C0160,P020,ST003,1,1499,0,Visa,Completed
ORD11447,2023-07-26,C0141,P043,ST001,2,1899,0.05,Apple Pay,Completed
ORD16074,2024-11-05,C0403,P012,ST001,1,7299,0,Apple Pay,Completed
ORD14045,2023-03-24,C0034,P021,ST002,1,849,0.05,Apple Pay,Completed
ORD11165,2023-04-03,C0009,P017,ST002,1,1899,0.15,Apple Pay,Completed
ORD17119,2024-12-06,C0216,P019,ST001,4,2299,0.15,Mastercard,Returned
ORD15499,2024-03-06,C0384,P026,ST002,2,6799,0,Apple Pay,Completed
ORD12679,2024-09-25,C0027,P013,ST001,1,4299,0,Bank Transfer,Completed
ORD11050,2024-03-21,C0178,P024,ST001,2,3999,0.1,Mada,Completed
ORD10787,2023-12-17,C0249,P001,ST002,1,5999,0,Visa,Completed
ORD14867,2024-05-25,C0250,P049,ST002,3,399,0,Apple Pay,Completed
ORD17105,2023-07-01,C0250,P004,ST001,2,4599,0,Mada,Completed
ORD12505,2024-01-08,C0327,P010,ST001,2,6999,0,Visa,Completed
ORD14854,2024-03-01,C0478,P024,ST004,1,3999,0,Mada,Completed
ORD12219,2024-05-12,C0384,P018,ST001,1,999,0.15, Apple Pay  ,Completed
ORD13475,2023-12-17,C0082,P050,ST002,1,599,0.05,Apple Pay,Completed
ORD14395,2023-10-17,C0129,P033,ST004,1,2699,0.1,Mada,Completed
ORD11699,2023-08-27,C0277,P033,ST002,1,2699,0.15,Apple Pay,Completed
ORD10492,2024-03-17,C0370,P049,ST001,1,399,0,Mada,Completed
ORD10656,2024-03-26,C0307,P035,ST001,1,849,0,Mastercard,Completed
ORD14490,2023-06-18,C0095,P029,ST003,1,4999,0,Mastercard,Completed
ORD16908,2023-10-07,C0325,P023,ST001,3,3699,0,Mada,Completed
ORD12166,2024-01-15,C0484,P023,ST001,2,3699,0.05,Cash,Completed
ORD15732,2023-09-01,C0297,P008,ST001,4,8999,0.1,Mada,Completed
ORD13412,2024-05-02,C0067,P046,ST001,4,1199,0.1,Mastercard,Completed
ORD11655,2024-03-21,C0384,P050,ST002,3,599,0.15,Mada,Completed
ORD13294,2024-01-26,C0124,P007,ST001,4,2999,0.1,Mastercard,Completed
ORD14929,2023-02-22,C0310,P001,ST002,2,5999,0,Mada,Completed
ORD11364,2024-08-19,C0383,P015,ST002,1,2899,0,Mada,Completed
ORD11358,2024-12-04,C0382,P032,ST001,1,2199,0,Apple Pay,Completed
ORD16581,2024-08-17,C0246,P032,ST002,1,2199,0.1,Cash,Completed
ORD10339,2024-03-13,C0202,P048,ST001,2,89,0.05,Cash,Completed
ORD12391,2023-05-13,C0264,P042,ST001,1,11499,0%,Mada,Completed
ORD13941,2024-05-29,C0387,P013,ST003,2,4299,0.1,Mastercard,Completed
ORD16187,2024-06-17,C0343,P048,ST003,1,89,0.05,Visa,Completed
ORD16424,2024-04-11,C0204,P045,ST001,2,599,0,Mada,Completed
ORD16010,2024-04-29,C0320,P015,ST001,1,2899,0.05,Visa,Completed
ORD17028,2024-07-22,C0138,P017,ST003,1,1899,0,Visa,Completed
ORD16741,2023-06-16,C0375,P025,ST001,1,2299,0,Mada,Completed
ORD11580,2024-04-03,C0480,P013,ST004,1,4299,0,Apple Pay,Completed
ORD14551,2024-03-13,C0338,P018,ST004,1,999,0,Bank Transfer,Completed
ORD10981,2024-07-18,C0133,P012,ST001,1,7299,0.1,Mada,Completed
ORD16278,2023-04-22,C0406,P015,ST002,1,2899,0,Mada,Completed
ORD11625,2023-05-22,C0144,P022,ST001,4,1799,0.1,Mada,Completed
ORD13944,2024-03-07,C0216,P020,ST004,4,1499,0,Mada,Completed
ORD12037,2024-08-09,C0190,P007,ST001,1,2999,0,Mastercard,Completed
ORD17200,2023-01-02,C0267,P033,ST003,1,2699,0,Mada,Completed
ORD15821,2023-07-20,C0418,P035,ST001,1,849,0,Cash,Completed
ORD15673,2024-04-17,C0247,P006,ST002,1,3999,0,Visa,Completed
ORD11657,2024-03-01,C0496,P044,ST001,1,1099,0,Visa,Completed
ORD14281,2024-01-10,C0458,P023,ST001,1,3699,0.1,Visa,Completed
ORD12147,2023-09-22,C0318,P014,ST001,1,5499,0.05,Mada,Completed
ORD12935,2024-03-10,C0093,P029,ST002,1,4999,0,Cash,Completed
ORD10844,2024-04-18,C0087,P006,ST003,1,3999,0,Mada,Completed
ORD12494,2023-05-19,C0009,P044,ST001,1,1099,0.1,Mada,Cancelled
ORD14751,2024-02-04,C0089,P008,ST001,4,8999,0.1,Cash,Completed
ORD12306,2024-08-25,C0123,P050,ST003,3,599,0.05,Apple Pay,Completed
ORD12083,2024-03-05,C0477,P037,ST001,1,2299,0,Apple Pay,Completed
ORD16336,2024-04-03,C0379,P006,ST002,1,3999,5%,Cash,Completed
ORD12004,2024-04-28,C0105,P003,ST003,1,3499,0.05,Apple Pay,Completed
ORD12428,2024-03-06,C0037,P043,ST001,1,1899,0,Apple Pay,Completed
ORD12104,06/12/2024,C0148,P033,ST003,1,2699,0.15,Mada,Returned
ORD15319,2024-07-27,C0444,P035,ST003,1,849,0.1,Visa,Completed
ORD12640,2023-08-04,C0007,P002,ST002,1,4299,0.1,Visa,Completed
ORD14611,2024-08-06,C0452,P035,ST001,1,849,0,Mastercard,Completed
ORD13861,2024-08-01,C0049,P031,ST001,1,2699,0,Mada,Completed
ORD13520,2024-02-04,C0339,P034,ST004,1,3299,0.1,Mada,Returned
ORD11712,2023-03-11,C0425,P005,ST002,1,1599,0,Apple Pay,Completed
ORD15643,2023-03-02,C0300,P042,ST001,1,11499,0,Visa,Completed
ORD16711,2024-04-22,C0103,P032,ST003,4,2199,0,Bank Transfer,Completed
ORD11008,2023-10-13,C0114,P023,ST001,2,3699,0.05,Mada,Completed
ORD16805,2023-06-17,C0012,P008,ST002,1,8999,0,Visa,Completed
ORD11869,2024-06-01,C0025,P044,ST001,1,1099,0.05,Mada,Completed
ORD13257,2023-01-28,C0216,P005,ST003,1,1599,0,Mada,Completed
ORD14775,2024-09-07,C0169,P006,ST001,1,3999,0,Mastercard,Completed
ORD12136,2024-06-26,C0347,P031,ST001,3,2699,0,Visa,Completed
ORD14683,2024-10-13,C0132,P011,ST002,1,2799,0.1,Apple Pay,Completed
ORD16425,2024-02-18,c0416,P004,ST002,1,4599,0,Mada,Completed
ORD15784,2024-06-30,C0136,P022,ST002,1,1799,0,Apple Pay,Completed
ORD16776,2024-08-29,C0430,P001,ST003,2,5999,0,Visa,Completed
ORD12299,2023-01-06,C0037,P021,ST002,1,849,0.1,Mastercard,Completed
ORD12364,2023-04-17,C0359,P022,ST001,1,1799,0,Mastercard,Completed
ORD13034,2023-04-02,C0009,P020,ST002,1,1499,0.1,Visa,Completed
ORD16575,2024-08-28,C0034,P044,ST002,1,1099,0, Cash  ,Completed
ORD10554,2024-08-31,C0167,P003,ST001,1,3499,0.15,Bank Transfer,Completed
ORD16192,2023-10-12,C0325,P003,ST004,1,3499,0.05,Cash,Completed
ORD16417,2023-05-16,C0219,P025,ST002,1,2299,0.1,Visa,Completed
ORD14132,2023-07-14,C0076,P009,ST001,2,4999,0,Apple Pay,Cancelled
ORD10289,2024-03-20,C0125,P018,ST001,1,999,0,Mada,Completed
ORD13877,2024-10-02,C0063,P024,ST002,1,3999,0.05,Visa,Returned
ORD13035,2024-04-06,C0251,P045,ST004,1,599,0,Visa,Completed
ORD13976,2023-04-03,C0097,P047,ST002,1,119,0,Mada,Completed
ORD17020,2024-04-25,C0057,P002,ST002,2,4299,0,Mastercard,Completed
ORD12403,2024-10-04,C0211,P033,ST002,1,2699,0,Mada,Completed
ORD15632,2023-09-09,C0196,P012,ST004,1,7299,0.1,Mada,Completed
ORD16107,2024-07-10,C0344,P035,ST002,3,849,0,Mastercard,Completed
ORD16507,2024-03-12,C0284,P046,ST001,1,1199,0.1,Mastercard,Completed
ORD16431,2024-09-10,C0119,P028,ST001,1,4299,0,Mada,Completed
ORD10887,2023-04-28,C0337,P012,ST001,1,7299,0,Mada,Completed
ORD16762,2023-02-07,C0278,P014,ST004,2,5499,0,Visa,Completed
ORD16504,2023-10-18,C0242,P047,ST002,1,119,0,Apple Pay,Completed
ORD15149,2024-04-06,C0191,P008,ST002,3,8999,0.1,Apple Pay,Completed
ORD11054,2023-02-28,C0324,P046,ST003,3,1199,0.2,Mada,Completed
ORD17044,2024-11-13,C0353,P017,ST001,1,1899,0,Cash,Completed
ORD11647,2024-08-19,C0170,P012,ST001,1,7299,0,Apple Pay,Completed
ORD14739,2024-06-07,C0345,P006,ST003,1,3999,0.1,Cash,Completed
ORD11492,2024-05-23,C0284,P002,ST001,1,4299,0.05,Mada,Completed
ORD12339,2023-05-07,C0322,P021,ST001,1,849,0,Visa,Completed
ORD11955,2024-09-30,C0486,P028,ST001,1,4299,0,Cash,Completed
ORD16896,2023-10-25,c0175,P017,ST002,2,1899,0,Apple Pay,Cancelled
ORD11714,2023-04-21,C0128,P027,ST002,2,3499,0,Mada,Completed
ORD15467,2023-10-14,C0361,P042,ST002,1,11499,0,Visa,Completed
ORD14312,2024-04-07,C0477,P046,ST001,1,1199,0.05,Apple Pay,Completed
ORD11590,2023-08-26,C0349,P008,ST002,2,8999,0,Visa,Cancelled
ORD13049,2024-05-22,C0422,P013,ST001,2,4299,0.1,Visa,Completed
ORD13418,2023-05-23,C0404,P010,ST004,1,6999,0.15,Visa,Completed
ORD16980,2023-02-14,C0261,P026,ST001,1,6799,0.1,Mastercard,Completed
ORD12429,2023-04-12,C0456,P018,ST003,1,999,0,Mastercard,Completed
ORD16273,2023-02-03,C0279,P021,ST001,1,849,0,Visa,Completed
ORD13851,2023-10-29,C0459,P033,ST001,1,2699,0,Visa,Completed
ORD10407,2023-04-11,C0376,P030,ST002,2,6499,0.05,Cash,Completed
ORD10519,2024-03-01,C0224,P020,ST001,1,1499,0,Apple Pay,Completed
ORD11436,2024-09-19,C0398,P039,ST001,2,1499,0,Mada,Completed
ORD12755,2023-07-05,C0223,P024,ST003,1,3999,0.05,Mada,Completed
ORD15899,2023-09-30,C0194,P046,ST002,1,1199,0,Cash,Completed
ORD12941,2024-04-10,C0349,P006,ST001,1,3999,0,Cash,Completed
ORD16821,2024-07-28,C0191,P034,ST002,1,3299,0.1, Mada  ,Completed
ORD16329,2023-06-04,C0033,P038,ST003,1,2199,0.15,Visa,Completed
ORD15630,2023-05-13,C0493,P020,ST002,1,1499,0,Cash,Completed
ORD10360,2023-03-11,C0171,P021,ST002,2,849,0,Cash,Completed
ORD11138,2024-07-05,C0257,P007,ST001,2,2999,0,Cash,Completed
ORD11350,2024-04-11,C0471,P014,ST002,1,5499,0.05,Mastercard,Completed
ORD15715,2024-07-17,C0214,P029,ST003,1,4999,0.05,Visa,Completed
ORD14757,2024-09-29,C0093,P031,ST001,2,2699,0,Mada,Completed
ORD11730,2023-01-30,C0099,P020,ST003,2,1499,0.15,Apple Pay,Completed
ORD16677,2023-06-29,C0102,P025,ST002,1,2299,0,Mada,Returned
ORD14567,2023-05-14,C0366,P029,ST001,1,4999,0.15,Cash,Completed
ORD15177,2024-10-17,C0146,P021,ST002,1,849,0,Mada,Completed
ORD15651,2023-09-23,C0331,P039,ST003,3,1499,0,Apple Pay,Completed
ORD14985,2023-05-23,C0420,P043,ST004,1,1899,0,Mastercard,Completed
ORD16911,2024-07-07,C0345,P014,ST003,2,5499,0,Mada,Completed
ORD10353,2023-07-01,C0154,P024,ST003,3,3999,0,Apple Pay,Completed
ORD14702,2024-11-19,C0063,P037,ST002,1,2299,0.1,Mastercard,Completed
ORD14031,2023-06-11,C0484,P010,ST004,1,6999,0,Apple Pay,Completed
ORD10370,2024-08-31,C0382,P003,ST001,1,3499,0.1,Mastercard,Completed
ORD14769,2023-09-04,C0311,P011,ST002,1,2799,0.05,Mada,Completed
ORD15180,2023-12-12,C0398,P002,ST001,1,4299,0,Mada,Completed
ORD16069,2023-06-02,C0297,P038,ST002,1,2199,0.15,Cash,Completed
ORD12821,2024-03-02,C0046,P009,ST003,2,4999,0,Cash,Cancelled
ORD14514,2023-06-13,C0279,P047,ST001,2,119,0, Visa  ,Completed
ORD13985,2024-04-09,C0496,P036,ST004,1,599,0,Mastercard,Completed
ORD12879,2023-10-02,C0342,P046,ST001,2,1199,0.2,Mada,Completed
ORD12926,2024-03-24,C0089,P008,ST004,1,8999,0,Cash,Completed
ORD13456,2024-02-09,C0489,P018,ST002,1,999,0.2,Apple Pay,Completed
ORD14025,2024-11-14,C0488,P029,ST001,1,4999,0.1,Visa,Completed
ORD10123,2024-04-29,C0136,P026,ST001,1,6799,0.1,Visa,Completed
ORD12326,2024-04-02,C0253,P030,ST001,1,6499,0.1,Mastercard,Completed
ORD12972,2023-11-16,C0167,P032,ST002,1,2199,0.05,Mastercard,Completed
ORD14887,2024-07-04,C0134,P037,ST001,1,2299,0.1,Mastercard,Completed
ORD15562,2024-05-17,C0013,P009,ST002,1,4999,0.05,Visa,Completed
ORD16476,2023-03-04,C0158,P038,ST002,1,2199,0,Cash,Completed
ORD14438,2023-01-09,C0144,P005,ST001,1,1599,0.1,Mastercard,Completed
ORD13376,2023-08-30,C0016,P017,ST002,1,1899,0.1,Mada,Completed
ORD16085,2024-03-04,C0450,P034,ST004,1,3299,0.1,Mada,Completed
ORD15627,2024-08-11,C0249,P032,ST001,1,2199,0,Apple Pay,Completed
ORD12718,2023-08-29,C0247,P036,ST004,2,599,0,Bank Transfer,Completed
ORD15242,2024-11-19,C0494,P029,ST001,3,4999,0.05,Mada,Completed
ORD11236,2024-03-16,c0051,P043,ST003,1,1899,0.1,Mada,Completed
ORD10608,2024-11-11,C0456,P022,ST004,1,1799,0.15,Mada,Completed
ORD14372,2023-07-14,C0239,P032,ST001,1,2199,0,Apple Pay,Completed
ORD16349,2023-11-26,C0111,P012,ST001,1,7299,0,Visa,Completed
ORD15638,2024-01-27,C0101,P009,ST001,2,4999,0.05,Mada,Completed
ORD17046,2024-08-10,C0415,P015,ST001,1,2899,0,Mada,Completed
ORD14932,2023-04-03,C0496,P031,ST002,2,2699,0, Visa  ,Completed
ORD16041,2024-04-21,C0330,P036,ST004,1,599,0,Mastercard,Completed
ORD16820,2023-05-07,C0151,P027,ST002,1,3499,0,Cash,Completed
ORD10536,2023-12-02,C0194,P027,ST001,1,3499,0,Apple Pay,Completed
ORD15150,2023-12-25,C0449,P037,ST004,1,2299,0.1,Mada,Completed
ORD11870,2023-06-17,C0408,P044,ST004,1,1099,0,Cash,Completed
ORD16152,2024-11-24,C0201,P030,ST003,1,6499,0,Visa,Completed
ORD13974,2024-04-14,C0452,P027,ST003,2,3499,0,Visa,Completed
ORD15580,2024-03-23,C0056,P035,ST001,1,849,0.1,Mada,Completed
ORD10746,2024-08-17,C0296,P046,ST001,1,1199,0.05,Mastercard,Completed
ORD14100,2024-11-29,C0180,P007,ST002,1,2999,0.1,Apple Pay,Completed
ORD12806,2024-03-02,C0012,P040,ST001,3,349,0.1,Mada,Completed
ORD12789,2023-11-03,C0145,P001,ST003,1,5999,0.05,Apple Pay,Completed
ORD16341,2024-03-10,c0280,P038,ST001,1,2199,0.1,Mada,Completed
ORD14958,2023-06-23,C0354,P016,ST001,1,3699,0,Mada,Completed
ORD15210,2023-10-26,C0474,P009,ST003,2,4999,0.05,Visa,Completed
ORD10796,2024-03-02,C0229,P042,ST002,2,11499,0,Mada,Completed
ORD13775,2024-06-21,C0223,P032,ST003,3,2199,0,Cash,Completed
ORD14518,2024-04-18,C0277,P017,ST001,1,1899,0.1, Mastercard  ,Completed
ORD11696,2024-04-04,C0375,P006,ST003,4,3999,0.15, Visa  ,Completed
ORD10232,2024-02-20,C0421,P002,ST002,2,4299,0.05,Mada,Completed
ORD15393,2024-01-30,C0082,P048,ST002,3,89,0.1,Mada,Completed
ORD10357,2023-05-13,C0093,P047,ST002,1,119,0,Mada,Completed
ORD10225,2023-02-11,C0343,P005,ST002,1,1599,0,Apple Pay,Completed
ORD10410,2023-02-28,C0363,P014,ST003,3,5499,0.05,Mada,Returned
ORD15333,2023-03-05,C0430,P009,ST002,2,4999,0,Apple Pay,Completed
ORD12459,2023-08-03,c0265,P015,ST001,1,2899,0,Bank Transfer,Completed
ORD10217,2023-12-03,C0414,P038,ST001,1,2199,0,Visa,Completed
ORD13848,2024-03-03,C0176,P018,ST002,2,999,0,Mada,Completed
ORD12556,2023-12-16,C0141,P009,ST004,1,4999,0,Mada,Completed
ORD12518,2023-12-07,C0477,P049,ST001,1,399,0.15,Mada,Completed
ORD17025,2023-09-12,C0307,P003,ST003,1,3499,0,Visa,Completed
ORD10895,2024-01-18,C0054,P015,ST001,1,2899,0,Apple Pay,Cancelled
ORD16799,2023-10-18,C0400,P050,ST001,1,599,0,Mastercard,Completed
ORD14808,2024-06-29,C0262,P048,ST002,1,89,0,Cash,Completed
ORD14806,2024-06-09,C0154,P033,ST003,2,2699,0,Apple Pay,Completed
ORD10227,2023-10-08,C0194,P035,ST001,1,849,0,Mastercard,Completed
ORD12221,2024-08-09,C0423,P013,ST002,1,4299,0,Mada,Completed
ORD10941,2024-01-31,C0146,P027,ST001,2,3499,0,Mastercard,Completed
ORD11299,2023-06-26,C0077,P014,ST004,1,5499,0,Mada,Completed
ORD12991,2024-03-24,C0146,P003,ST003,1,3499,0,Visa,Completed
ORD11593,2024-02-19,C0277,P001,ST003,1,5999,0,Mastercard,Completed
ORD15351,2024-12-06,C0198,P019,ST002,1,2299,0,Mada,Returned
ORD11642,2023-08-08,C0337,P007,ST003,1,2999,0.1,Mada,Completed
ORD13795,2024-03-28,C0342,P045,ST001,2,599,0,Apple Pay,Completed
ORD10318,2024-03-16,C0188,P006,ST004,1,3999,0,Mada,Completed
ORD15797,2024-03-05,C0303,P023,ST002,1,3699,0.15, Mada  ,Returned
ORD14945,2024-07-14,C0370,P011,ST002,1,2799,0,Mada,Completed
ORD12287,2023-01-12,C0120,P042,ST004,1,11499,0,Mada,Completed
ORD14560,2024-06-25,C0180,P044,ST001,4,1099,0.1,Mastercard,Returned
ORD15845,2024-03-27,C0270,P049,ST001,1,399,0,Mada,Completed
ORD12238,2024-06-13,C0357,P004,ST002,1,4599,0,Apple Pay,Completed
ORD14594,2023-03-02,C0411,P021,ST002,1,849,0.1,Mada,Completed
ORD12685,2023-11-14,C0186,P016,ST001,1,3699,0,Mada,Completed
ORD14706,2023-03-08,C0251,P048,ST002,1,89,0,Mastercard,Completed
ORD13902,2024-03-22,C0054,P020,ST001,2,1499,0,Apple Pay,Completed
ORD13509,2023-02-03,C0482,P044,ST001,1,1099,0.05,Mada,Completed
ORD12175,2024-08-05,C0254,P018,ST001,1,999,0,Mada,Completed
ORD15999,2024-03-11,C0380,P034,ST001,1,3299,0,Mastercard,Completed
ORD16707,2023-11-25,C0253,P037,ST001,1,2299,0,Visa,Completed
ORD13850,2024-05-31,C0336,P032,ST002,1,2199,0,Bank Transfer,Completed
ORD12786,2024-03-08,C0124,P021,ST003,1,849,0,Visa,Completed
ORD11472,2023-07-07,C0431,P006,ST002,1,3999,0,Cash,Completed
ORD14352,2024-08-11,C0312,P048,ST003,1,89,0%,Cash,Completed
ORD11892,2023-08-14,C0340,P043,ST001,1,1899,0.1,Mastercard,Completed
ORD11056,2024-03-02,C0279,P046,ST002,1,1199,0,Apple Pay,Completed
ORD16018,2023-07-01,C0352,P036,ST004,2,599,0,Visa,Completed
ORD11862,2023-01-09,c0045,P040,ST004,3,349,0,Mada,Completed
ORD14947,2023-02-14,C0199,P043,ST003,1,1899,0,Apple Pay,Completed
ORD13353,2024-05-29,C0022,P041,ST003,1,10999,0.05,Mada,Completed
ORD16133,2024-07-06,C0016,P007,ST003,1,2999,0,Visa,Completed
ORD15737,2023-07-03,C0443,P048,ST001,1,89,0,Apple Pay,Completed
ORD14508,2023-06-14,C0104,P033,ST002,1,2699,0.15,Mada,Completed
ORD15022,2024-11-29,C0436,P028,ST004,2,4299,0.2,Mastercard,Returned
ORD14593,2024-02-09,C0245,P013,ST002,1,4299,0,Mada,Completed
ORD14512,2024-11-02,C0090,P030,ST001,1,6499,0.2,Mastercard,Completed
ORD11218,2023-04-18,C0500,P047,ST002,1,119,0.05,Bank Transfer,Completed
ORD11205,2024-04-01,C0407,P045,ST001,4,599,0,Mastercard,Completed
ORD10964,2024-01-12,C0006,P004,ST001,1,4599,0,Cash,Completed
ORD13070,2023-09-24,C0096,P021,ST002,2,849,0,Apple Pay,Completed
ORD10051,2024-07-10,C0280,P049,ST002,1,399,0.05, Visa  ,Completed
ORD15548,2023-11-08,C0358,P045,ST002,1,599,0.05,Mada,Completed
ORD12233,2023-08-29,C0400,P002,ST002,2,4299,0,Visa,Completed
ORD16143,2023-11-05,C0460,P022,ST004,1,1799,0,Mada,Completed
ORD16263,2023-10-18,C0208,P008,ST001,1,8999,0,Mada,Completed
ORD12908,2024-05-08,C0309,P015,ST001,1,2899,0.1,Visa,Completed
ORD12463,2024-03-23,C0125,P031,ST002,1,2699,0.1,Mastercard,Completed
ORD14095,2023-08-07,C0092,P027,ST001,2,3499,0.1,Visa,Cancelled
ORD15995,2023-12-29,C0187,P013,ST003,1,4299,0,Cash,Completed
ORD15001,2024-04-18,C0228,P025,ST001,1,2299,0.1,Visa,Returned
ORD11889,2023-12-12,C0405,P025,ST003,1,2299,0.1,Apple Pay,Completed
ORD10207,2024-04-18,C0231,P015,ST001,3,2899,0,Visa,Completed
ORD12058,2024-03-11,C0430,P008,ST004,2,8999,0.1,Mada,Completed
ORD16238,2024-03-20,C0221,P033,ST002,1,2699,0.1,Mada,Cancelled
ORD12906,2023-08-11,C0042,P008,ST003,1,8999,0,Apple Pay,Completed
ORD12643,2024-04-10,C0209,P043,ST002,3,1899,0,Apple Pay,Completed
ORD10080,2024-05-23,C0081,P032,ST002,2,2199,0,Mada,Completed
ORD11295,2023-11-23,C0251,P031,ST003,1,2699,0,Bank Transfer,Completed
ORD13745,2024-07-02,C0369,P039,ST003,4,1499,0,Apple Pay,Completed
ORD14309,2023-09-02,C0361,P016,ST001,1,3699,0,Apple Pay,Completed
ORD14714,2024-06-03,C0221,P036,ST003,1,599,0.05,Visa,Completed
ORD13197,2023-02-24,C0334,P044,ST002,1,1099,0.1,Apple Pay,Completed
ORD13131,2024-09-19,C0177,P016,ST001,1,3699,0,Bank Transfer,Completed
ORD16644,2023-03-28,C0244,P024,ST002,1,3999,0.05,Mada,Completed
ORD15635,2024-04-12,C0439,P038,ST001,1,2199,0,Visa,Completed
ORD13889,2023-02-23,C0278,P011,ST004,1,2799,0.1,Bank Transfer,Completed
ORD11924,2023-03-22,C0153,P005,ST002,1,1599,0,Mastercard,Completed
ORD10801,2024-06-05,C0002,P026,ST003,1,6799,0,Mada,Completed
ORD12109,2024-03-08,C0066,P028,ST001,1,4299,0%,Visa,Completed
ORD15615,2024-08-31,C0209,P006,ST001,1,3999,0.1,Visa,Completed
ORD16368,2023-01-24,C0102,P004,ST002,1,4599,0,Cash,Completed
ORD16072,2024-03-22,C0485,P028,ST001,1,4299,0,Visa,Completed
ORD12113,2023-11-09,C0325,P029,ST003,1,4999,0,Apple Pay,Completed
ORD12547,2023-07-01,C0402,P049,ST002,1,399,0, Mastercard  ,Completed
ORD10385,2023-01-01,C0296,P029,ST003,1,4999,0,Mada,Completed
ORD10822,2023-04-03,C0218,P050,ST001,1,599,0,Bank Transfer,Completed
ORD11458,2023-03-20,C0395,P001,ST003,3,5999,0,Apple Pay,Completed
ORD15339,2024-12-24,C0353,P034,ST001,1,3299,0.1,Mastercard,Completed
ORD15773,2023-07-29,C0254,P038,ST001,1,2199,0.05,Mada,Completed
ORD13303,2024-08-30,C0398,P003,ST001,2,3499,0,Mastercard,Completed
ORD17007,2024-02-23,C0144,P015,ST002,1,2899,0.15, Mastercard  ,Completed
ORD13975,2024-03-23,C0018,P050,ST001,1,599,0.1,Mastercard,Completed
ORD15656,2024-10-21,C0349,P023,ST002,2,3699,0.05,Mada,Completed
ORD12307,2024-07-11,C0011,P018,ST003,1,999,0.05,Visa,Completed
ORD16170,2023-06-22,C0476,P044,ST003,2,1099,0.1,Mada,Completed
ORD14028,2024-03-24,C0090,P034,ST003,2,3299,0.15, Mastercard  ,Completed
ORD15450,2024-04-12,C0041,P020,ST001,2,1499,0,Cash,Completed
ORD14581,23/04/2024,C0490,P044,ST004,1,1099,0.1,Mastercard,Completed
ORD16687,2023-06-15,C0255,P038,ST003,1,2199,0.05,Mastercard,Completed
ORD15764,2023-04-13,C0263,P036,ST003,1,599,0.1,Cash,Completed
ORD10861,2024-04-17,C0234,P008,ST003,1,8999,0.05,Visa,Completed
ORD13324,2024-09-08,C0068,P040,ST002,1,349,0.05,Mastercard,Completed
ORD14293,2024-04-17,C0402,P022,ST001,3,1799,0,Mada,Completed
ORD12193,2023-01-28,C0065,P035,ST003,4,849,0,Cash,Completed
ORD15533,2023-02-13,C0347,P002,ST004,2,4299,0,Mada,Completed
ORD12899,2024-05-13,C0059,P009,ST001,1,4999,0.05,Mastercard,Completed
ORD15424,2023-03-11,C0401,P018,ST002,1,999,0,Visa,Completed
ORD11612,2023-12-12,C0086,P012,ST004,3,7299,0,Mada,Returned
ORD16947,2024-06-15,C0274,P037,ST003,1,2299,0.05,Mastercard,Completed
ORD11266,2023-04-22,C0103,P050,ST002,2,599,0,Mastercard,Completed
ORD11092,2023-05-31,C0041,P007,ST003,1,2999,0.2,Mastercard,Completed
ORD16777,2023-04-26,C0286,P046,ST001,4,1199,0,Apple Pay,Completed
ORD12189,2023-07-31,C0415,P016,ST004,1,3699,0,Mastercard,Completed
ORD16597,2024-10-08,C0006,P019,ST002,1,2299,0,Visa,Completed
ORD14480,2024-04-19,C0050,P042,ST003,2,11499,0,Visa,Completed
ORD11239,2023-11-26,C0148,P020,ST002,1,1499,0.1,Mastercard,Completed
ORD15295,2023-07-02,C0088,P026,ST002,1,6799,0,Mastercard,Completed
ORD15820,2024-01-19,c0288,P048,ST003,1,89,0.05,Cash,Completed
ORD14638,2023-01-26,C0448,P020,ST001,2,1499,0.1,Apple Pay,Completed
ORD14239,2024-06-29,C0467,P036,ST003,1,599,0.05,Mada,Completed
ORD14871,2024-04-12,C0464,P010,ST001,1,6999,0,Mada,Completed
ORD12447,2023-11-26,C0100,P042,ST002,1,11499,0,Visa,Completed
ORD10744,2023-06-13,C0179,P022,ST002,1,1799,0,Visa,Completed
ORD16874,2024-12-10,C0201,P039,ST001,1,1499,0.2,Mada,Completed
ORD13521,2023-05-23,C0500,P016,ST003,1,3699,0.05,Mada,Completed
ORD14109,2024-03-11,C0358,P038,ST004,1,2199,0.1,Visa,Completed
ORD11795,2024-04-30,C0372,P035,ST001,1,849,0.15,Mada,Completed
ORD17214,2024-09-14,C0143,P036,ST001,1,599,0,Mada,Completed
ORD16918,2024-11-05,C0180,P038,ST003,1,2199,0,Apple Pay,Completed
ORD12024,2024-05-05,C0478,P011,ST002,1,2799,0,Mada,Completed
ORD14120,2024-06-17,C0007,P035,ST001,2,849,0.05,Mastercard,Completed
ORD12422,2024-12-24,C0261,P010,ST003,1,6999,0,Mastercard,Completed
ORD10753,2024-05-10,C0033,P020,ST003,1,1499,0,Apple Pay,Completed
ORD17212,2024-05-28,c0009,P032,ST002,1,2199,0,Bank Transfer,Completed
ORD13126,2024-03-16,C0098,P014,ST002,1,5499,0,Cash,Completed
ORD15103,2024-01-05,C0022,P009,ST003,1,4999,0,Mada,Completed
ORD10191,2024-03-08,C0029,P002,ST002,1,4299,0,Cash,Completed
ORD10513,2023-03-10,C0334,P028,ST002,1,4299,0.1,Visa,Completed
ORD10147,2023-10-30,C0293,P025,ST002,1,2299,0,Mada,Completed
ORD15173,2024-09-08,C0208,P015,ST001,1,2899,0.1,Bank Transfer,Completed
ORD11120,2024-04-01,C0158,P024,ST001,1,3999,0.05,Mada,Completed
ORD12967,2023-08-11,C0084,P048,ST002,1,89,0.1,Visa,Completed
ORD15810,2024-05-04,C0300,P029,ST002,3,4999,0.1,Cash,Completed
ORD10098,2023-03-08,C0415,P009,ST002,1,4999,0.1,Mada,Completed
ORD11499,2023-09-14,C0244,P041,ST002,3,10999,0,Visa,Completed
ORD15489,2024-12-05,C0465,P030,ST003,4,6499,0,Mada,Completed
ORD13535,2023-02-09,C0461,P006,ST001,1,3999,0,Cash,Completed
ORD12536,2024-04-06,C0238,P009,ST002,1,4999,0,Cash,Completed
ORD17041,2023-06-07,C0123,P021,ST001,1,849,0,Mada,Completed
ORD15816,2024-11-23,C0320,P040,ST001,1,349,0.1,Cash,Completed
ORD12939,2023-11-14,C0469,P012,ST003,1,7299,0,Visa,Completed
ORD11929,2023-11-18,C0299,P037,ST003,2,2299,0,Mada,Returned
ORD11343,2024-04-18,C0072,P048,ST002,1,89,0.1,Cash,Returned
ORD10183,2023-04-20,C0235,P008,ST001,3,8999,0,Mada,Completed
ORD14848,2024-03-10,C0073,P006,ST001,1,3999,0.1,Mastercard,Completed
ORD14862,2024-05-18,C0327,P027,ST003,1,3499,0,Mastercard,Returned
ORD10998,2023-12-11,C0182,P047,ST002,1,119,0.05,Apple Pay,Completed
ORD14499,2023-11-05,C0153,P014,ST003,1,5499,0.05,Mada,Completed
ORD12122,2024-01-23,C0222,P010,ST004,1,6999,0.1,Mastercard,Completed
ORD10363,2024-02-28,C0162,P034,ST001,1,3299,0.05,Mada,Completed
ORD11150,2024-12-17,C0095,P050,ST003,1,599,0.1, Mada  ,Completed
ORD10892,2024-10-21,C0207,P030,ST001,1,6499,0.1,Visa,Completed
ORD17048,2024-03-01,C0084,P044,ST003,1,1099,0,Mada,Completed
ORD13965,2023-08-12,C0080,P043,ST003,1,1899,0.05,Cash,Completed
ORD10496,2024-03-11,C0372,P026,ST001,1,6799,0.1,Cash,Completed
ORD13765,2023-02-26,C0123,P013,ST002,4,4299,0.1,Mada,Completed
ORD13653,2023-05-31,C0387,P015,ST001,1,2899,0,Mastercard,Completed
ORD11199,2024-04-08,C0054,P015,ST002,1,2899,0.05,Apple Pay,Cancelled
ORD12356,2023-01-19,C0086,P031,ST003,2,2699,0,Visa,Completed
ORD16907,2024-08-30,C0092,P027,ST001,1,3499,0,Visa,Completed
ORD14471,2023-02-16,C0322,P018,ST002,2,999,0.05,Visa,Completed
ORD10112,2024-07-29,C0090,P023,ST004,1,3699,0,Cash,Completed
ORD16942,2023-02-03,C0174,P033,ST001,1,2699,0,Cash,Completed
ORD16205,2024-03-07,C0307,P021,ST001,2,849,0,Mada,Completed
ORD10850,2023-12-24,C0056,P030,ST002,1,6499,0%,Apple Pay,Completed
ORD15687,2024-03-26,C0404,P048,ST004,1,89,0,Mada,Completed
ORD15451,2023-04-21,C0140,P014,ST003,1,5499,0,Mada,Completed
ORD11357,2023-05-01,C0149,P029,ST002,,4999,0,Visa,Completed
ORD15964,2024-08-24,C0408,P011,ST002,1,2799,0,Mada,Completed
ORD12371,2024-02-01,C0440,P016,ST003,4,3699,0.1,Mada,Completed
ORD10187,2024-01-29,C0494,P045,ST002,2,599,0,Mada,Completed
ORD16109,2023-04-07,C0123,P010,ST002,3,6999,0.15,Visa,Completed
ORD15440,2024-04-24,C0231,P016,ST004,1,3699,0.15,Mada,Completed
ORD14670,2024-01-22,C0039,P003,ST002,2,3499,0,Apple Pay,Completed
ORD11780,2024-03-09,C0224,P046,ST001,1,1199,0.15,Mada,Completed
ORD14669,23/04/2024,C0160,P009,ST001,1,4999,0,Mastercard,Completed
ORD13492,2024-04-02,C0255,P029,ST001,2,4999,0,Mada,Completed
ORD15013,2024-10-20,C0303,P020,ST003,1,1499,0,Mada,Completed
ORD15943,2024-09-27,C0077,P010,ST001,1,6999,0.15,Apple Pay,Completed
ORD15981,2024-04-10,C0268,P008,ST001,1,8999,0.1, Mastercard  ,Completed
ORD13392,2023-05-31,C0056,P017,ST002,2,1899,0,Mada,Completed
ORD13753,2023-05-20,C0431,P038,ST001,2,2199,0, Mada  ,Completed
ORD15973,2024-11-09,C0267,P039,ST001,1,1499,0,Mada,Completed
ORD15931,2023-09-23,C0414,P042,ST003,1,11499,0,Mastercard,Completed
ORD16131,2024-05-25,C0091,P037,ST002,1,2299,0,Mada,Completed
ORD16499,2023-10-11,C0392,P034,ST002,1,3299,0,Apple Pay,Completed
ORD10672,2023-01-24,C0170,P009,ST001,1,4999,0.15,Cash,Completed
ORD12803,2023-02-18,C0340,P027,ST003,1,3499,0,Mada,Completed
ORD12416,2023-08-21,C0228,P004,ST003,1,4599,0,Mastercard,Completed
ORD11826,2024-04-06,C0304,P012,ST002,1,7299,0,Mada,Completed
ORD10659,2023-06-21,C0266,P042,ST003,2,11499,0,Mada,Completed
ORD11088,2024-04-09,C0278,P044,ST002,1,1099,0.1,Mada,Completed
ORD11079,2023-12-22,C0092,P038,ST003,1,2199,0.1,Visa,Completed
ORD12826,2024-03-19,C0111,P006,ST002,3,3999,0,Apple Pay,Completed
ORD11483,2023-04-20,C0445,P010,ST002,1,6999,0.1,Bank Transfer,Completed
ORD14585,2024-08-30,C0498,P018,ST002,1,999,0.05,Cash,Returned
ORD15394,2023-06-13,C0433,P028,ST001,1,4299,0,Visa,Completed
ORD16303,2024-06-29,C0410,P040,ST002,1,349,0,Bank Transfer,Completed
ORD16079,2024-08-25,C0324,P008,ST001,3,8999,0, Mada  ,Completed
ORD16180,2023-09-27,C0042,P007,ST003,1,2999,0.05,Visa,Completed
ORD14655,2024-12-28,C0483,P036,ST002,2,599,0,Mastercard,Completed
ORD12550,2024-03-22,C0445,P035,ST002,1,849,0,Apple Pay,Completed
ORD10246,2024-04-13,C0030,P034,ST002,1,3299,0.15,Apple Pay,Completed
ORD15285,2024-01-28,C0113,P043,ST003,1,1899,0,Apple Pay,Completed
ORD11331,28/03/2024,C0477,P004,ST001,2,4599,0.15,Visa,Completed
ORD12785,2023-03-11,c0093,P015,ST001,1,2899,0,Mada,Completed
ORD10731,2023-03-31,C0459,P036,ST003,4,599,0,Mada,Completed
ORD12251,2024-12-20,C0469,P015,ST001,1,2899,0,Visa,Completed
ORD16184,2024-05-03,C0326,P006,ST004,1,3999,0,Visa,Completed
ORD13229,2024-12-28,c0147,P024,ST001,2,3999,0.15,Mastercard,Completed
ORD12310,2024-04-24,C0391,P033,ST003,3,2699,0.15,Visa,Completed
ORD13316,2024-06-16,C0173,P015,ST001,1,2899,0,Mada,Completed
ORD14750,2024-09-26,C0003,P019,ST002,1,2299,0,Apple Pay,Completed
ORD12771,2024-05-29,C0236,P023,ST001,2,3699,0,Apple Pay,Completed
ORD17194,2023-07-21,C0185,P047,ST002,1,119,0.2,Visa,Completed
ORD12766,2023-09-08,C0190,P044,ST002,3,1099,0,Visa,Completed
ORD12332,2023-11-14,C0079,P001,ST001,1,5999,0.1,Apple Pay,Completed
ORD11085,2024-04-06,C0187,P046,ST003,1,1199,0,Mada,Completed
ORD11672,2024-04-19,C0089,P023,ST003,1,3699,0,Mada,Completed
ORD10552,2024-05-25,C0063,P002,ST003,1,4299,0.2,Mastercard,Completed
ORD11814,2023-08-15,C0280,P040,ST001,1,349,0,Cash,Completed
ORD11328,2023-11-02,C0028,P038,ST003,2,2199,0,Mada,Completed
ORD13870,2024-03-02,C0444,P010,ST002,1,6999,0,Mada,Completed
ORD12511,2024-03-06,C0242,P010,ST001,1,6999,0,Mada,Completed
ORD11315,2023-05-12,C0189,P004,ST001,2,4599,0,Apple Pay,Completed
ORD12780,2024-09-04,C0045,P026,ST002,2,6799,0.2,Mastercard,Completed
ORD12367,2023-03-07,C0105,P034,ST003,1,3299,0.15,Mastercard,Completed
ORD11393,2024-02-02,C0429,P024,ST002,1,3999,0,Visa,Completed
ORD15089,2023-03-19,C0368,P026,ST003,1,6799,0.1,Mada,Completed
ORD13799,2024-03-15,C0204,P011,ST002,3,2799,0.15,Mada,Completed
ORD16330,2024-05-31,C0298,P022,ST004,1,1799,0,Mastercard,Completed
ORD16396,2024-02-26,C0191,P042,ST003,2,11499,0,Visa,Completed
ORD13883,2023-05-24,C0349,P016,ST004,1,3699,0,Visa,Completed
ORD12410,2023-02-17,C0315,P027,ST001,1,3499,0,Visa,Completed
ORD15661,2023-01-22,C0415,P035,ST002,1,849,0.05,Bank Transfer,Completed
ORD13219,2023-09-28,C0092,P048,ST002,1,89,0,Mada,Completed
ORD13739,2023-08-14,C0176,P011,ST004,1,2799,0,Mada,Completed
ORD14126,2023-12-22,C0419,P026,ST003,2,6799,0,Mastercard,Completed
ORD13076,2024-12-31,C0454,P030,ST004,1,6499,0, Visa  ,Completed
ORD16498,2024-12-20,C0220,P025,ST002,1,2299,0.1,Mada,Completed
ORD15413,2023-11-16,C0364,P007,ST001,1,2999,0,Bank Transfer,Completed
ORD10007,2024-05-15,C0181,P032,ST002,1,2199,0.05,Cash,Completed
ORD11225,2024-09-07,C0374,P012,ST004,1,7299,0.15,Mada,Completed
ORD10728,2024-04-28,C0311,P048,ST001,1,89,0,Cash,Completed
ORD16430,2023-12-02,C0129,P027,ST002,1,3499,0,Mada,Completed
ORD14321,2024-11-11,C0494,P030,ST002,1,6499,0.15,Mastercard,Completed
ORD16136,2024-02-21,C0062,P018,ST003,2,999,0,Mada,Completed
ORD13847,2023-01-17,C0414,P037,ST001,1,2299,0,Mada,Completed
ORD10890,2024-04-22,C0026,P021,ST003,2,849,0,Visa,Completed
ORD15358,2024-04-03,C0135,P037,ST002,1,2299,0,Mada,Completed
ORD14424,2024-03-18,C0051,P049,ST003,2,399,0.05,Mada,Completed
ORD15168,2023-03-11,C0123,P032,ST001,1,2199,0,Apple Pay,Completed
ORD16386,2023-05-24,C0282,P002,ST003,1,4299,0,Mada,Completed
ORD16006,2024-03-14,C0419,P036,ST001,3,599,0.05,Apple Pay,Completed
ORD14630,2024-03-05,C0105,P017,ST001,1,1899,0,Cash,Completed
ORD13691,2024-11-12,C0185,P041,ST003,2,10999,0.1,Cash,Completed
ORD16946,2024-07-04,C0361,P041,ST001,1,10999,0.1,Visa,Completed
ORD15164,2024-04-27,C0490,P001,ST003,1,5999,0,Apple Pay,Completed
ORD15207,28/04/2024,C0164,P038,ST001,1,2199,0.15,Cash,Completed
ORD16443,2024-04-23,C0476,P034,ST002,1,3299,0,Mastercard,Completed
ORD14421,2023-12-18,C0219,P007,ST001,1,2999,0,Visa,Completed
ORD12300,2024-12-05,C0086,P031,ST002,1,2699,0.15,Mastercard,Completed
ORD13663,2024-04-08,C0028,P027,ST002,2,3499,0,Bank Transfer,Completed
ORD15126,2023-04-10,C0432,P014,ST002,1,5499,0,Cash,Completed
ORD15000,2024-03-22,C0410,P044,ST003,3,1099,0,Cash,Completed
ORD14740,2023-06-13,C0034,P045,ST001,1,599,0,Mada,Completed
ORD12674,2024-11-11,C0076,P042,ST001,1,11499,0,Mada,Completed
ORD10760,2024-03-08,C0491,P010,ST001,1,6999,0.1,Mastercard,Completed
ORD11743,2023-02-02,C0240,P020,ST002,1,1499,0,Mada,Completed
ORD13593,2024-03-28,C0099,P048,ST002,1,89,0,Apple Pay,Completed
ORD12351,2024-02-07,C0389,P014,ST004,1,5499,0,Mastercard,Completed
ORD16856,2024-08-24,C0269,P034,ST002,1,3299,0,Mada,Returned
ORD10729,2023-03-25,C0464,P031,ST004,4,2699,0.1,Visa,Completed
ORD13097,2023-01-19,C0213,P027,ST004,1,3499,0.2,Cash,Completed
ORD10809,2024-03-20,C0418,P006,ST004,1,3999,0,Mada,Completed
ORD13087,2023-06-14,C0168,P049,ST003,2,399,0.05,Mastercard,Completed
ORD12123,2023-12-31,C0354,P012,ST001,1,7299,0,Mada,Completed
ORD16137,2023-04-19,C0172,P029,ST003,2,4999,0,Mada,Completed
ORD11894,2023-03-16,C0369,P043,ST004,1,1899,0,Mada,Completed
ORD10404,2023-02-23,C0473,P020,ST002,1,1499,0.15,Visa,Completed
ORD16003,2023-09-20,C0341,P020,ST002,2,1499,0,Visa,Returned
ORD15332,2024-09-07,C0497,P024,ST003,1,3999,0,Visa,Completed
ORD13080,2024-04-07,C0201,P005,ST001,1,1599,0,Visa,Returned
ORD12336,2024-08-03,C0050,P017,ST003,1,1899,0,Mada,Completed
ORD17236,2023-05-22,C0329,P031,ST002,1,2699,0.1,Mada,Completed
ORD14232,2023-07-07,C0417,P022,ST004,1,1799,0,Mada,Completed
ORD11212,2024-09-20,C0281,P015,ST001,1,2899,0,Bank Transfer,Completed
ORD10116,2024-04-24,C0194,P011,ST002,2,2799,0,Visa,Completed
ORD14749,2024-11-28,C0290,P029,ST003,1,4999,0,Mada,Completed
ORD14987,2024-04-15,C0479,P042,ST002,1,11499,0.1,Mada,Completed
ORD15217,2024-04-26,C0232,P036,ST002,1,599,0.1,Mada,Completed
ORD13527,2024-02-10,C0309,P028,ST002,1,4299,0,Bank Transfer,Completed
ORD15021,2024-08-26,C0432,P008,ST001,1,8999,0,Mada,Completed
ORD12569,2023-02-27,C0203,P018,ST003,1,999,0.05,Cash,Completed
ORD15098,2024-03-13,C0201,P008,ST002,,8999,0.1,Mada,Completed
ORD15869,2024-04-04,C0216,P026,ST002,1,6799,0, Visa  ,Cancelled
ORD11217,2024-03-26,C0260,P009,ST002,1,4999,0.15,Visa,Completed
ORD11538,2023-04-07,C0279,P030,ST002,1,6499,0.1,Bank Transfer,Completed
ORD15674,2024-08-05,C0487,P039,ST002,1,1499,0.05,Mastercard,Completed
ORD16857,2023-02-18,C0393,P049,ST003,1,399,0,Visa,Completed
ORD10441,2023-06-10,C0284,P040,ST002,3,349,0,Mada,Completed
ORD13518,2024-04-11,C0315,P026,ST003,1,6799,0,Apple Pay,Completed
ORD12538,2023-01-06,C0063,P023,ST004,2,3699,0.2,Mastercard,Completed
ORD13267,2023-01-05,C0190,P050,ST001,1,599,0.1,Visa,Completed
ORD16055,2023-07-28,C0279,P017,ST001,1,1899,0,Mada,Completed
ORD14728,2024-03-01,C0142,P042,ST003,1,11499,0.05,Mastercard,Completed
ORD13477,2023-06-19,c0126,P026,ST002,1,6799,0.15,Mastercard,Completed
ORD17076,2023-09-29,C0211,P044,ST001,1,1099,0,Mastercard,Completed
ORD10688,2024-02-05,C0184,P001,ST003,1,5999,0,Cash,Completed
ORD15354,2024-03-04,C0471,P017,ST001,3,1899,0,Bank Transfer,Completed
ORD12380,2024-09-29,C0211,P010,ST004,3,6999,0,Mada,Completed
ORD11023,2023-09-12,C0257,P002,ST001,2,4299,0,Visa,Completed
ORD12825,2023-03-17,C0025,P017,ST003,1,1899,0,Mada,Returned
ORD14744,2024-04-07,C0313,P046,ST002,1,1199,0.1,Mastercard,Completed
ORD13029,2023-10-09,C0419,P025,ST003,1,2299,0,Visa,Completed
ORD11956,2024-02-29,C0082,P032,ST001,1,2199,0.1,Mastercard,Completed
ORD12093,2023-01-04,C0130,P050,ST002,1,599,0,Cash,Completed
ORD13943,2023-03-13,c0213,P008,ST003,1,8999,0,Mada,Completed
ORD16779,2023-07-13,C0319,P045,ST001,1,599,0,Apple Pay,Completed
ORD14163,2023-09-19,C0094,P043,ST003,1,1899,0,Mada,Completed
ORD13362,2024-03-20,C0417,P010,ST002,3,6999,0,Cash,Completed
ORD12554,2024-03-23,C0107,P033,ST003,2,2699,0,Visa,Completed
ORD15176,2024-06-14,C0125,P009,ST002,1,4999,0,Mastercard,Completed
ORD13963,2024-03-06,C0006,P021,ST002,1,849,0,Bank Transfer,Completed
ORD16600,2024-03-26,C0446,P008,ST002,4,8999,0,Mada,Completed
ORD16128,2023-07-20,C0439,P050,ST001,2,599,0,Mada,Completed
ORD11191,2024-04-05,C0487,P011,ST001,2,2799,0.1,Visa,Returned
ORD14840,2024-11-07,C0336,P035,ST004,1,849,0.05,Mada,Completed
ORD14335,2024-05-15,C0336,P016,ST002,1,3699,0,Apple Pay,Completed
ORD11828,2024-04-15,C0228,P045,ST003,1,599,0,Apple Pay,Completed
ORD15399,2023-05-06,C0190,P016,ST003,2,3699,0,Mada,Completed
ORD12108,2023-03-13,C0341,P021,ST003,1,849,0,Visa,Completed
ORD12917,2024-04-28,C0435,P031,ST001,1,2699,0,Apple Pay,Completed
ORD11494,2024-10-05,C0320,P037,ST002,1,2299,0,Mada,Completed
ORD16415,2023-09-25,C0332,P038,ST003,1,2199,0,Bank Transfer,Completed
ORD13396,2024-03-21,C0078,P003,ST001,2,3499,0,Mada,Completed
ORD10603,10/06/2023,C0062,P008,ST002,1,8999,0,Mada,Completed
ORD10776,2024-06-24,C0452,P029,ST001,3,4999,0.05,Apple Pay,Completed
ORD10598,2024-08-09,C0265,P034,ST003,1,3299,0,Apple Pay,Completed
ORD12016,2023-08-24,C0448,P023,ST002,2,3699,0,Cash,Completed
ORD16401,2023-10-26,c0051,P032,ST002,1,2199,0.15,Visa,Completed
ORD10379,2024-09-10,C0167,P026,ST002,2,6799,0.1,Mada,Completed
ORD13053,2023-11-24,C0013,P046,ST001,1,1199,0,Apple Pay,Completed
ORD16537,2024-04-10,C0296,P022,ST003,1,1799,0.05,Bank Transfer,Completed
ORD16355,11/08/2023,C0281,P043,ST001,2,1899,0.05,Visa,Completed
ORD14686,2023-10-30,C0008,P019,ST001,1,2299,0,Bank Transfer,Returned
ORD10486,2023-02-03,C0023,P004,ST002,1,4599,0.15,Mastercard,Completed
ORD10521,2024-05-12,C0033,P006,ST001,1,3999,0,Visa,Completed
ORD12849,2024-01-01,C0126,P042,ST003,2,11499,0,Mastercard,Completed
ORD12196,2023-01-16,C0462,P018,ST002,1,999,0,Mastercard,Completed
ORD13221,2023-06-15,C0432,P021,ST002,1,849,0,Mada,Completed
ORD13548,2024-06-26,C0215,P021,ST002,3,849,0.1,Apple Pay,Completed
ORD17245,2024-09-06,C0097,P015,ST002,1,2899,0,Mada,Completed
ORD15736,2024-10-27,C0110,P027,ST003,1,3499,0,Bank Transfer,Returned
ORD13844,2023-08-09,C0043,P044,ST002,1,1099,5%,Visa,Completed
ORD17069,2024-05-07,C0034,P039,ST002,1,1499,0.1,Mada,Completed
ORD12487,2024-03-20,C0047,P005,ST001,4,1599,0.15,Mada,Completed
ORD11816,2024-05-13,C0483,P042,ST002,1,11499,0,Apple Pay,Completed
ORD12335,2024-03-26,C0126,P012,ST002,1,7299,0,Mada,Completed
ORD10497,2024-08-18,C0342,P042,ST003,3,11499,0,Visa,Completed
ORD14270,2024-04-07,C0317,P003,ST001,1,3499,0,Visa,Completed
ORD13039,2024-06-04,C0414,P001,ST001,2,5999,0,Bank Transfer,Completed
ORD16755,2024-04-23,C0217,P023,ST002,1,3699,0,Visa,Completed
ORD16168,2024-07-15,C0443,P039,ST003,1,1499,0,Mada,Returned
ORD11627,2024-09-21,C0070,P045,ST004,1,599,0,Mada,Completed
ORD13959,2023-09-06,C0345,P044,ST002,2,1099,0.1,Mastercard,Completed
ORD14319,2023-01-08,C0465,P006,ST002,3,3999,0,Mada,Completed
ORD11598,2024-07-13,C0170,P009,ST004,2,4999,0,Bank Transfer,Completed
ORD15531,2024-11-12,C0296,P020,ST003,1,1499,0.1,Cash,Completed
ORD10471,2024-03-05,C0172,P031,ST001,4,2699,0,Bank Transfer,Completed
ORD15559,2024-06-08,C0077,P026,ST003,1,6799,0.1,Mada,Completed
ORD12291,2024-10-05,C0171,P007,ST002,3,2999,0,Mada,Returned
ORD17074,2024-03-12,C0347,P010,ST001,2,6999,0,Mada,Completed
ORD16256,2023-10-27,C0422,P037,ST001,1,2299,0,Visa,Completed
ORD15660,2023-12-14,C0147,P005,ST001,1,1599,0.05,Visa,Completed
ORD14957,2024-09-18,C0204,P042,ST003,1,11499,0,Visa,Completed
ORD16978,2023-03-15,C0010,P040,ST001,1,349,0,Mada,Completed
ORD16817,2023-08-06,C0066,P034,ST001,1,3299,0.05,Visa,Completed
ORD14113,2023-06-26,C0172,P049,ST001,2,399,0.1,Mada,Completed
ORD16716,2023-10-27,C0483,P011,ST002,1,2799,0.1,Mada,Completed
ORD14965,2023-03-04,C0172,P037,ST003,1,2299,0.15,Mada,Completed
ORD13395,2023-04-28,C0482,P015,ST002,1,2899,0%,Mastercard,Completed
ORD16067,2024-10-26,C0001,P021,ST002,2,849,0,Apple Pay,Completed
ORD13947,2024-04-20,C0329,P038,ST002,1,2199,0.15,Apple Pay,Completed
ORD16463,2023-06-08,C0226,P047,ST002,1,119,0,Cash,Completed
ORD16549,2024-09-25,C0131,P044,ST002,2,1099,0.05,Mada,Completed
ORD13215,2023-06-06,C0359,P027,ST001,1,3499,0.05,Bank Transfer,Completed
ORD16255,2023-11-24,C0114,P040,ST001,1,349,0,Mada,Returned
ORD10049,2024-03-30,C0017,P002,ST001,2,4299,0,Visa,Completed
ORD11310,2023-08-17,C0140,P040,ST001,1,349,0,Visa,Returned
ORD17134,2024-05-12,c0077,P040,ST004,1,349,0,Mada,Completed
ORD14950,2024-04-12,C0325,P039,ST003,1,1499,0,Mada,Completed
ORD16713,2023-04-13,C0049,P021,ST002,1,849,0,Bank Transfer,Returned
ORD14778,2023-05-04,C0219,P032,ST002,1,2199,0,Mastercard,Completed
ORD13196,2023-11-20,C0326,P003,ST001,1,3499,0,Mada,Completed
ORD12337,2024-04-23,C0041,P030,ST001,1,6499,0.15, Apple Pay  ,Completed
ORD13464,2024-12-17,C0205,P039,ST004,1,1499,0.1,Apple Pay,Completed
ORD14796,2024-03-20,C0162,P014,ST001,1,5499,0.1,Mada,Completed
ORD16105,2024-07-03,C0086,P012,ST003,1,7299,0,Mada,Completed
ORD13649,2023-03-07,C0108,P031,ST002,2,2699,0.1,Bank Transfer,Completed
ORD10027,2024-03-21,C0370,P005,ST001,1,1599,0.15,Mastercard,Completed
ORD14128,2024-03-08,C0496,P017,ST001,1,1899,0,Visa,Completed
ORD10463,2023-01-26,C0080,P010,ST002,3,6999,0.15,Cash,Completed
ORD10612,2024-02-16,C0013,P002,ST002,1,4299,0,Mada,Completed
ORD13195,2023-09-03,C0315,P030,ST001,1,6499,0,Mada,Completed
ORD14376,2024-04-11,C0367,P037,ST003,1,2299,0,Visa,Completed
ORD15741,2023-10-17,C0413,P028,ST001,1,4299,0,Apple Pay,Completed
ORD11416,2024-06-05,C0314,P002,ST002,1,4299,0,Mastercard,Completed
ORD15935,2023-08-02,C0051,P017,ST002,1,1899,0, Mada  ,Completed
ORD13276,2024-08-22,C0350,P046,ST001,1,1199,0,Visa,Completed
ORD16710,2023-03-27,C0175,P026,ST004,1,6799,0,Visa,Completed
ORD11661,2023-07-22,C0221,P014,ST003,1,5499,0,Mada,Completed
ORD15959,2024-06-14,C0266,P028,ST004,1,4299,0,Mastercard,Completed
ORD16573,2024-08-17,C0092,P012,ST002,1,7299,0,Mada,Completed
ORD17057,2024-04-24,C0126,P050,ST003,1,599,0,Visa,Completed
ORD12647,2023-12-28,C0254,P041,ST004,1,10999,0,Bank Transfer,Completed
ORD16148,2023-06-10,C0249,P041,ST001,1,10999,0,Mada,Completed
ORD12769,2024-07-05,C0454,P040,ST001,3,349,0,Apple Pay,Completed
ORD14106,2024-04-25,C0287,P036,ST003,2,599,0.15,Visa,Completed
ORD11237,2024-11-01,C0330,P035,ST002,1,849,0.1,Mada,Completed
ORD10527,2024-01-12,C0410,P039,ST001,1,1499,0.05,Mastercard,Completed
ORD10234,2023-07-06,C0233,P011,ST002,1,2799,0,Mada,Completed
ORD10158,2024-04-11,C0069,P022,ST002,1,1799,0.05,Apple Pay,Completed
ORD13199,2023-03-06,C0008,P041,ST001,1,10999,0,Apple Pay,Completed
ORD13693,2023-10-08,C0145,P038,ST001,1,2199,0,Mada,Completed
ORD13368,2024-03-18,C0343,P008,ST001,1,8999,0,Cash,Completed
ORD13842,2024-07-13,C0197,P049,ST003,1,399,0.05,Mada,Completed
ORD10537,2024-03-18,C0237,P041,ST002,1,10999,0,Cash,Completed
ORD12831,2024-03-23,C0483,P028,ST002,1,4299,0,Visa,Completed
ORD12980,2023-11-28,C0050,P009,ST002,1,4999,0,Visa,Completed
ORD10432,2023-02-08,C0401,P040,ST003,3,349,0.05,Visa,Completed
ORD10344,2024-04-19,C0166,P013,ST003,2,4299,0,Apple Pay,Completed
ORD15441,2023-06-21,C0466,P014,ST003,1,5499,0,Cash,Completed
ORD11559,2024-10-02,C0329,P050,ST003,1,599,0.1,Mastercard,Completed
ORD16547,2023-05-10,C0081,P031,ST001,1,2699,0.05,Mada,Completed
ORD15011,2023-04-11,C0305,P018,ST003,2,999,0,Visa,Completed
ORD16818,2023-04-30,C0171,P033,ST001,1,2699,0.15,Cash,Completed
ORD11740,2023-09-15,C0357,P031,ST003,1,2699,0,Visa,Completed
ORD14282,2023-04-07,C0044,P006,ST001,2,3999,0,Visa,Completed
ORD16844,2024-03-02,C0142,P001,ST001,1,5999,0.05,Mada,Completed
ORD16683,30/03/2023,C0499,P028,ST002,1,4299,0,Mastercard,Completed
ORD11587,2024-04-19,C0008,P033,ST002,1,2699,0,Mastercard,Completed
ORD17100,2023-05-13,C0235,P029,ST003,1,4999,0.05,Mada,Completed
ORD13225,2024-03-04,C0414,P014,ST002,1,5499,0,Visa,Completed
ORD16609,2024-09-03,C0291,P009,ST001,1,4999,0,Visa,Completed
ORD10932,2023-05-11,C0065,P019,ST003,1,2299,0.1,Mada,Completed
ORD12341,2024-04-30,C0329,P017,ST001,1,1899,0,Mada,Completed
ORD16698,2024-04-26,C0225,P041,ST002,,10999,0,Mastercard,Completed
ORD16325,2024-07-28,C0112,P001,ST001,1,5999,0.05,Mastercard,Completed
ORD11674,2023-02-09,C0052,P048,ST003,2,89,0,Mada,Completed
ORD10683,2024-11-13,C0391,P014,ST003,3,5499,0,Bank Transfer,Completed
ORD17238,2024-04-01,C0182,P042,ST001,2,11499,0.2,Mada,Completed
ORD16665,2024-06-03,C0017,P013,ST001,3,4299,0,Mada,Completed
ORD10175,2024-11-08,C0286,P042,ST003,1,11499,0.1,Mastercard,Completed
ORD12181,2023-08-13,C0253,P030,ST001,1,6499,0.2,Apple Pay,Completed
ORD13357,2023-12-29,C0029,P035,ST001,1,849,0,Apple Pay,Completed
ORD14238,2024-10-16,C0021,P009,ST004,1,4999,0,Mastercard,Completed
ORD16699,2023-09-14,C0445,P028,ST003,1,4299,0,Apple Pay,Completed
ORD11119,2023-09-24,C0291,P022,ST003,2,1799,0.05,Mada,Completed
ORD15327,2024-04-27,C0487,P033,ST001,1,2699,0.05,Mada,Completed
ORD15428,2023-01-21,C0418,P021,ST001,1,849,0,Mada,Completed
ORD10846,2024-03-28,C0187,P008,ST001,4,8999,0,Visa,Completed
ORD13667,2024-08-24,c0499,P046,ST001,2,1199,0,Cash,Completed
ORD13447,2023-09-23,C0432,P029,ST002,1,4999,0,Cash,Completed
ORD16222,2024-04-17,C0067,P001,ST001,1,5999,0,Mada,Completed
ORD13104,2023-03-11,C0312,P020,ST003,2,1499,0,Mada,Cancelled
ORD14994,2024-03-24,C0149,P029,ST001,1,4999,0.05,Visa,Completed
ORD16529,2024-02-13,C0197,P027,ST001,3,3499,0,Mada,Completed
ORD12231,2023-07-22,C0491,P018,ST003,1,999,0,Mada,Completed
ORD10493,29/04/2023,C0228,P048,ST002,1,89,0.2,Visa,Completed
ORD15801,2023-11-25,C0201,P048,ST001,1,89,0,Mada,Completed
ORD12363,2024-03-23,C0334,P046,ST002,3,1199,0,Apple Pay,Completed
ORD16418,2024-03-13,C0123,P015,ST002,2,2899,0,Mada,Completed
ORD16437,2024-04-11,C0435,P040,ST002,1,349,0,Mada,Completed
ORD14535,2024-01-05,C0160,P042,ST002,1,11499,0,Mastercard,Completed
ORD11376,2023-10-05,C0465,P015,ST002,1,2899,0.15,Mada,Completed
ORD16783,2024-03-16,C0271,P037,ST003,1,2299,0.05,Bank Transfer,Completed
ORD11097,2023-10-09,C0010,P041,ST002,1,10999,0,Mada,Completed
ORD16471,2024-12-12,C0264,P016,ST001,1,3699,0,Bank Transfer,Completed
ORD12442,2024-03-24,C0107,P022,ST003,1,1799,0.05,Cash,Completed
ORD12543,2024-09-28,C0373,P001,ST001,1,5999,0.1,Mada,Completed
ORD13675,2024-11-04,C0030,P004,ST003,2,4599,0.05,Bank Transfer,Completed
ORD10047,2023-06-20,C0444,P021,ST001,2,849,0.05,Mada,Completed
ORD10459,2023-09-24,C0181,P019,ST002,2,2299,0,Bank Transfer,Completed
ORD12604,2024-09-30,C0125,P024,ST002,1,3999,0,Cash,Completed
ORD11771,2024-09-20,C0268,P018,ST004,2,999,0,Visa,Completed
ORD11073,2024-09-03,C0072,P013,ST004,3,4299,0,Mada,Completed
ORD14076,2023-04-14,C0391,P012,ST002,1,7299,0,Mada,Completed
ORD15338,2024-01-03,C0125,P047,ST002,1,119,0.05,Cash,Completed
ORD11939,16/06/2023,C0030,P009,ST003,1,4999,0.1,Apple Pay,Completed
ORD11708,2023-01-27,C0288,P010,ST002,1,6999,0,Visa,Completed
ORD16279,2024-04-24,C0238,P033,ST001,1,2699,0.05,Cash,Completed
ORD17035,2024-07-08,C0225,P040,ST003,1,349,0.1,Mada,Completed
ORD17118,2024-03-17,C0145,P024,ST002,3,3999,0,Apple Pay,Completed
ORD15266,2023-05-12,C0294,P016,ST002,2,3699,0,Cash,Completed
ORD12726,2024-09-17,C0457,P007,ST001,1,2999,0.05,Mastercard,Completed
ORD10823,2024-09-08,C0282,P042,ST001,3,11499,0,Visa,Completed
ORD13817,2024-02-13,C0221,P039,ST002,1,1499,0,Apple Pay,Completed
ORD13179,2024-12-09,C0129,P045,ST002,2,599,0.15,Visa,Completed
ORD11623,2023-12-23,C0398,P022,ST003,1,1799,0.15,Mada,Completed
ORD11078,2023-05-17,C0218,P019,ST001,2,2299,0.05,Visa,Completed
ORD10010,2023-03-03,C0009,P040,ST003,3,349,0.05,Mastercard,Completed
ORD16470,2023-11-28,C0487,P022,ST002,1,1799,0.1,Mastercard,Completed
ORD16086,2024-04-10,C0140,P011,ST002,1,2799,0.05,Mada,Completed
ORD11967,2024-02-02,C0126,P032,ST004,1,2199,0,Visa,Completed
ORD16043,2023-11-14,C0189,P045,ST001,1,599,0,Mastercard,Completed
ORD10510,2024-12-08,C0154,P049,ST002,1,399,0,Visa,Completed
ORD16302,2024-02-01,C0292,P034,ST003,1,3299,0.1,Mada,Completed
ORD15780,2024-02-27,C0035,P029,ST002,1,4999,0,Cash,Completed
ORD12572,2023-10-27,C0446,P025,ST001,2,2299,0.1,Mada,Completed
ORD10701,2023-05-18,C0213,P049,ST002,1,399,10%,Mada,Completed
ORD11221,2023-03-08,C0366,P017,ST001,3,1899,0.05,Visa,Completed
ORD16696,2024-01-19,C0329,P029,ST001,2,4999,0,Mada,Completed
ORD11016,2023-11-23,C0248,P026,ST001,1,6799,0.1,Apple Pay,Completed
ORD16083,2024-01-25,C0399,P018,ST003,1,999,0,Apple Pay,Completed
ORD12795,2023-03-19,C0414,P036,ST004,4,599,0,Apple Pay,Completed
ORD15376,2023-01-26,C0058,P048,ST001,3,89,0,Mada,Completed
ORD13379,2024-05-13,C0317,P018,ST002,1,999,0,Mada,Completed
ORD14066,2024-01-30,C0006,P033,ST001,1,2699,0.05,Mastercard,Completed
ORD15621,2024-04-03,C0221,P005,ST002,1,1599,0,Mada,Completed
ORD10346,2024-06-07,C0468,P036,ST001,1,599,0.1,Apple Pay,Completed
ORD10584,2023-10-27,C0332,P032,ST003,1,2199,0,Apple Pay,Completed
ORD12969,2024-05-03,C0405,P023,ST001,1,3699,0,Visa,Completed
ORD16720,2023-01-06,C0067,P024,ST002,1,3999,0.05,Mada,Completed
ORD13839,2024-03-02,C0376,P004,ST003,1,4599,0,Mada,Completed
ORD12725,2024-10-28,C0143,P038,ST001,1,2199,0,Mada,Completed
ORD12552,2024-09-12,C0426,P002,ST001,3,4299,0,Apple Pay,Completed
ORD10504,2024-11-22,C0260,P031,ST002,1,2699,0.1,Mada,Completed
ORD10556,2024-02-13,C0437,P050,ST001,2,599,0,Visa,Completed
ORD13666,2024-06-12,C0448,P030,ST003,1,6499,0.15,Bank Transfer,Completed
ORD11104,2024-08-07,C0206,P050,ST003,2,599,0.05,Visa,Completed
ORD13414,2024-08-20,C0096,P014,ST004,1,5499,0,Mastercard,Completed
ORD15775,2024-03-02,C0377,P027,ST001,1,3499,0,Mastercard,Completed
ORD17089,2024-04-21,C0418,P038,ST001,2,2199,0.05,Apple Pay,Completed
ORD14878,2024-03-04,C0121,P028,ST001,1,4299,0,Mastercard,Completed
ORD13062,2024-07-28,C0032,P013,ST002,1,4299,0,Mada,Completed
ORD16191,2024-04-06,C0204,P002,ST002,1,4299,0,Mada,Completed
ORD13504,2024-05-29,C0190,P019,ST003,1,2299,0,Mastercard,Completed
ORD15951,17/04/2023,C0278,P034,ST004,2,3299,0.15,Mada,Completed
ORD14883,2023-06-23,C0267,P042,ST002,1,11499,0.1,Mastercard,Completed
ORD16948,2023-01-17,C0500,P037,ST004,1,2299,0,Visa,Completed
ORD13587,2024-05-09,C0065,P030,ST002,1,6499,0,Mada,Completed
ORD11666,2024-12-12,C0142,P015,ST003,3,2899,0, Apple Pay  ,Completed
ORD13022,2024-08-24,C0294,P008,ST004,1,8999,0, Visa  ,Completed
ORD14969,2024-10-19,C0486,P016,ST002,1,3699,0,Mada,Completed
ORD15680,2024-11-18,C0432,P006,ST003,1,3999,0.05,Cash,Completed
ORD14746,2024-08-30,C0346,P027,ST002,1,3499,0.05,Cash,Completed
ORD14946,2024-11-25,C0343,P007,ST004,1,2999,0.05,Visa,Completed
ORD11906,2023-11-13,C0304,P032,ST003,1,2199,0,Mada,Completed
ORD10592,2024-10-01,C0155,P042,ST003,1,11499,0,Visa,Completed
ORD14441,2024-01-14,C0356,P006,ST003,2,3999,0,Mastercard,Completed
ORD12895,2024-04-18,C0154,P034,ST002,1,3299,0,Visa,Completed
ORD14292,2023-12-01,C0316,P034,ST002,1,3299,0.1,Mada,Completed
ORD10860,2024-03-14,C0179,P050,ST003,1,599,0,Mada,Completed
ORD14078,2024-01-30,C0497,P011,ST002,1,2799,0,Cash,Completed
ORD12408,2023-02-18,C0074,P031,ST001,2,2699,0,Mastercard,Completed
ORD12114,2024-03-11,C0321,P024,ST001,1,3999,0.05,Bank Transfer,Returned
ORD15728,2023-10-28,C0429,P025,ST002,2,2299,0.1,Mada,Completed
ORD16327,2023-03-05,C0456,P005,ST003,1,1599,0.1,Mada,Completed
ORD11323,2024-02-29,C0252,P038,ST001,,2199,0,Cash,Completed
ORD14010,2024-06-17,C0222,P007,ST001,2,2999,0,Mada,Completed
ORD12794,2024-04-11,C0156,P040,ST003,1,349,0,Mastercard,Completed
ORD17081,2024-04-01,C0227,P005,ST002,1,1599,0.05,Apple Pay,Completed
ORD13056,2023-09-14,C0204,P007,ST002,1,2999,0.2,Mastercard,Returned
ORD10943,2023-05-23,C0257,P018,ST003,1,999,0,Visa,Completed
ORD14102,2023-06-08,C0208,P046,ST003,1,1199,0,Mada,Returned
ORD10314,2024-07-06,C0375,P045,ST001,1,599,0,Bank Transfer,Cancelled
ORD15408,2024-03-25,C0434,P039,ST003,1,1499,0,Mastercard,Returned
ORD17083,2024-04-20,C0294,P050,ST002,1,599,0,Mada,Completed
ORD15160,2024-06-14,C0332,P023,ST003,1,3699,0,Mada,Completed
ORD16910,2023-05-29,C0019,P041,ST004,1,10999,0,Visa,Completed
ORD12678,2023-01-28,C0330,P044,ST002,1,1099,0,Apple Pay,Completed
ORD15470,2024-01-14,C0090,P032,ST001,1,2199,0,Mada,Completed
ORD13632,2023-02-28,C0004,P042,ST003,1,11499,0,Mastercard,Completed
ORD10074,2024-03-01,C0143,P041,ST002,1,10999,0.05,Mada,Completed
ORD16635,2023-11-25,C0275,P048,ST001,1,89,0,Mada,Completed
ORD16423,2023-05-15,C0348,P010,ST002,1,6999,0.15,Apple Pay,Completed
ORD10833,2023-04-05,C0029,P009,ST004,1,4999,0,Mada,Completed
ORD16704,2024-03-28,C0219,P030,ST002,1,6499,0.1,Mastercard,Completed
ORD12686,2024-07-17,C0268,P005,ST003,2,1599,0.05,Cash,Completed
ORD14299,2024-05-19,C0017,P048,ST001,1,89,0,Mada,Completed
ORD13135,2023-01-15,C0079,P029,ST001,1,4999,0,Mada,Completed
ORD13855,2024-02-15,C0439,P031,ST001,1,2699,0.1,Apple Pay,Returned
ORD11213,2023-01-27,C0332,P015,ST003,1,2899,0,Mada,Completed
ORD11463,2024-06-08,C0397,P011,ST002,1,2799,0.05,Mastercard,Completed
ORD11645,19/04/2024,C0127,P015,ST003,1,2899,0,Mastercard,Completed
ORD15924,2024-06-12,c0041,P043,ST002,4,1899,0, Bank Transfer  ,Completed
ORD12688,2024-05-05,C0304,P039,ST003,1,1499,0.05,Mastercard,Completed
ORD14562,2024-02-29,C0333,P047,ST001,1,119,0,Mada,Completed
ORD13517,2023-04-01,C0407,P025,ST004,2,2299,0,Cash,Completed
ORD14193,2024-04-07,C0399,P043,ST001,1,1899,0,Mada,Completed
ORD14640,31/08/2023,C0016,P038,ST004,1,2199,0,Mastercard,Completed
ORD12525,2024-04-12,C0008,P034,ST003,1,3299,0,Cash,Completed
ORD15913,2024-10-15,C0269,P038,ST003,1,2199,0.05,Bank Transfer,Completed
ORD12023,2024-06-08,C0143,P028,ST001,1,4299,0,Visa,Completed
ORD16544,2024-03-13,C0493,P012,ST003,1,7299,0,Visa,Completed
ORD17051,2024-04-24,C0484,P001,ST002,1,5999,0,Apple Pay,Completed
ORD11615,2023-01-17,C0115,P050,ST003,1,599,0.1,Mada,Completed
ORD10107,2024-08-04,C0497,P013,ST002,2,4299,0.1,Mada,Completed
ORD13582,2024-05-03,C0028,P022,ST001,1,1799,0.05,Mastercard,Completed
ORD16347,2023-10-17,C0421,P034,ST003,2,3299,0,Apple Pay,Completed
ORD15769,2024-03-08,C0094,P012,ST002,2,7299,0.1,Apple Pay,Completed
ORD12557,2024-02-02,C0228,P028,ST001,1,4299,0,Apple Pay,Completed
ORD15743,13/12/2023,C0430,P044,ST003,2,1099,0.05,Visa,Completed
ORD14393,2023-04-14,C0127,P015,ST003,2,2899,0,Visa,Completed
ORD14445,2024-04-19,C0283,P011,ST001,1,2799,0.1,Mada,Completed
ORD15008,2023-11-10,C0265,P012,ST003,1,7299,0,Cash,Completed
ORD10495,2023-04-18,C0206,P044,ST002,1,1099,0,Bank Transfer,Completed
ORD13738,2024-04-02,C0463,P012,ST003,4,7299,0.1,Cash,Completed
ORD14924,2024-01-30,C0333,P003,ST001,1,3499,0.15,Mada,Completed
ORD15691,2024-03-18,C0071,P030,ST004,1,6499,0.05,Mada,Completed
ORD12246,2024-04-26,C0327,P021,ST004,2,849,0.1,Mada,Completed
ORD14225,2023-06-01,C0319,P019,ST001,1,2299,0,Mada,Completed
ORD12561,2023-11-11,C0497,P001,ST001,3,5999,0,Mada,Completed
ORD10350,2024-09-07,C0420,P036,ST001,1,599,0.05,Mada,Completed
ORD15863,2023-04-01,C0326,P039,ST004,2,1499,0.1,Visa,Completed
ORD15609,2024-02-07,C0284,P048,ST002,1,89,0,Mada,Completed
ORD14930,2023-09-22,C0310,P050,ST002,1,599,0,Mastercard,Completed
ORD14082,2024-04-11,C0498,P034,ST001,1,3299,0,Visa,Completed
ORD10060,2023-10-18,C0458,P037,ST002,2,2299,0.1,Mada,Completed
ORD12206,2024-01-27,C0302,P014,ST001,2,5499,0.1,Mastercard,Completed
ORD12124,2023-04-01,C0280,P046,ST001,1,1199,0.1,Visa,Completed
ORD14139,2024-03-20,C0174,P046,ST003,2,1199,0,Visa,Completed
ORD11508,2024-08-31,C0407,P029,ST002,1,4999,0.05,Mada,Completed
ORD13971,2023-12-27,C0491,P009,ST003,1,4999,0.2,Apple Pay,Completed
ORD15411,2024-09-29,C0038,P040,ST002,1,349,0,Mastercard,Completed
ORD12199,2023-09-15,C0218,P010,ST003,1,6999,0.1,Apple Pay,Completed
ORD11966,2023-09-26,C0429,P020,ST001,4,1499,0.1,Mada,Completed
ORD10041,2023-09-07,C0119,P022,ST002,1,1799,0.15,Mastercard,Completed
ORD14337,2024-01-07,C0025,P045,ST001,1,599,0.1,Mada,Completed
ORD12642,2024-08-10,C0358,P048,ST001,1,89,0.2,Visa,Completed
ORD11847,2024-07-24,C0236,P027,ST004,2,3499,0.15,Apple Pay,Returned
ORD15196,2023-06-18,C0454,P006,ST002,1,3999,0,Visa,Completed
ORD15248,2023-06-30,C0165,P039,ST001,1,1499,0.15,Visa,Completed
ORD10954,2023-08-01,C0437,P023,ST002,1,3699,0.1,Mada,Completed
ORD16206,2024-05-16,c0179,P049,ST002,3,399,0,Mada,Completed
ORD11824,2023-09-17,C0113,P008,ST001,1,8999,0,Mastercard,Completed
ORD14901,2023-01-28,C0358,P036,ST004,1,599,0,Mastercard,Completed
ORD13058,2024-03-26,C0043,P008,ST004,1,8999,0.05,Visa,Completed
ORD10192,2023-06-14,C0152,P010,ST003,2,6999,0.05,Visa,Completed
ORD11688,2024-09-12,C0303,P015,ST002,1,2899,0,Mada,Completed
ORD13332,2024-09-10,C0289,P039,ST001,1,1499,0,Cash,Completed
ORD11093,2023-11-06,C0453,P048,ST001,1,89,0.05,Apple Pay,Completed
ORD14555,2023-10-08,C0397,P048,ST002,2,89,0,Mastercard,Completed
ORD14814,2024-12-05,C0108,P011,ST001,2,2799,0.05,Visa,Completed
ORD14008,2023-12-31,C0348,P047,ST002,1,119,0.1,Apple Pay,Completed
ORD16809,2023-08-27,C0342,P005,ST002,2,1599,0,Apple Pay,Completed
ORD12297,2023-07-08,C0282,P020,ST003,1,1499,0,Cash,Completed
ORD12409,2023-08-25,C0339,P033,ST004,1,2699,0.1,Apple Pay,Completed
ORD16554,2023-04-29,C0002,P004,ST001,1,4599,0.05,Mada,Completed
ORD16155,2023-07-29,C0015,P034,ST002,2,3299,0,Mada,Completed
ORD17185,2024-04-05,C0251,P047,ST003,1,119,0,Mada,Completed
ORD16352,2024-02-07,C0430,P025,ST001,1,2299,0,Apple Pay,Completed
ORD15211,2023-03-14,C0251,P031,ST001,3,2699,0,Mastercard,Completed
ORD15452,2024-01-02,C0033,P026,ST003,1,6799,0,Apple Pay,Completed
ORD15692,2024-08-07,C0321,P026,ST003,1,6799,0, Cash  ,Completed
ORD11911,2024-06-25,C0041,P014,ST002,1,5499,0,Mastercard,Completed
ORD11391,2023-03-25,C0315,P010,ST002,1,6999,0,Mada,Completed
ORD14286,2024-04-28,C0334,P040,ST002,2,349,0,Mada,Completed
ORD16185,2024-04-10,C0043,P046,ST002,1,1199,0.1,Visa,Completed
ORD16873,2023-01-12,C0121,P010,ST001,3,6999,0,Cash,Completed
ORD13599,2023-09-14,C0292,P045,ST002,1,599,0.05,Visa,Completed
ORD10968,14/08/2023,C0335,P024,ST001,2,3999,0,Apple Pay,Completed
ORD12417,2024-02-07,C0328,P039,ST003,1,1499,0,Apple Pay,Completed
ORD14819,2023-08-13,C0149,P039,ST003,1,1499,0%,Mada,Completed
ORD10876,2023-01-24,C0063,P007,ST002,1,2999,0.15,Mada,Completed
ORD10599,2024-01-05,C0032,P028,ST001,2,4299,0,Mada,Completed
ORD11262,2024-02-25,C0321,P015,ST002,4,2899,0,Apple Pay,Completed
ORD13551,2023-02-05,C0157,P042,ST003,3,11499,0,Mada,Completed
ORD14470,2024-04-19,C0296,P045,ST001,1,599,0,Mastercard,Completed
ORD16669,2024-04-25,C0079,P024,ST001,1,3999,0,Mada,Completed
ORD12026,2024-03-23,C0246,P004,ST001,1,4599,0,Mada,Completed
ORD13312,2023-02-10,C0332,P006,ST001,1,3999,0,Visa,Completed
ORD15481,2024-04-25,C0088,P035,ST002,1,849,0.15,Apple Pay,Completed
ORD15576,2023-11-26,C0367,P019,ST002,1,2299,0,Visa,Completed
ORD14296,2024-07-03,C0030,P039,ST001,1,1499,0, Mastercard  ,Completed
ORD13785,2023-09-10,C0312,P038,ST002,1,2199,0.1,Mada,Completed
ORD16377,2024-04-21,C0011,P010,ST004,1,6999,0,Mada,Completed
ORD11726,2023-04-13,C0004,P024,ST001,1,3999,0,Mastercard,Completed
ORD11479,2024-08-27,C0064,P018,ST002,1,999,0.1,Mada,Completed
ORD11690,2023-10-21,C0090,P037,ST002,1,2299,0,Visa,Completed
ORD15071,2024-03-02,C0262,P038,ST003,1,2199,0,Apple Pay,Completed
ORD13925,2023-11-15,C0012,P022,ST002,1,1799,0, Mada  ,Completed
ORD13754,2023-11-18,C0441,P030,ST001,1,6499,0,Mastercard,Returned
ORD11921,2023-11-08,C0422,P047,ST001,1,119,0,Apple Pay,Completed
ORD17067,2023-05-15,C0147,P012,ST002,3,7299,0,Mastercard,Completed
ORD15297,2024-12-10,C0159,P020,ST003,2,1499,0,Mada,Completed
ORD10606,2024-05-07,C0369,P022,ST002,2,1799,0,Mada,Completed
ORD17113,2024-02-08,C0062,P008,ST004,1,8999,0,Mastercard,Completed
ORD14948,2023-05-26,C0450,P022,ST004,1,1799,0,Mada,Completed
ORD15755,2024-04-04,C0023,P006,ST002,1,3999,0,Visa,Completed
ORD15326,2024-06-16,C0087,P019,ST004,1,2299,0.05,Cash,Completed
ORD15675,2024-04-18,C0089,P044,ST004,1,1099,0,Mastercard,Completed
ORD14454,2024-02-29,C0451,P049,ST003,1,399,0.1,Visa,Completed
ORD17139,2024-12-28,C0280,P007,ST002,1,2999,0.2,Mada,Completed
ORD16938,2024-09-06,C0263,P009,ST002,1,4999,0,Mada,Completed
ORD16250,2023-06-27,C0175,P045,ST001,1,599,0,Visa,Returned
ORD17022,2024-12-06,C0217,P018,ST002,1,999,0.15,Cash,Completed
ORD11286,2024-04-21,C0361,P043,ST003,1,1899,0,Apple Pay,Completed
ORD15346,2023-12-15,C0096,P001,ST002,1,5999,0.1,Mada,Completed
ORD12874,2024-11-24,C0345,P032,ST003,4,2199,0,Cash,Completed
ORD16212,2024-01-09,C0441,P004,ST003,1,4599,0.15,Mada,Completed
ORD14147,2024-05-02,C0383,P042,ST003,1,11499,0.1,Mada,Completed
ORD12962,2024-05-04,C0497,P011,ST001,1,2799,0.05,Mada,Completed
ORD13511,2023-03-06,C0231,P034,ST002,1,3299,0.15,Cash,Completed
ORD10011,2024-04-18,C0221,P002,ST004,1,4299,0.05,Apple Pay,Completed
ORD12032,2024-06-25,C0475,P029,ST002,2,4999,0,Mastercard,Completed
ORD15822,2024-04-19,C0074,P042,ST001,1,11499,0,Mada,Completed
ORD11758,2023-09-16,C0304,P014,ST001,2,5499,0.05,Visa,Completed
ORD17170,2023-09-22,C0382,P049,ST001,1,399,0,Visa,Completed
ORD15488,2023-06-29,C0171,P016,ST001,1,3699,0,Visa,Completed
ORD11521,2024-04-08,C0265,P041,ST002,1,10999,0,Mada,Completed
ORD12441,2023-09-27,c0496,P003,ST001,1,3499,0.15,Apple Pay,Completed
ORD10605,2024-04-10,C0179,P048,ST001,1,89,0,Mada,Completed
ORD11459,2024-04-11,C0262,P050,ST001,2,599,0,Mastercard,Completed
ORD15070,2023-03-03,C0131,P026,ST001,1,6799,0,Mastercard,Completed
ORD12516,2024-07-23,C0475,P030,ST002,1,6499,0,Apple Pay,Completed
ORD12659,2023-08-17,C0489,P044,ST002,1,1099,0,Mastercard,Completed
ORD12245,2024-08-09,C0445,P011,ST001,1,2799,0.05,Cash,Completed
ORD12943,2024-04-13,C0400,P030,ST002,1,6499,0.05,Mada,Completed
ORD14464,17/11/2023,C0254,P006,ST003,1,3999,0,Mada,Completed
ORD16082,2023-11-18,C0155,P012,ST003,2,7299,0.1,Apple Pay,Completed
ORD11848,2023-02-11,C0202,P010,ST003,1,6999,0,Mada,Completed
ORD11983,2023-01-21,C0217,P032,ST003,1,2199,0.05,Cash,Completed
ORD15219,2024-02-22,C0134,P040,ST003,1,349,0,Apple Pay,Completed
ORD12464,2024-04-28,C0197,P050,ST002,1,599,0.05,Visa,Returned
ORD14186,2024-01-05,C0094,P046,ST002,2,1199,0,Apple Pay,Completed
ORD14534,2023-09-16,C0221,P027,ST002,1,3499,0,Mada,Returned
ORD14597,2023-01-13,C0487,P019,ST003,1,2299,0,Visa,Completed
ORD15169,2024-04-17,C0207,P012,ST002,1,7299,0,Cash,Completed
ORD10759,2024-06-30,C0181,P045,ST002,1,599,0.15,Visa,Completed
ORD15309,2024-03-03,C0255,P023,ST003,1,3699,0.15,Mastercard,Completed
ORD12523,2023-01-15,C0402,P021,ST001,3,849,0.15,Mastercard,Completed
ORD14992,2024-02-26,C0187,P002,ST003,1,4299,0.1,Bank Transfer,Completed
ORD14889,2024-03-01,C0122,P009,ST002,1,4999,0.15,Visa,Completed
ORD10104,2024-04-28,C0337,P015,ST003,4,2899,0,Visa,Completed
ORD13625,2024-04-18,C0454,P018,ST001,1,999,0,Cash,Completed
ORD12673,2024-10-24,C0020,P015,ST002,3,2899,0,Apple Pay,Completed
ORD16226,2024-02-25,C0029,P050,ST002,3,599,0,Bank Transfer,Completed
ORD15641,2023-03-27,C0327,P014,ST002,1,5499,0,Mada,Completed
ORD14151,2023-08-21,C0393,P015,ST001,1,2899,0,Visa,Completed
ORD12871,2023-02-10,C0405,P003,ST002,3,3499,0,Mastercard,Completed
ORD13744,2024-03-27,C0264,P022,ST002,1,1799,0,Cash,Completed
ORD12466,2024-10-16,C0190,P020,ST002,1,1499,0,Visa,Completed
ORD14401,2024-02-11,C0293,P031,ST003,1,2699,0,Mada,Completed
ORD12864,2024-01-17,C0496,P050,ST001,1,599,0,Visa,Completed
ORD14873,2023-08-17,C0381,P007,ST001,1,2999,0.2,Apple Pay,Completed
ORD14121,2024-03-09,C0175,P014,ST001,1,5499,0.1,Mastercard,Cancelled
ORD10841,2023-08-26,C0494,P042,ST003,1,11499,0.05,Bank Transfer,Completed
ORD15724,2024-03-02,C0125,P010,ST002,1,6999,0.1,Mastercard,Completed
ORD13804,29/01/2023,C0365,P027,ST001,1,3499,0,Visa,Completed
ORD15152,2024-03-16,C0269,P036,ST001,1,599,0,Mastercard,Completed
ORD16563,2024-04-24,C0058,P014,ST003,1,5499,0,Visa,Completed
ORD12579,2023-02-06,C0033,P004,ST002,1,4599,0,Visa,Completed
ORD15436,2024-09-18,C0444,P038,ST001,3,2199,0,Apple Pay,Completed
ORD16743,2024-04-26,C0487,P034,ST002,1,3299,0,Visa,Completed
ORD15859,2023-05-05,C0030,P003,ST001,2,3499,0,Visa,Completed
ORD12015,2023-02-23,C0230,P024,ST002,1,3999,0,Mada,Completed
ORD10023,2024-02-03,C0390,P001,ST001,3,5999,0, Mada  ,Completed
ORD14436,2024-03-15,C0491,P011,ST002,1,2799,0.1,Mada,Completed
ORD16448,2023-07-18,C0331,P050,ST004,1,599,0.05,Apple Pay,Completed
ORD17227,2023-01-05,C0066,P005,ST002,1,1599,0, Mada  ,Completed
ORD12078,2023-05-29,C0068,P019,ST003,2,2299,0.15,Mada,Completed
ORD15005,2024-01-14,C0216,P003,ST001,1,3499,0.05,Mada,Returned
ORD15832,2023-02-13,C0424,P020,ST001,1,1499,0.05,Visa,Completed
ORD12927,21/02/2024,C0099,P011,ST004,1,2799,0,Cash,Completed
ORD13806,2023-07-25,c0388,P032,ST002,1,2199,0.2,Bank Transfer,Completed
ORD11936,2024-05-04,C0089,P021,ST001,1,849,0.05,Visa,Completed
ORD14349,2023-07-04,C0130,P020,ST001,1,1499,0,Visa,Completed
ORD14459,2024-04-28,C0343,P022,ST001,2,1799,0, Visa  ,Completed
ORD16757,2023-10-13,C0217,P020,ST001,2,1499,0,Mada,Cancelled
ORD11527,2024-10-21,C0392,P016,ST002,1,3699,0,Mastercard,Completed
ORD14242,2023-11-07,C0220,P025,ST001,1,2299,0.05,Apple Pay,Completed
ORD10819,2023-07-05,C0147,P043,ST001,1,1899,0.05,Mada,Completed
ORD14110,2023-06-27,C0127,P026,ST001,1,6799,0.1,Mada,Completed
ORD10976,2023-04-22,C0274,P044,ST004,1,1099,0.2,Mastercard,Completed
ORD12421,2024-05-06,C0299,P043,ST002,1,1899,0,Visa,Completed
ORD14258,2024-03-21,C0478,P049,ST001,1,399,0,Apple Pay,Completed
ORD11562,2023-07-19,C0420,P007,ST003,1,2999,0.1,Cash,Completed
ORD13964,2024-05-18,C0016,P043,ST003,1,1899,0,Visa,Completed
ORD11546,2023-08-20,C0388,P022,ST002,2,1799,0,Mada,Cancelled
ORD17099,2024-01-19,C0466,P031,ST003,2,2699,0,Visa,Completed
ORD16932,2024-03-10,C0282,P046,ST002,1,1199,0,Apple Pay,Completed
ORD15873,2024-04-23,C0010,P023,ST001,1,3699,0,Visa,Completed
ORD15360,2023-11-22,C0409,P033,ST001,2,2699,0,Visa,Completed
ORD11399,2024-09-22,C0077,P006,ST001,1,3999,0,Apple Pay,Completed
ORD14717,2023-07-17,C0224,P044,ST001,1,1099,0,Mada,Completed
ORD11751,2024-04-15,C0218,P019,ST002,1,2299,0,Mada,Completed
ORD15862,2024-04-26,C0179,P004,ST003,3,4599,0.05,Apple Pay,Completed
ORD14111,2024-01-28,C0410,P023,ST001,1,3699,0,Mastercard,Completed
ORD10793,2023-02-23,C0052,P019,ST001,1,2299,0.15,Mada,Completed
ORD11018,2023-11-27,C0134,P026,ST001,2,6799,0,Mada,Completed
ORD15897,2023-09-19,C0404,P047,ST001,2,119,0,Mastercard,Completed
ORD10969,2023-11-23,C0487,P004,ST002,1,4599,0,Mada,Completed
ORD12107,2024-03-25,C0282,P009,ST002,1,4999,0%,Visa,Completed
ORD13727,2024-04-06,C0202,P026,ST004,1,6799,0,Mada,Completed
ORD14060,2023-01-06,C0436,P025,ST001,1,2299,0.1,Visa,Completed
ORD13474,2023-01-25,C0191,P041,ST001,1,10999,0.05,Apple Pay,Completed
ORD13370,2024-08-17,C0405,P028,ST001,2,4299,0,Mastercard,Completed
ORD15344,2023-02-25,C0163,P043,ST002,2,1899,0,Visa,Completed
ORD13777,2024-09-13,C0347,P040,ST003,1,349,0.05,Apple Pay,Completed
ORD13072,2024-03-15,C0453,P028,ST003,1,4299,0.1,Mada,Completed
ORD17120,2024-03-24,C0346,P038,ST002,1,2199,0,Mastercard,Completed
ORD12406,2024-08-03,C0391,P042,ST002,1,11499,0.05,Cash,Completed
ORD16930,2024-12-24,C0495,P045,ST002,1,599,0,Apple Pay,Completed
ORD13503,2024-02-29,C0412,P040,ST001,1,349,0,Mada,Completed
ORD12471,2024-03-04,C0109,P036,ST003,3,599,0,Mada,Completed
ORD11961,2024-04-03,C0343,P017,ST001,1,1899,0,Mada,Completed
ORD15392,2023-08-16,C0305,P006,ST002,1,3999,0,Mada,Returned
ORD10686,2023-05-20,C0337,P032,ST003,1,2199,0,Bank Transfer,Completed
ORD11211,2023-12-15,C0418,P025,ST002,1,2299,0.15,Cash,Completed
ORD16513,2023-04-24,C0451,P002,ST001,1,4299,0,Visa,Completed
ORD13235,2023-10-19,C0396,P048,ST001,1,89,0,Mada,Completed
ORD11725,2024-09-02,C0211,P026,ST003,1,6799,0,Mastercard,Returned
ORD14038,2023-03-03,C0327,P001,ST002,1,5999,0,Mada,Completed
ORD10431,2024-05-02,C0123,P041,ST001,1,10999,0,Mastercard,Completed
ORD12482,2024-12-20,C0345,P006,ST002,1,3999,0,Mastercard,Completed
ORD11605,2023-06-07,C0384,P034,ST001,1,3299,0,Mastercard,Completed
ORD15839,2023-09-21,C0281,P031,ST003,1,2699,0.05,Mada,Completed
ORD10127,2023-02-05,C0062,P037,ST004,1,2299,0.05,Visa,Completed
ORD15637,2024-03-12,C0459,P034,ST003,1,3299,0,Apple Pay,Completed
ORD12976,2023-07-07,C0114,P012,ST003,1,7299,0,Mada,Completed
ORD14123,2024-11-04,C0121,P041,ST002,1,10999,0,Mada,Cancelled
ORD12590,2024-03-11,C0104,P014,ST002,1,5499,0.1,Cash,Completed
ORD12666,2023-08-29,C0031,P005,ST002,1,1599,0,Mada,Completed
ORD13232,2023-11-03,C0031,P019,ST002,1,2299,0,Mada,Completed
ORD10235,2024-01-23,C0351,P013,ST001,1,4299,0.15,Mada,Completed
ORD15192,2023-05-08,C0173,P012,ST002,2,7299,0,Visa,Completed
ORD11682,2023-03-22,C0244,P016,ST001,2,3699,0.05, Mada  ,Completed
ORD16344,2023-11-29,C0264,P010,ST001,2,6999,0.1,Mada,Completed
ORD11316,2024-01-20,C0314,P042,ST002,1,11499,0,Mada,Completed
ORD16750,2023-02-28,C0426,P043,ST003,1,1899,0,Mastercard,Completed
ORD10380,2023-11-06,C0082,P027,ST002,1,3499,0,Visa,Returned
ORD12930,2024-02-13,C0201,P013,ST003,1,4299,0,Mada,Completed
ORD15058,2024-06-27,C0116,P039,ST001,1,1499,0.1,Mastercard,Completed
ORD13274,2024-08-24,C0373,P009,ST001,1,4999,0.05,Visa,Returned
ORD12653,2024-05-16,C0473,P038,ST003,1,2199,0.05,Mastercard,Completed
ORD11542,2023-01-31,C0306,P027,ST001,1,3499,0,Mada,Completed
ORD13960,2024-06-01,C0103,P009,ST002,1,4999,0,Bank Transfer,Completed
ORD15448,2024-09-11,C0431,P001,ST001,4,5999,0.2,Visa,Completed
ORD13167,2024-04-19,C0361,P044,ST002,2,1099,0.05,Mada,Completed
ORD13955,2024-04-26,C0375,P032,ST003,1,2199,0,Cash,Completed
ORD15447,2023-05-16,C0395,P047,ST002,2,119,0.1,Visa,Completed
ORD12832,2024-02-24,C0411,P040,ST002,3,349,0,Visa,Completed
ORD13949,2024-06-22,C0379,P033,ST003,1,2699,0.2,Mastercard,Completed
ORD15729,2023-09-19,C0013,P025,ST003,1,2299,0,Mada,Completed
ORD12106,2024-01-03,C0177,P020,ST001,1,1499,0.15,Mada,Cancelled
ORD12340,14/07/2024,C0125,P030,ST002,1,6499,0,Mastercard,Cancelled
ORD12728,2024-03-04,C0362,P015,ST002,1,2899,0.2,Mada,Completed
ORD12559,2024-01-10,C0211,P049,ST001,1,399,0,Visa,Completed
ORD12813,2024-10-22,C0131,P022,ST001,1,1799,0.05,Mastercard,Completed
ORD11947,2023-02-21,C0423,P005,ST003,1,1599,0,Mastercard,Completed
ORD16100,2024-12-02,C0234,P030,ST003,1,6499,0,Mada,Completed
ORD16887,2024-07-28,C0155,P004,ST002,3,4599,0.1,Mada,Completed
ORD16014,2023-09-24,C0498,P001,ST003,1,5999,0.2,Mada,Completed
ORD13210,2023-10-03,C0275,P048,ST001,1,89,0,Mada,Completed
ORD11994,2023-12-18,C0195,P035,ST003,2,849,0,Mastercard,Completed
ORD13766,2024-03-26,C0129,P017,ST003,1,1899,0,Mada,Completed
ORD15068,2024-04-14,C0394,P005,ST002,1,1599,0,Mastercard,Completed
ORD14442,2023-03-09,C0487,P018,ST003,1,999,0,Visa,Completed
ORD13533,2023-07-10,C0066,P045,ST003,1,599,0.1,Visa,Completed
ORD13499,2024-01-05,C0356,P019,ST001,2,2299,0.15,Mada,Completed
ORD16621,2023-02-17,C0414,P032,ST002,1,2199,0,Cash,Completed
ORD10570,2023-04-30,C0011,P045,ST001,1,599,0,Mastercard,Completed
ORD16291,2024-04-03,C0429,P007,ST002,1,2999,0,Visa,Completed
ORD11629,2023-04-29,C0247,P005,ST003,1,1599,0,Mada,Completed
ORD14529,2024-03-13,C0135,P022,ST001,1,1799,0,Cash,Completed
ORD16959,2023-06-03,C0354,P015,ST003,1,2899,0.15, Cash  ,Completed
ORD13440,2024-10-23,C0240,P013,ST002,1,4299,0.1,Mada,Completed
ORD10859,21/02/2024,C0325,P029,ST003,3,4999,0.1,Bank Transfer,Completed
ORD13686,2024-09-17,C0141,P027,ST003,2,3499,0,Mada,Completed
ORD15695,2023-01-09,C0346,P038,ST003,1,2199,0.05,Apple Pay,Completed
ORD10386,2023-11-21,C0223,P044,ST003,1,1099,0.15,Apple Pay,Completed
ORD14477,2023-12-22,C0028,P048,ST002,1,89,0.1,Visa,Completed
ORD13064,2023-11-21,C0272,P009,ST001,1,4999,0,Apple Pay,Completed
ORD12873,2024-04-19,C0473,P016,ST003,1,3699,0.1,Visa,Completed
ORD11601,2024-04-07,C0226,P049,ST002,3,399,0.05,Apple Pay,Completed
ORD16361,2024-11-21,C0095,P039,ST001,1,1499,0%,Cash,Returned
ORD15135,2023-02-28,C0039,P016,ST002,1,3699,0.05,Mada,Completed
ORD10342,2023-10-26,C0217,P050,ST003,2,599,0,Apple Pay,Completed
ORD12350,2024-03-29,C0492,P039,ST002,1,1499,0,Mada,Completed
ORD11836,2024-03-18,C0430,P019,ST001,1,2299,0.05,Mada,Returned
ORD16748,2023-08-25,C0006,P020,ST003,1,1499,0.1,Mada,Completed
ORD15379,2023-06-21,C0308,P035,ST002,3,849,0,Mada,Returned
ORD13742,2023-07-05,C0371,P002,ST002,1,4299,0,Apple Pay,Completed
ORD14760,2023-12-12,C0430,P034,ST002,1,3299,0.1,Mada,Completed
ORD16524,2024-11-03,C0479,P031,ST003,1,2699,0.15,Visa,Completed
ORD12427,2023-03-26,C0059,P048,ST002,3,89,0.15,Visa,Completed
ORD16587,2023-05-06,C0411,P017,ST001,2,1899,0.1,Bank Transfer,Completed
ORD15883,2023-03-28,C0045,P012,ST003,1,7299,0,Bank Transfer,Completed
ORD14573,2024-04-26,C0161,P007,ST004,1,2999,0.05,Apple Pay,Completed
ORD12881,2023-01-26,C0213,P022,ST004,1,1799,0.2,Cash,Completed
ORD14198,2024-07-06,C0385,P020,ST002,2,1499,0.15,Mastercard,Completed
ORD15010,2023-01-16,C0039,P042,ST002,1,11499,0,Mastercard,Completed
ORD10782,2024-11-03,C0416,P024,ST002,1,3999,0,Bank Transfer,Completed
ORD13230,2024-04-05,C0397,P004,ST003,3,4599,0.1,Bank Transfer,Completed
ORD10056,2024-03-08,C0347,P021,ST001,2,849,0.1,Mada,Completed
ORD14592,2024-03-13,C0237,P022,ST003,1,1799,0.05,Apple Pay,Completed
ORD11017,2024-09-07,C0436,P019,ST001,1,2299,0,Mada,Completed
ORD10005,2023-02-16,C0300,P010,ST001,1,6999,0,Visa,Completed
ORD11856,2023-07-11,C0134,P024,ST003,1,3999,0,Apple Pay,Completed
ORD11044,2023-07-02,C0170,P034,ST001,1,3299,0.1,Apple Pay,Completed
ORD13906,2023-09-16,C0080,P047,ST003,1,119,0.15,Mada,Completed
ORD17163,2023-02-05,C0260,P043,ST004,1,1899,0.15,Mada,Completed
ORD15930,2023-07-03,C0045,P042,ST001,1,11499,20%,Mada,Completed
ORD11503,2023-02-16,C0032,P014,ST001,1,5499,0,Mada,Completed
ORD16376,2024-07-29,C0150,P045,ST003,1,599,0, Mastercard  ,Completed
ORD14403,2024-07-05,C0356,P028,ST001,2,4299,0,Cash,Returned
ORD15492,20/05/2023,C0364,P032,ST004,1,2199,0,Mada,Completed
ORD15721,2023-02-14,C0114,P004,ST001,2,4599,0.1,Cash,Completed
ORD15808,2024-11-15,C0500,P010,ST002,1,6999,0,Mada,Completed
ORD15920,2024-09-23,C0396,P010,ST002,1,6999,0.1,Visa,Completed
ORD13641,2023-02-10,C0280,P044,ST001,1,1099,0.05,Visa,Completed
ORD10966,2023-07-04,C0150,P039,ST001,1,1499,0,Visa,Completed
ORD10351,2024-04-02,C0153,P003,ST001,1,3499,0.1,Mada,Completed
ORD15493,2024-04-07,C0163,P034,ST002,1,3299,0.1,Cash,Completed
ORD14537,2024-03-05,C0326,P027,ST003,2,3499,0.1,Mastercard,Completed
ORD10306,2024-03-16,C0393,P016,ST001,1,3699,0,Cash,Completed
ORD14614,2024-09-11,C0048,P010,ST002,1,6999,0,Cash,Cancelled
ORD11633,2024-12-21,C0089,P005,ST001,1,1599,0.1,Apple Pay,Completed
ORD17148,2023-05-11,c0218,P015,ST001,1,2899,0,Mada,Completed
ORD11047,2024-03-11,C0202,P033,ST001,2,2699,0,Visa,Completed
ORD11632,2024-10-14,C0188,P027,ST001,1,3499,0,Bank Transfer,Completed
ORD11284,2024-11-13,C0055,P002,ST003,2,4299,0.1,Mada,Completed
ORD16267,2024-09-25,C0100,P042,ST003,1,11499,0.15,Apple Pay,Completed
ORD17125,2023-11-19,C0084,P041,ST001,,10999,0,Mada,Completed
ORD11429,2023-02-28,C0171,P010,ST003,1,6999,0.2,Mada,Completed
ORD13453,2024-04-26,C0496,P031,ST003,1,2699,0,Mada,Completed
ORD12706,2024-03-15,C0028,P050,ST003,4,599,0,Visa,Completed
ORD14782,2024-05-06,C0333,P039,ST001,1,1499,0,Visa,Completed
ORD14998,2023-03-05,C0151,P045,ST003,1,599,0.1,Mada,Completed
ORD15199,2023-06-01,C0411,P003,ST002,1,3499,0.1,Mastercard,Completed
ORD14381,2023-10-29,C0326,P021,ST001,1,849,0.15,Mada,Completed
ORD11934,2023-08-09,C0240,P002,ST001,1,4299,0,Cash,Completed
ORD13715,2023-12-18,C0058,P024,ST002,3,3999,0,Visa,Returned
ORD14461,2024-07-30,C0228,P010,ST001,2,6999,0.15,Mastercard,Returned
ORD15901,2024-02-11,C0477,P029,ST002,1,4999,0.1,Bank Transfer,Cancelled
ORD13780,2023-10-05,C0209,P003,ST001,1,3499,0,Cash,Completed
ORD12311,2023-02-13,C0306,P036,ST004,1,599,0.15,Bank Transfer,Completed
ORD14835,2024-08-05,C0197,P032,ST001,1,2199,0.1,Cash,Completed
ORD13798,2023-06-14,C0081,P027,ST002,1,3499,0,Bank Transfer,Completed
ORD15792,2023-09-12,C0022,P005,ST001,4,1599,0.15,Mastercard,Completed
ORD10601,2024-05-25,C0499,P045,ST004,3,599,0,Mada,Completed
ORD17158,2023-05-04,C0285,P027,ST001,1,3499,0,Bank Transfer,Completed
ORD13269,2024-03-13,C0364,P002,ST003,2,4299,0,Visa,Completed
ORD14900,2023-08-15,C0455,P042,ST003,,11499,0.05,Mastercard,Completed
ORD15595,2023-03-13,C0352,P032,ST001,1,2199,0.15,Mada,Returned
ORD13098,2024-03-23,C0069,P011,ST001,1,2799,0.05,Bank Transfer,Completed
ORD11234,2024-05-24,C0476,P040,ST001,3,349,0.15,Apple Pay,Completed
ORD13054,2024-07-24,C0206,P024,ST004,2,3999,0,Mastercard,Completed
ORD10533,2024-07-14,C0095,P002,ST002,2,4299,0.05,Cash,Completed
ORD10416,2023-06-02,C0359,P003,ST001,1,3499,0,Visa,Completed
ORD14000,2024-12-01,C0450,P049,ST001,1,399,0,Mada,Completed
ORD16676,2023-12-13,C0004,P032,ST001,2,2199,0.15,Mada,Completed
ORD13271,2023-08-26,C0450,P018,ST001,2,999,0,Mada,Completed
ORD16848,2024-03-20,C0263,P001,ST003,2,5999,0,Visa,Completed
ORD14469,2024-01-07,C0114,P048,ST004,1,89,0,Bank Transfer,Completed
ORD14200,2024-05-13,C0302,P017,ST003,1,1899,0,Visa,Completed
ORD14745,2024-03-14,C0243,P038,ST002,1,2199,0,Mastercard,Completed
ORD17072,2023-07-02,C0465,P003,ST002,1,3499,0.1,Mastercard,Completed
ORD11083,2023-04-14,C0260,P001,ST002,1,5999,0,Visa,Completed
ORD17221,2023-02-14,C0308,P018,ST002,1,999,0.05,Visa,Completed
ORD12020,2023-02-08,C0181,P012,ST002,2,7299,0,Visa,Completed
ORD13719,2023-06-13,C0357,P024,ST002,1,3999,0.1,Mada,Completed
ORD11229,2024-04-04,C0157,P034,ST001,1,3299,0,Apple Pay,Completed
ORD13670,2024-05-18,C0488,P018,ST001,1,999,0.1,Mada,Completed
ORD10764,2024-03-05,C0127,P028,ST001,1,4299,0.15,Mada,Completed
ORD11620,2024-09-27,C0146,P045,ST003,2,599,0.1,Cash,Returned
ORD15545,2023-10-11,C0101,P033,ST001,4,2699,0,Bank Transfer,Completed
ORD12067,2023-10-11,C0078,P038,ST002,1,2199,0,Bank Transfer,Completed
ORD10772,2023-08-23,C0047,P020,ST003,1,1499,0,Mada,Completed
ORD16038,2024-01-01,C0493,P021,ST003,1,849,0,Mada,Completed
ORD10904,2024-03-09,C0449,P037,ST001,1,2299,0,Mada,Completed
ORD16812,2023-10-29,C0445,P029,ST002,3,4999,0.1,Mada,Completed
ORD11260,2024-09-19,C0079,P041,ST004,1,10999,0.15,Apple Pay,Completed
ORD11453,2023-10-08,C0376,P027,ST003,1,3499,0.1,Mastercard,Completed
ORD16997,2024-06-28,C0280,P019,ST002,1,2299,0,Mada,Completed
ORD15900,2023-11-14,C0280,P007,ST002,1,2999,0.05,Mada,Completed
ORD11435,2023-06-24,C0316,P032,ST003,1,2199,0,Mada,Completed
ORD14223,2024-03-30,C0374,P011,ST002,3,2799,0.1,Cash,Returned
ORD13772,2024-06-30,C0063,P044,ST001,1,1099,0,Cash,Completed
ORD12700,2023-09-26,C0290,P025,ST003,1,2299,0,Visa,Completed
ORD10779,2024-08-05,C0479,P042,ST004,1,11499,0.1,Mastercard,Completed
ORD11139,2024-04-20,C0393,P044,ST001,1,1099,0%,Mada,Completed
ORD12836,2024-01-31,C0062,P011,ST004,1,2799,0,Mastercard,Completed
ORD10845,2023-10-14,C0133,P005,ST002,1,1599,0.1,Bank Transfer,Returned
ORD12933,2024-06-16,C0074,P024,ST001,1,3999,0,Mada,Completed
ORD14884,2024-03-05,C0251,P005,ST002,1,1599,0,Apple Pay,Completed
ORD10682,2024-11-05,C0141,P003,ST002,1,3499,0.1,Visa,Completed
ORD14710,2024-03-10,C0093,P030,ST002,1,6499,0,Mada,Completed
ORD10347,2023-06-03,C0159,P050,ST001,1,599,0,Bank Transfer,Completed
ORD17213,2024-04-01,C0266,P046,ST003,1,1199,0,Mastercard,Completed
ORD15483,2023-06-23,C0075,P008,ST002,1,8999,0.1,Mada,Completed
ORD13359,2023-02-07,C0416,P037,ST001,1,2299,0.1, Apple Pay  ,Completed
ORD17202,2024-04-26,C0070,P012,ST002,1,7299,0,Mastercard,Completed
ORD10453,2024-05-28,C0461,P046,ST001,1,1199,10%,Mastercard,Completed
ORD14591,2024-04-15,C0139,P006,ST003,1,3999,0,Bank Transfer,Completed
ORD13373,2023-12-19,C0217,P049,ST001,1,399,0,Mada,Completed
ORD13428,2024-02-24,C0205,P022,ST003,1,1799,0,Visa,Completed
ORD11879,2023-06-01,C0316,P050,ST002,2,599,0,Visa,Completed
ORD11142,2024-04-05,C0207,P049,ST002,1,399,0.1,Visa,Completed
ORD16636,2024-02-19,C0398,P032,ST001,1,2199,0.15,Mastercard,Completed
ORD10315,2024-09-01,C0068,P028,ST001,1,4299,0,Visa,Completed
ORD10868,2023-10-18,C0213,P020,ST003,2,1499,10%,Mada,Completed
ORD13645,2024-02-17,C0498,P028,ST001,1,4299,0,Mada,Completed
ORD15075,2023-12-31,c0115,P028,ST002,3,4299,0,Visa,Completed
ORD10137,2024-03-06,C0234,P013,ST001,2,4299,0,Visa,Completed
ORD16408,2024-04-11,C0403,P015,ST001,4,2899,0,Cash,Completed
ORD17199,2024-06-07,C0350,P021,ST001,2,849,0,Visa,Completed
ORD15439,2024-09-01,C0376,P021,ST001,1,849,0.1,Visa,Completed
ORD10213,2023-11-09,C0331,P047,ST003,1,119,0,Mada,Completed
ORD13917,2024-04-02,C0347,P013,ST004,4,4299,0.05,Visa,Completed
ORD16216,2024-04-27,C0161,P004,ST001,1,4599,0,Mada,Completed
ORD16758,2023-12-28,C0354,P044,ST001,1,1099,0.2,Mada,Completed
ORD14623,2024-06-02,C0043,P024,ST001,1,3999,0,Apple Pay,Completed
ORD12851,2024-09-13,C0002,P033,ST002,1,2699,0.05,Mastercard,Completed
ORD13122,2024-09-17,C0028,P041,ST004,1,10999,0,Mastercard,Completed
ORD10229,2024-03-15,C0077,P005,ST001,1,1599,0,Visa,Completed
ORD13133,2023-09-29,C0201,P037,ST003,1,2299,0,Mada,Completed
ORD12902,2023-05-22,C0090,P011,ST001,1,2799,0,Mastercard,Completed
ORD10807,2023-04-19,C0310,P042,ST003,1,11499,0.05,Apple Pay,Completed
ORD12191,2024-02-19,C0320,P036,ST003,1,599,0.1,Cash,Completed
ORD17169,2024-06-17,C0225,P030,ST001,1,6499,0,Visa,Completed
ORD15815,2024-06-28,C0068,P050,ST003,1,599,0,Apple Pay,Completed
ORD16285,2024-05-13,C0420,P028,ST001,1,4299,0.2,Cash,Completed
ORD12248,2024-02-16,C0032,P027,ST002,1,3499,0,Visa,Completed
ORD13211,2024-10-15,C0176,P041,ST003,1,10999,0,Mada,Completed
ORD14772,2024-03-02,C0443,P014,ST002,3,5499,0,Mada,Completed
ORD12458,2023-04-08,C0389,P049,ST003,1,399,0,Visa,Completed
ORD17201,2024-04-23,C0149,P047,ST001,1,119,0,Mada,Completed
ORD16555,2024-04-24,C0474,P030,ST004,2,6499,0,Mada,Completed
ORD12799,2023-04-16,C0391,P037,ST003,1,2299,0.1, Apple Pay  ,Completed
ORD10634,2023-11-27,C0254,P018,ST004,1,999,0,Cash,Completed
ORD13107,2024-04-04,C0170,P015,ST003,1,2899,0,Bank Transfer,Completed
ORD11777,2024-07-26,C0438,P001,ST001,1,5999,0, Apple Pay  ,Completed
ORD16282,2023-10-08,C0052,P030,ST003,1,6499,0,Mada,Completed
ORD12008,2024-03-11,C0407,P041,ST001,1,10999,0,Visa,Completed
ORD11701,2024-04-03,C0457,P043,ST003,1,1899,0,Apple Pay,Completed
ORD12280,2024-07-15,C0205,P036,ST001,1,599,0.1,Visa,Completed
ORD13145,2024-12-03,C0380,P048,ST001,1,89,0.1,Mastercard,Completed
ORD15501,2024-05-15,C0316,P012,ST002,2,7299,0,Visa,Completed
ORD14382,2024-01-14,C0005,P027,ST003,1,3499,0.2,Mada,Completed
ORD16281,2024-10-20,C0351,P012,ST002,3,7299,0,Mastercard,Completed
ORD15061,2024-10-14,C0311,P018,ST001,2,999,0,Mastercard,Completed
ORD12663,2023-05-24,C0370,P031,ST003,1,2699,0,Cash,Completed
ORD15954,2024-08-15,C0387,P020,ST001,2,1499,0.05,Cash,Completed
ORD12168,2023-01-10,C0378,P048,ST003,1,89,0,Mastercard,Completed
ORD12334,2024-03-22,C0162,P006,ST003,1,3999,0.1,Mada,Completed
ORD10337,2024-02-23,C0344,P018,ST001,3,999,0,Cash,Returned
ORD10506,2024-01-11,C0195,P002,ST003,2,4299,0.05,Mada,Completed
ORD16482,2023-09-10,C0008,P038,ST002,2,2199,0%,Mastercard,Completed
ORD11330,2024-02-02,C0252,P026,ST002,1,6799,0,Mastercard,Completed
ORD12783,2024-04-17,C0197,P043,ST002,1,1899,0.1,Mada,Completed
ORD14805,2024-02-26,C0447,P017,ST001,1,1899,0,Apple Pay,Completed
ORD10119,2023-04-06,C0335,P031,ST004,1,2699,0,Apple Pay,Completed
ORD14356,2024-06-21,C0109,P046,ST003,1,1199,0,Cash,Completed
